      0: system.cpu: T0 : 0x80000000 @_start    : addi.rb                    : No_OpClass : 
   1000: system.cpu: T0 : 0x80000004 @_start+4    : rela                       : No_OpClass : 
   2000: system.cpu: T0 : 0x80000008 @_start+8    : addi.rb                    : No_OpClass : 
   3000: system.cpu: T0 : 0x8000000c @_start+12    : rela                       : No_OpClass : 
   4000: system.cpu: T0 : 0x80000010 @_start+16    : addi.rb                    : No_OpClass : 
   5000: system.cpu: T0 : 0x80000014 @_start+20    : addi                       : No_OpClass : 
   7000: system.cpu: T0 : 0x80000018 @_start+24    : st                         : MemWrite :  A=0x7fffffffdf60
   8000: system.cpu: T0 : 0x8000001c @_start+28    : st                         : MemWrite :  A=0x7fffffffdf68
   9000: system.cpu: T0 : 0x80000020 @_start+32    : addi                       : No_OpClass : 
  10000: system.cpu: T0 : 0x80000024 @_start+36    : st                         : MemWrite :  A=0x7fffffffdf70
  11000: system.cpu: T0 : 0x80000028 @_start+40    : st                         : MemWrite :  A=0x7fffffffdf78
  12000: system.cpu: T0 : 0x8000002c @_start+44    : addi                       : No_OpClass : 
  13000: system.cpu: T0 : 0x80000030 @_start+48    : st                         : MemWrite :  A=0x7fffffffdf80
  14000: system.cpu: T0 : 0x80000034 @_start+52    : addi                       : No_OpClass : 
  15000: system.cpu: T0 : 0x80000038 @_start+56    : st                         : MemWrite :  A=0x7fffffffdf88
  16000: system.cpu: T0 : 0x8000003c @_start+60    : addi                       : No_OpClass : 
  17000: system.cpu: T0 : 0x80000040 @_start+64    : st                         : MemWrite :  A=0x7fffffffdf90
  18000: system.cpu: T0 : 0x80000044 @_start+68    : addi                       : No_OpClass : 
  19000: system.cpu: T0 : 0x80000048 @_start+72    : st                         : MemWrite :  A=0x7fffffffdf98
  20000: system.cpu: T0 : 0x8000004c @_start+76    : addi                       : No_OpClass : 
  21000: system.cpu: T0 : 0x80000050 @_start+80    : st                         : MemWrite :  A=0x7fffffffdfa0
  22000: system.cpu: T0 : 0x80000054 @_start+84    : addi                       : No_OpClass : 
  23000: system.cpu: T0 : 0x80000058 @_start+88    : st                         : MemWrite :  A=0x7fffffffdfa8
  24000: system.cpu: T0 : 0x8000005c @_start+92    : addi                       : No_OpClass : 
  25000: system.cpu: T0 : 0x80000060 @_start+96    : st                         : MemWrite :  A=0x7fffffffdfb0
  26000: system.cpu: T0 : 0x80000064 @_start+100    : addi                       : No_OpClass : 
  27000: system.cpu: T0 : 0x80000068 @_start+104    : st                         : MemWrite :  A=0x7fffffffdfb8
  28000: system.cpu: T0 : 0x8000006c @_start+108    : addi                       : No_OpClass : 
  29000: system.cpu: T0 : 0x80000070 @_start+112    : st                         : MemWrite :  A=0x7fffffffdfc0
  30000: system.cpu: T0 : 0x80000074 @_start+116    : addi                       : No_OpClass : 
  31000: system.cpu: T0 : 0x80000078 @_start+120    : st                         : MemWrite :  A=0x7fffffffdfc8
  32000: system.cpu: T0 : 0x8000007c @_start+124    : addi                       : No_OpClass : 
  33000: system.cpu: T0 : 0x80000080 @_start+128    : st                         : MemWrite :  A=0x7fffffffdfd0
  34000: system.cpu: T0 : 0x80000084 @_start+132    : addi                       : No_OpClass : 
  35000: system.cpu: T0 : 0x80000088 @_start+136    : st                         : MemWrite :  A=0x7fffffffdfd8
  36000: system.cpu: T0 : 0x8000008c @_start+140    : addi                       : No_OpClass : 
  37000: system.cpu: T0 : 0x80000090 @_start+144    : st                         : MemWrite :  A=0x7fffffffdfe0
  38000: system.cpu: T0 : 0x80000094 @_start+148    : st                         : MemWrite :  A=0x7fffffffdfe8
  39000: system.cpu: T0 : 0x80000098 @_start+152    : addi                       : No_OpClass : 
  40000: system.cpu: T0 : 0x8000009c @_start+156    : st                         : MemWrite :  A=0x7fffffffdff0
  41000: system.cpu: T0 : 0x800000a0 @_start+160    : st                         : MemWrite :  A=0x7fffffffdff8
  42000: system.cpu: T0 : 0x800000a4 @_start+164    : blockcopy                  : No_OpClass : 
  43000: system.cpu: T0 : 0x800000a8 @_start+168    : call                       : No_OpClass : 
  44000: system.cpu: T0 : 0x800000d0 @_start_c    : addi                       : No_OpClass : 
  45000: system.cpu: T0 : 0x800000d4 @_start_c+4    : blockcopy                  : No_OpClass : 
  46000: system.cpu: T0 : 0x800000d8 @_start_c+8    : add                        : No_OpClass : 
  47000: system.cpu: T0 : 0x800000dc @_start_c+12    : rela                       : No_OpClass : 
  48000: system.cpu: T0 : 0x800000e0 @_start_c+16    : addi.rb                    : No_OpClass : 
  49000: system.cpu: T0 : 0x800000e4 @_start_c+20    : ld                         : MemRead :  A=0x7fffffffdf60
  50000: system.cpu: T0 : 0x800000e8 @_start_c+24    : rela                       : No_OpClass : 
  51000: system.cpu: T0 : 0x800000ec @_start_c+28    : addi.rb                    : No_OpClass : 
  52000: system.cpu: T0 : 0x800000f0 @_start_c+32    : rela                       : No_OpClass : 
  53000: system.cpu: T0 : 0x800000f4 @_start_c+36    : addi.rb                    : No_OpClass : 
  54000: system.cpu: T0 : 0x800000f8 @_start_c+40    : addi                       : No_OpClass : 
  55000: system.cpu: T0 : 0x800000fc @_start_c+44    : addi.rb                    : No_OpClass : 
  56000: system.cpu: T0 : 0x80000100 @_start_c+48    : blockcopy                  : No_OpClass : 
  57000: system.cpu: T0 : 0x80000104 @_start_c+52    : blockcopy                  : No_OpClass : 
  58000: system.cpu: T0 : 0x80000108 @_start_c+56    : call                       : No_OpClass : 
  59000: system.cpu: T0 : 0x800006e0 @__libc_start_main    : addi.rb                    : No_OpClass : 
  60000: system.cpu: T0 : 0x800006e4 @__libc_start_main+4    : st                         : MemWrite :  A=0x7fffffffdf58
  61000: system.cpu: T0 : 0x800006e8 @__libc_start_main+8    : addi                       : No_OpClass : 
  62000: system.cpu: T0 : 0x800006ec @__libc_start_main+12    : st                         : MemWrite :  A=0x7fffffffdf48
  63000: system.cpu: T0 : 0x800006f0 @__libc_start_main+16    : exts                       : No_OpClass : 
  64000: system.cpu: T0 : 0x800006f4 @__libc_start_main+20    : addi                       : No_OpClass : 
  65000: system.cpu: T0 : 0x800006f8 @__libc_start_main+24    : shlu                       : No_OpClass : 
  66000: system.cpu: T0 : 0x800006fc @__libc_start_main+28    : st                         : MemWrite :  A=0x7fffffffdf40
  67000: system.cpu: T0 : 0x80000700 @__libc_start_main+32    : blockcopy                  : No_OpClass : 
  68000: system.cpu: T0 : 0x80000704 @__libc_start_main+36    : add                        : No_OpClass : 
  69000: system.cpu: T0 : 0x80000708 @__libc_start_main+40    : addi                       : No_OpClass : 
  70000: system.cpu: T0 : 0x8000070c @__libc_start_main+44    : add                        : No_OpClass : 
  71000: system.cpu: T0 : 0x80000710 @__libc_start_main+48    : ld                         : MemRead :  A=0x7fffffffdf68
  72000: system.cpu: T0 : 0x80000714 @__libc_start_main+52    : blockcopy                  : No_OpClass : 
  73000: system.cpu: T0 : 0x80000718 @__libc_start_main+56    : blockcopy                  : No_OpClass : 
  74000: system.cpu: T0 : 0x8000071c @__libc_start_main+60    : call                       : No_OpClass : 
  75000: system.cpu: T0 : 0x80000288 @__init_libc    : addi.rb                    : No_OpClass : 
  76000: system.cpu: T0 : 0x8000028c @__init_libc+4    : addi                       : No_OpClass : 
  77000: system.cpu: T0 : 0x80000290 @__init_libc+8    : addi.rb                    : No_OpClass : 
  78000: system.cpu: T0 : 0x80000294 @__init_libc+12    : blockcopy                  : No_OpClass : 
  79000: system.cpu: T0 : 0x80000298 @__init_libc+16    : add                        : No_OpClass : 
  80000: system.cpu: T0 : 0x8000029c @__init_libc+20    : addi                       : No_OpClass : 
  81000: system.cpu: T0 : 0x800002a0 @__init_libc+24    : blockcopy                  : No_OpClass : 
  82000: system.cpu: T0 : 0x800002a4 @__init_libc+28    : st                         : MemWrite :  A=0x7fffffffde10
  83000: system.cpu: T0 : 0x800002a8 @__init_libc+32    : addi                       : No_OpClass : 
  84000: system.cpu: T0 : 0x800002ac @__init_libc+36    : add                        : No_OpClass : 
  85000: system.cpu: T0 : 0x800002b0 @__init_libc+40    : addi                       : No_OpClass : 
  86000: system.cpu: T0 : 0x800002b4 @__init_libc+44    : cmpu                       : No_OpClass : 
  87000: system.cpu: T0 : 0x800002b8 @__init_libc+48    : brn                        : No_OpClass : 
  88000: system.cpu: T0 : 0x80000290 @__init_libc+8    : addi.rb                    : No_OpClass : 
  89000: system.cpu: T0 : 0x80000294 @__init_libc+12    : blockcopy                  : No_OpClass : 
  90000: system.cpu: T0 : 0x80000298 @__init_libc+16    : add                        : No_OpClass : 
  91000: system.cpu: T0 : 0x8000029c @__init_libc+20    : addi                       : No_OpClass : 
  92000: system.cpu: T0 : 0x800002a0 @__init_libc+24    : blockcopy                  : No_OpClass : 
  93000: system.cpu: T0 : 0x800002a4 @__init_libc+28    : st                         : MemWrite :  A=0x7fffffffde11
  94000: system.cpu: T0 : 0x800002a8 @__init_libc+32    : addi                       : No_OpClass : 
  95000: system.cpu: T0 : 0x800002ac @__init_libc+36    : add                        : No_OpClass : 
  96000: system.cpu: T0 : 0x800002b0 @__init_libc+40    : addi                       : No_OpClass : 
  97000: system.cpu: T0 : 0x800002b4 @__init_libc+44    : cmpu                       : No_OpClass : 
  98000: system.cpu: T0 : 0x800002b8 @__init_libc+48    : brn                        : No_OpClass : 
  99000: system.cpu: T0 : 0x80000290 @__init_libc+8    : addi.rb                    : No_OpClass : 
 100000: system.cpu: T0 : 0x80000294 @__init_libc+12    : blockcopy                  : No_OpClass : 
 101000: system.cpu: T0 : 0x80000298 @__init_libc+16    : add                        : No_OpClass : 
 102000: system.cpu: T0 : 0x8000029c @__init_libc+20    : addi                       : No_OpClass : 
 103000: system.cpu: T0 : 0x800002a0 @__init_libc+24    : blockcopy                  : No_OpClass : 
 104000: system.cpu: T0 : 0x800002a4 @__init_libc+28    : st                         : MemWrite :  A=0x7fffffffde12
 105000: system.cpu: T0 : 0x800002a8 @__init_libc+32    : addi                       : No_OpClass : 
 106000: system.cpu: T0 : 0x800002ac @__init_libc+36    : add                        : No_OpClass : 
 107000: system.cpu: T0 : 0x800002b0 @__init_libc+40    : addi                       : No_OpClass : 
 108000: system.cpu: T0 : 0x800002b4 @__init_libc+44    : cmpu                       : No_OpClass : 
 109000: system.cpu: T0 : 0x800002b8 @__init_libc+48    : brn                        : No_OpClass : 
 110000: system.cpu: T0 : 0x80000290 @__init_libc+8    : addi.rb                    : No_OpClass : 
 111000: system.cpu: T0 : 0x80000294 @__init_libc+12    : blockcopy                  : No_OpClass : 
 112000: system.cpu: T0 : 0x80000298 @__init_libc+16    : add                        : No_OpClass : 
 113000: system.cpu: T0 : 0x8000029c @__init_libc+20    : addi                       : No_OpClass : 
 114000: system.cpu: T0 : 0x800002a0 @__init_libc+24    : blockcopy                  : No_OpClass : 
 115000: system.cpu: T0 : 0x800002a4 @__init_libc+28    : st                         : MemWrite :  A=0x7fffffffde13
 116000: system.cpu: T0 : 0x800002a8 @__init_libc+32    : addi                       : No_OpClass : 
 117000: system.cpu: T0 : 0x800002ac @__init_libc+36    : add                        : No_OpClass : 
 118000: system.cpu: T0 : 0x800002b0 @__init_libc+40    : addi                       : No_OpClass : 
 119000: system.cpu: T0 : 0x800002b4 @__init_libc+44    : cmpu                       : No_OpClass : 
 120000: system.cpu: T0 : 0x800002b8 @__init_libc+48    : brn                        : No_OpClass : 
 121000: system.cpu: T0 : 0x80000290 @__init_libc+8    : addi.rb                    : No_OpClass : 
 122000: system.cpu: T0 : 0x80000294 @__init_libc+12    : blockcopy                  : No_OpClass : 
 123000: system.cpu: T0 : 0x80000298 @__init_libc+16    : add                        : No_OpClass : 
 124000: system.cpu: T0 : 0x8000029c @__init_libc+20    : addi                       : No_OpClass : 
 125000: system.cpu: T0 : 0x800002a0 @__init_libc+24    : blockcopy                  : No_OpClass : 
 126000: system.cpu: T0 : 0x800002a4 @__init_libc+28    : st                         : MemWrite :  A=0x7fffffffde14
 127000: system.cpu: T0 : 0x800002a8 @__init_libc+32    : addi                       : No_OpClass : 
 128000: system.cpu: T0 : 0x800002ac @__init_libc+36    : add                        : No_OpClass : 
 129000: system.cpu: T0 : 0x800002b0 @__init_libc+40    : addi                       : No_OpClass : 
 130000: system.cpu: T0 : 0x800002b4 @__init_libc+44    : cmpu                       : No_OpClass : 
 131000: system.cpu: T0 : 0x800002b8 @__init_libc+48    : brn                        : No_OpClass : 
 132000: system.cpu: T0 : 0x80000290 @__init_libc+8    : addi.rb                    : No_OpClass : 
 133000: system.cpu: T0 : 0x80000294 @__init_libc+12    : blockcopy                  : No_OpClass : 
 134000: system.cpu: T0 : 0x80000298 @__init_libc+16    : add                        : No_OpClass : 
 135000: system.cpu: T0 : 0x8000029c @__init_libc+20    : addi                       : No_OpClass : 
 136000: system.cpu: T0 : 0x800002a0 @__init_libc+24    : blockcopy                  : No_OpClass : 
 137000: system.cpu: T0 : 0x800002a4 @__init_libc+28    : st                         : MemWrite :  A=0x7fffffffde15
 138000: system.cpu: T0 : 0x800002a8 @__init_libc+32    : addi                       : No_OpClass : 
 139000: system.cpu: T0 : 0x800002ac @__init_libc+36    : add                        : No_OpClass : 
 140000: system.cpu: T0 : 0x800002b0 @__init_libc+40    : addi                       : No_OpClass : 
 141000: system.cpu: T0 : 0x800002b4 @__init_libc+44    : cmpu                       : No_OpClass : 
 142000: system.cpu: T0 : 0x800002b8 @__init_libc+48    : brn                        : No_OpClass : 
 143000: system.cpu: T0 : 0x80000290 @__init_libc+8    : addi.rb                    : No_OpClass : 
 144000: system.cpu: T0 : 0x80000294 @__init_libc+12    : blockcopy                  : No_OpClass : 
 145000: system.cpu: T0 : 0x80000298 @__init_libc+16    : add                        : No_OpClass : 
 146000: system.cpu: T0 : 0x8000029c @__init_libc+20    : addi                       : No_OpClass : 
 147000: system.cpu: T0 : 0x800002a0 @__init_libc+24    : blockcopy                  : No_OpClass : 
 148000: system.cpu: T0 : 0x800002a4 @__init_libc+28    : st                         : MemWrite :  A=0x7fffffffde16
 149000: system.cpu: T0 : 0x800002a8 @__init_libc+32    : addi                       : No_OpClass : 
 150000: system.cpu: T0 : 0x800002ac @__init_libc+36    : add                        : No_OpClass : 
 151000: system.cpu: T0 : 0x800002b0 @__init_libc+40    : addi                       : No_OpClass : 
 152000: system.cpu: T0 : 0x800002b4 @__init_libc+44    : cmpu                       : No_OpClass : 
 153000: system.cpu: T0 : 0x800002b8 @__init_libc+48    : brn                        : No_OpClass : 
 154000: system.cpu: T0 : 0x80000290 @__init_libc+8    : addi.rb                    : No_OpClass : 
 155000: system.cpu: T0 : 0x80000294 @__init_libc+12    : blockcopy                  : No_OpClass : 
 156000: system.cpu: T0 : 0x80000298 @__init_libc+16    : add                        : No_OpClass : 
 157000: system.cpu: T0 : 0x8000029c @__init_libc+20    : addi                       : No_OpClass : 
 158000: system.cpu: T0 : 0x800002a0 @__init_libc+24    : blockcopy                  : No_OpClass : 
 159000: system.cpu: T0 : 0x800002a4 @__init_libc+28    : st                         : MemWrite :  A=0x7fffffffde17
 160000: system.cpu: T0 : 0x800002a8 @__init_libc+32    : addi                       : No_OpClass : 
 161000: system.cpu: T0 : 0x800002ac @__init_libc+36    : add                        : No_OpClass : 
 162000: system.cpu: T0 : 0x800002b0 @__init_libc+40    : addi                       : No_OpClass : 
 163000: system.cpu: T0 : 0x800002b4 @__init_libc+44    : cmpu                       : No_OpClass : 
 164000: system.cpu: T0 : 0x800002b8 @__init_libc+48    : brn                        : No_OpClass : 
 165000: system.cpu: T0 : 0x80000290 @__init_libc+8    : addi.rb                    : No_OpClass : 
 166000: system.cpu: T0 : 0x80000294 @__init_libc+12    : blockcopy                  : No_OpClass : 
 167000: system.cpu: T0 : 0x80000298 @__init_libc+16    : add                        : No_OpClass : 
 168000: system.cpu: T0 : 0x8000029c @__init_libc+20    : addi                       : No_OpClass : 
 169000: system.cpu: T0 : 0x800002a0 @__init_libc+24    : blockcopy                  : No_OpClass : 
 170000: system.cpu: T0 : 0x800002a4 @__init_libc+28    : st                         : MemWrite :  A=0x7fffffffde18
 171000: system.cpu: T0 : 0x800002a8 @__init_libc+32    : addi                       : No_OpClass : 
 172000: system.cpu: T0 : 0x800002ac @__init_libc+36    : add                        : No_OpClass : 
 173000: system.cpu: T0 : 0x800002b0 @__init_libc+40    : addi                       : No_OpClass : 
 174000: system.cpu: T0 : 0x800002b4 @__init_libc+44    : cmpu                       : No_OpClass : 
 175000: system.cpu: T0 : 0x800002b8 @__init_libc+48    : brn                        : No_OpClass : 
 176000: system.cpu: T0 : 0x80000290 @__init_libc+8    : addi.rb                    : No_OpClass : 
 177000: system.cpu: T0 : 0x80000294 @__init_libc+12    : blockcopy                  : No_OpClass : 
 178000: system.cpu: T0 : 0x80000298 @__init_libc+16    : add                        : No_OpClass : 
 179000: system.cpu: T0 : 0x8000029c @__init_libc+20    : addi                       : No_OpClass : 
 180000: system.cpu: T0 : 0x800002a0 @__init_libc+24    : blockcopy                  : No_OpClass : 
 181000: system.cpu: T0 : 0x800002a4 @__init_libc+28    : st                         : MemWrite :  A=0x7fffffffde19
 182000: system.cpu: T0 : 0x800002a8 @__init_libc+32    : addi                       : No_OpClass : 
 183000: system.cpu: T0 : 0x800002ac @__init_libc+36    : add                        : No_OpClass : 
 184000: system.cpu: T0 : 0x800002b0 @__init_libc+40    : addi                       : No_OpClass : 
 185000: system.cpu: T0 : 0x800002b4 @__init_libc+44    : cmpu                       : No_OpClass : 
 186000: system.cpu: T0 : 0x800002b8 @__init_libc+48    : brn                        : No_OpClass : 
 187000: system.cpu: T0 : 0x80000290 @__init_libc+8    : addi.rb                    : No_OpClass : 
 188000: system.cpu: T0 : 0x80000294 @__init_libc+12    : blockcopy                  : No_OpClass : 
 189000: system.cpu: T0 : 0x80000298 @__init_libc+16    : add                        : No_OpClass : 
 190000: system.cpu: T0 : 0x8000029c @__init_libc+20    : addi                       : No_OpClass : 
 191000: system.cpu: T0 : 0x800002a0 @__init_libc+24    : blockcopy                  : No_OpClass : 
 192000: system.cpu: T0 : 0x800002a4 @__init_libc+28    : st                         : MemWrite :  A=0x7fffffffde1a
 193000: system.cpu: T0 : 0x800002a8 @__init_libc+32    : addi                       : No_OpClass : 
 194000: system.cpu: T0 : 0x800002ac @__init_libc+36    : add                        : No_OpClass : 
 195000: system.cpu: T0 : 0x800002b0 @__init_libc+40    : addi                       : No_OpClass : 
 196000: system.cpu: T0 : 0x800002b4 @__init_libc+44    : cmpu                       : No_OpClass : 
 197000: system.cpu: T0 : 0x800002b8 @__init_libc+48    : brn                        : No_OpClass : 
 198000: system.cpu: T0 : 0x80000290 @__init_libc+8    : addi.rb                    : No_OpClass : 
 199000: system.cpu: T0 : 0x80000294 @__init_libc+12    : blockcopy                  : No_OpClass : 
 200000: system.cpu: T0 : 0x80000298 @__init_libc+16    : add                        : No_OpClass : 
 201000: system.cpu: T0 : 0x8000029c @__init_libc+20    : addi                       : No_OpClass : 
 202000: system.cpu: T0 : 0x800002a0 @__init_libc+24    : blockcopy                  : No_OpClass : 
 203000: system.cpu: T0 : 0x800002a4 @__init_libc+28    : st                         : MemWrite :  A=0x7fffffffde1b
 204000: system.cpu: T0 : 0x800002a8 @__init_libc+32    : addi                       : No_OpClass : 
 205000: system.cpu: T0 : 0x800002ac @__init_libc+36    : add                        : No_OpClass : 
 206000: system.cpu: T0 : 0x800002b0 @__init_libc+40    : addi                       : No_OpClass : 
 207000: system.cpu: T0 : 0x800002b4 @__init_libc+44    : cmpu                       : No_OpClass : 
 208000: system.cpu: T0 : 0x800002b8 @__init_libc+48    : brn                        : No_OpClass : 
 209000: system.cpu: T0 : 0x80000290 @__init_libc+8    : addi.rb                    : No_OpClass : 
 210000: system.cpu: T0 : 0x80000294 @__init_libc+12    : blockcopy                  : No_OpClass : 
 211000: system.cpu: T0 : 0x80000298 @__init_libc+16    : add                        : No_OpClass : 
 212000: system.cpu: T0 : 0x8000029c @__init_libc+20    : addi                       : No_OpClass : 
 213000: system.cpu: T0 : 0x800002a0 @__init_libc+24    : blockcopy                  : No_OpClass : 
 214000: system.cpu: T0 : 0x800002a4 @__init_libc+28    : st                         : MemWrite :  A=0x7fffffffde1c
 215000: system.cpu: T0 : 0x800002a8 @__init_libc+32    : addi                       : No_OpClass : 
 216000: system.cpu: T0 : 0x800002ac @__init_libc+36    : add                        : No_OpClass : 
 217000: system.cpu: T0 : 0x800002b0 @__init_libc+40    : addi                       : No_OpClass : 
 218000: system.cpu: T0 : 0x800002b4 @__init_libc+44    : cmpu                       : No_OpClass : 
 219000: system.cpu: T0 : 0x800002b8 @__init_libc+48    : brn                        : No_OpClass : 
 220000: system.cpu: T0 : 0x80000290 @__init_libc+8    : addi.rb                    : No_OpClass : 
 221000: system.cpu: T0 : 0x80000294 @__init_libc+12    : blockcopy                  : No_OpClass : 
 222000: system.cpu: T0 : 0x80000298 @__init_libc+16    : add                        : No_OpClass : 
 223000: system.cpu: T0 : 0x8000029c @__init_libc+20    : addi                       : No_OpClass : 
 224000: system.cpu: T0 : 0x800002a0 @__init_libc+24    : blockcopy                  : No_OpClass : 
 225000: system.cpu: T0 : 0x800002a4 @__init_libc+28    : st                         : MemWrite :  A=0x7fffffffde1d
 226000: system.cpu: T0 : 0x800002a8 @__init_libc+32    : addi                       : No_OpClass : 
 227000: system.cpu: T0 : 0x800002ac @__init_libc+36    : add                        : No_OpClass : 
 228000: system.cpu: T0 : 0x800002b0 @__init_libc+40    : addi                       : No_OpClass : 
 229000: system.cpu: T0 : 0x800002b4 @__init_libc+44    : cmpu                       : No_OpClass : 
 230000: system.cpu: T0 : 0x800002b8 @__init_libc+48    : brn                        : No_OpClass : 
 231000: system.cpu: T0 : 0x80000290 @__init_libc+8    : addi.rb                    : No_OpClass : 
 232000: system.cpu: T0 : 0x80000294 @__init_libc+12    : blockcopy                  : No_OpClass : 
 233000: system.cpu: T0 : 0x80000298 @__init_libc+16    : add                        : No_OpClass : 
 234000: system.cpu: T0 : 0x8000029c @__init_libc+20    : addi                       : No_OpClass : 
 235000: system.cpu: T0 : 0x800002a0 @__init_libc+24    : blockcopy                  : No_OpClass : 
 236000: system.cpu: T0 : 0x800002a4 @__init_libc+28    : st                         : MemWrite :  A=0x7fffffffde1e
 237000: system.cpu: T0 : 0x800002a8 @__init_libc+32    : addi                       : No_OpClass : 
 238000: system.cpu: T0 : 0x800002ac @__init_libc+36    : add                        : No_OpClass : 
 239000: system.cpu: T0 : 0x800002b0 @__init_libc+40    : addi                       : No_OpClass : 
 240000: system.cpu: T0 : 0x800002b4 @__init_libc+44    : cmpu                       : No_OpClass : 
 241000: system.cpu: T0 : 0x800002b8 @__init_libc+48    : brn                        : No_OpClass : 
 242000: system.cpu: T0 : 0x80000290 @__init_libc+8    : addi.rb                    : No_OpClass : 
 243000: system.cpu: T0 : 0x80000294 @__init_libc+12    : blockcopy                  : No_OpClass : 
 244000: system.cpu: T0 : 0x80000298 @__init_libc+16    : add                        : No_OpClass : 
 245000: system.cpu: T0 : 0x8000029c @__init_libc+20    : addi                       : No_OpClass : 
 246000: system.cpu: T0 : 0x800002a0 @__init_libc+24    : blockcopy                  : No_OpClass : 
 247000: system.cpu: T0 : 0x800002a4 @__init_libc+28    : st                         : MemWrite :  A=0x7fffffffde1f
 248000: system.cpu: T0 : 0x800002a8 @__init_libc+32    : addi                       : No_OpClass : 
 249000: system.cpu: T0 : 0x800002ac @__init_libc+36    : add                        : No_OpClass : 
 250000: system.cpu: T0 : 0x800002b0 @__init_libc+40    : addi                       : No_OpClass : 
 251000: system.cpu: T0 : 0x800002b4 @__init_libc+44    : cmpu                       : No_OpClass : 
 252000: system.cpu: T0 : 0x800002b8 @__init_libc+48    : brn                        : No_OpClass : 
 253000: system.cpu: T0 : 0x80000290 @__init_libc+8    : addi.rb                    : No_OpClass : 
 254000: system.cpu: T0 : 0x80000294 @__init_libc+12    : blockcopy                  : No_OpClass : 
 255000: system.cpu: T0 : 0x80000298 @__init_libc+16    : add                        : No_OpClass : 
 256000: system.cpu: T0 : 0x8000029c @__init_libc+20    : addi                       : No_OpClass : 
 257000: system.cpu: T0 : 0x800002a0 @__init_libc+24    : blockcopy                  : No_OpClass : 
 258000: system.cpu: T0 : 0x800002a4 @__init_libc+28    : st                         : MemWrite :  A=0x7fffffffde20
 259000: system.cpu: T0 : 0x800002a8 @__init_libc+32    : addi                       : No_OpClass : 
 260000: system.cpu: T0 : 0x800002ac @__init_libc+36    : add                        : No_OpClass : 
 261000: system.cpu: T0 : 0x800002b0 @__init_libc+40    : addi                       : No_OpClass : 
 262000: system.cpu: T0 : 0x800002b4 @__init_libc+44    : cmpu                       : No_OpClass : 
 263000: system.cpu: T0 : 0x800002b8 @__init_libc+48    : brn                        : No_OpClass : 
 264000: system.cpu: T0 : 0x80000290 @__init_libc+8    : addi.rb                    : No_OpClass : 
 265000: system.cpu: T0 : 0x80000294 @__init_libc+12    : blockcopy                  : No_OpClass : 
 266000: system.cpu: T0 : 0x80000298 @__init_libc+16    : add                        : No_OpClass : 
 267000: system.cpu: T0 : 0x8000029c @__init_libc+20    : addi                       : No_OpClass : 
 268000: system.cpu: T0 : 0x800002a0 @__init_libc+24    : blockcopy                  : No_OpClass : 
 269000: system.cpu: T0 : 0x800002a4 @__init_libc+28    : st                         : MemWrite :  A=0x7fffffffde21
 270000: system.cpu: T0 : 0x800002a8 @__init_libc+32    : addi                       : No_OpClass : 
 271000: system.cpu: T0 : 0x800002ac @__init_libc+36    : add                        : No_OpClass : 
 272000: system.cpu: T0 : 0x800002b0 @__init_libc+40    : addi                       : No_OpClass : 
 273000: system.cpu: T0 : 0x800002b4 @__init_libc+44    : cmpu                       : No_OpClass : 
 274000: system.cpu: T0 : 0x800002b8 @__init_libc+48    : brn                        : No_OpClass : 
 275000: system.cpu: T0 : 0x80000290 @__init_libc+8    : addi.rb                    : No_OpClass : 
 276000: system.cpu: T0 : 0x80000294 @__init_libc+12    : blockcopy                  : No_OpClass : 
 277000: system.cpu: T0 : 0x80000298 @__init_libc+16    : add                        : No_OpClass : 
 278000: system.cpu: T0 : 0x8000029c @__init_libc+20    : addi                       : No_OpClass : 
 279000: system.cpu: T0 : 0x800002a0 @__init_libc+24    : blockcopy                  : No_OpClass : 
 280000: system.cpu: T0 : 0x800002a4 @__init_libc+28    : st                         : MemWrite :  A=0x7fffffffde22
 281000: system.cpu: T0 : 0x800002a8 @__init_libc+32    : addi                       : No_OpClass : 
 282000: system.cpu: T0 : 0x800002ac @__init_libc+36    : add                        : No_OpClass : 
 283000: system.cpu: T0 : 0x800002b0 @__init_libc+40    : addi                       : No_OpClass : 
 284000: system.cpu: T0 : 0x800002b4 @__init_libc+44    : cmpu                       : No_OpClass : 
 285000: system.cpu: T0 : 0x800002b8 @__init_libc+48    : brn                        : No_OpClass : 
 286000: system.cpu: T0 : 0x80000290 @__init_libc+8    : addi.rb                    : No_OpClass : 
 287000: system.cpu: T0 : 0x80000294 @__init_libc+12    : blockcopy                  : No_OpClass : 
 288000: system.cpu: T0 : 0x80000298 @__init_libc+16    : add                        : No_OpClass : 
 289000: system.cpu: T0 : 0x8000029c @__init_libc+20    : addi                       : No_OpClass : 
 290000: system.cpu: T0 : 0x800002a0 @__init_libc+24    : blockcopy                  : No_OpClass : 
 291000: system.cpu: T0 : 0x800002a4 @__init_libc+28    : st                         : MemWrite :  A=0x7fffffffde23
 292000: system.cpu: T0 : 0x800002a8 @__init_libc+32    : addi                       : No_OpClass : 
 293000: system.cpu: T0 : 0x800002ac @__init_libc+36    : add                        : No_OpClass : 
 294000: system.cpu: T0 : 0x800002b0 @__init_libc+40    : addi                       : No_OpClass : 
 295000: system.cpu: T0 : 0x800002b4 @__init_libc+44    : cmpu                       : No_OpClass : 
 296000: system.cpu: T0 : 0x800002b8 @__init_libc+48    : brn                        : No_OpClass : 
 297000: system.cpu: T0 : 0x80000290 @__init_libc+8    : addi.rb                    : No_OpClass : 
 298000: system.cpu: T0 : 0x80000294 @__init_libc+12    : blockcopy                  : No_OpClass : 
 299000: system.cpu: T0 : 0x80000298 @__init_libc+16    : add                        : No_OpClass : 
 300000: system.cpu: T0 : 0x8000029c @__init_libc+20    : addi                       : No_OpClass : 
 301000: system.cpu: T0 : 0x800002a0 @__init_libc+24    : blockcopy                  : No_OpClass : 
 302000: system.cpu: T0 : 0x800002a4 @__init_libc+28    : st                         : MemWrite :  A=0x7fffffffde24
 303000: system.cpu: T0 : 0x800002a8 @__init_libc+32    : addi                       : No_OpClass : 
 304000: system.cpu: T0 : 0x800002ac @__init_libc+36    : add                        : No_OpClass : 
 305000: system.cpu: T0 : 0x800002b0 @__init_libc+40    : addi                       : No_OpClass : 
 306000: system.cpu: T0 : 0x800002b4 @__init_libc+44    : cmpu                       : No_OpClass : 
 307000: system.cpu: T0 : 0x800002b8 @__init_libc+48    : brn                        : No_OpClass : 
 308000: system.cpu: T0 : 0x80000290 @__init_libc+8    : addi.rb                    : No_OpClass : 
 309000: system.cpu: T0 : 0x80000294 @__init_libc+12    : blockcopy                  : No_OpClass : 
 310000: system.cpu: T0 : 0x80000298 @__init_libc+16    : add                        : No_OpClass : 
 311000: system.cpu: T0 : 0x8000029c @__init_libc+20    : addi                       : No_OpClass : 
 312000: system.cpu: T0 : 0x800002a0 @__init_libc+24    : blockcopy                  : No_OpClass : 
 313000: system.cpu: T0 : 0x800002a4 @__init_libc+28    : st                         : MemWrite :  A=0x7fffffffde25
 314000: system.cpu: T0 : 0x800002a8 @__init_libc+32    : addi                       : No_OpClass : 
 315000: system.cpu: T0 : 0x800002ac @__init_libc+36    : add                        : No_OpClass : 
 316000: system.cpu: T0 : 0x800002b0 @__init_libc+40    : addi                       : No_OpClass : 
 317000: system.cpu: T0 : 0x800002b4 @__init_libc+44    : cmpu                       : No_OpClass : 
 318000: system.cpu: T0 : 0x800002b8 @__init_libc+48    : brn                        : No_OpClass : 
 319000: system.cpu: T0 : 0x80000290 @__init_libc+8    : addi.rb                    : No_OpClass : 
 320000: system.cpu: T0 : 0x80000294 @__init_libc+12    : blockcopy                  : No_OpClass : 
 321000: system.cpu: T0 : 0x80000298 @__init_libc+16    : add                        : No_OpClass : 
 322000: system.cpu: T0 : 0x8000029c @__init_libc+20    : addi                       : No_OpClass : 
 323000: system.cpu: T0 : 0x800002a0 @__init_libc+24    : blockcopy                  : No_OpClass : 
 324000: system.cpu: T0 : 0x800002a4 @__init_libc+28    : st                         : MemWrite :  A=0x7fffffffde26
 325000: system.cpu: T0 : 0x800002a8 @__init_libc+32    : addi                       : No_OpClass : 
 326000: system.cpu: T0 : 0x800002ac @__init_libc+36    : add                        : No_OpClass : 
 327000: system.cpu: T0 : 0x800002b0 @__init_libc+40    : addi                       : No_OpClass : 
 328000: system.cpu: T0 : 0x800002b4 @__init_libc+44    : cmpu                       : No_OpClass : 
 329000: system.cpu: T0 : 0x800002b8 @__init_libc+48    : brn                        : No_OpClass : 
 330000: system.cpu: T0 : 0x80000290 @__init_libc+8    : addi.rb                    : No_OpClass : 
 331000: system.cpu: T0 : 0x80000294 @__init_libc+12    : blockcopy                  : No_OpClass : 
 332000: system.cpu: T0 : 0x80000298 @__init_libc+16    : add                        : No_OpClass : 
 333000: system.cpu: T0 : 0x8000029c @__init_libc+20    : addi                       : No_OpClass : 
 334000: system.cpu: T0 : 0x800002a0 @__init_libc+24    : blockcopy                  : No_OpClass : 
 335000: system.cpu: T0 : 0x800002a4 @__init_libc+28    : st                         : MemWrite :  A=0x7fffffffde27
 336000: system.cpu: T0 : 0x800002a8 @__init_libc+32    : addi                       : No_OpClass : 
 337000: system.cpu: T0 : 0x800002ac @__init_libc+36    : add                        : No_OpClass : 
 338000: system.cpu: T0 : 0x800002b0 @__init_libc+40    : addi                       : No_OpClass : 
 339000: system.cpu: T0 : 0x800002b4 @__init_libc+44    : cmpu                       : No_OpClass : 
 340000: system.cpu: T0 : 0x800002b8 @__init_libc+48    : brn                        : No_OpClass : 
 341000: system.cpu: T0 : 0x80000290 @__init_libc+8    : addi.rb                    : No_OpClass : 
 342000: system.cpu: T0 : 0x80000294 @__init_libc+12    : blockcopy                  : No_OpClass : 
 343000: system.cpu: T0 : 0x80000298 @__init_libc+16    : add                        : No_OpClass : 
 344000: system.cpu: T0 : 0x8000029c @__init_libc+20    : addi                       : No_OpClass : 
 345000: system.cpu: T0 : 0x800002a0 @__init_libc+24    : blockcopy                  : No_OpClass : 
 346000: system.cpu: T0 : 0x800002a4 @__init_libc+28    : st                         : MemWrite :  A=0x7fffffffde28
 347000: system.cpu: T0 : 0x800002a8 @__init_libc+32    : addi                       : No_OpClass : 
 348000: system.cpu: T0 : 0x800002ac @__init_libc+36    : add                        : No_OpClass : 
 349000: system.cpu: T0 : 0x800002b0 @__init_libc+40    : addi                       : No_OpClass : 
 350000: system.cpu: T0 : 0x800002b4 @__init_libc+44    : cmpu                       : No_OpClass : 
 351000: system.cpu: T0 : 0x800002b8 @__init_libc+48    : brn                        : No_OpClass : 
 352000: system.cpu: T0 : 0x80000290 @__init_libc+8    : addi.rb                    : No_OpClass : 
 353000: system.cpu: T0 : 0x80000294 @__init_libc+12    : blockcopy                  : No_OpClass : 
 354000: system.cpu: T0 : 0x80000298 @__init_libc+16    : add                        : No_OpClass : 
 355000: system.cpu: T0 : 0x8000029c @__init_libc+20    : addi                       : No_OpClass : 
 356000: system.cpu: T0 : 0x800002a0 @__init_libc+24    : blockcopy                  : No_OpClass : 
 357000: system.cpu: T0 : 0x800002a4 @__init_libc+28    : st                         : MemWrite :  A=0x7fffffffde29
 358000: system.cpu: T0 : 0x800002a8 @__init_libc+32    : addi                       : No_OpClass : 
 359000: system.cpu: T0 : 0x800002ac @__init_libc+36    : add                        : No_OpClass : 
 360000: system.cpu: T0 : 0x800002b0 @__init_libc+40    : addi                       : No_OpClass : 
 361000: system.cpu: T0 : 0x800002b4 @__init_libc+44    : cmpu                       : No_OpClass : 
 362000: system.cpu: T0 : 0x800002b8 @__init_libc+48    : brn                        : No_OpClass : 
 363000: system.cpu: T0 : 0x80000290 @__init_libc+8    : addi.rb                    : No_OpClass : 
 364000: system.cpu: T0 : 0x80000294 @__init_libc+12    : blockcopy                  : No_OpClass : 
 365000: system.cpu: T0 : 0x80000298 @__init_libc+16    : add                        : No_OpClass : 
 366000: system.cpu: T0 : 0x8000029c @__init_libc+20    : addi                       : No_OpClass : 
 367000: system.cpu: T0 : 0x800002a0 @__init_libc+24    : blockcopy                  : No_OpClass : 
 368000: system.cpu: T0 : 0x800002a4 @__init_libc+28    : st                         : MemWrite :  A=0x7fffffffde2a
 369000: system.cpu: T0 : 0x800002a8 @__init_libc+32    : addi                       : No_OpClass : 
 370000: system.cpu: T0 : 0x800002ac @__init_libc+36    : add                        : No_OpClass : 
 371000: system.cpu: T0 : 0x800002b0 @__init_libc+40    : addi                       : No_OpClass : 
 372000: system.cpu: T0 : 0x800002b4 @__init_libc+44    : cmpu                       : No_OpClass : 
 373000: system.cpu: T0 : 0x800002b8 @__init_libc+48    : brn                        : No_OpClass : 
 374000: system.cpu: T0 : 0x80000290 @__init_libc+8    : addi.rb                    : No_OpClass : 
 375000: system.cpu: T0 : 0x80000294 @__init_libc+12    : blockcopy                  : No_OpClass : 
 376000: system.cpu: T0 : 0x80000298 @__init_libc+16    : add                        : No_OpClass : 
 377000: system.cpu: T0 : 0x8000029c @__init_libc+20    : addi                       : No_OpClass : 
 378000: system.cpu: T0 : 0x800002a0 @__init_libc+24    : blockcopy                  : No_OpClass : 
 379000: system.cpu: T0 : 0x800002a4 @__init_libc+28    : st                         : MemWrite :  A=0x7fffffffde2b
 380000: system.cpu: T0 : 0x800002a8 @__init_libc+32    : addi                       : No_OpClass : 
 381000: system.cpu: T0 : 0x800002ac @__init_libc+36    : add                        : No_OpClass : 
 382000: system.cpu: T0 : 0x800002b0 @__init_libc+40    : addi                       : No_OpClass : 
 383000: system.cpu: T0 : 0x800002b4 @__init_libc+44    : cmpu                       : No_OpClass : 
 384000: system.cpu: T0 : 0x800002b8 @__init_libc+48    : brn                        : No_OpClass : 
 385000: system.cpu: T0 : 0x80000290 @__init_libc+8    : addi.rb                    : No_OpClass : 
 386000: system.cpu: T0 : 0x80000294 @__init_libc+12    : blockcopy                  : No_OpClass : 
 387000: system.cpu: T0 : 0x80000298 @__init_libc+16    : add                        : No_OpClass : 
 388000: system.cpu: T0 : 0x8000029c @__init_libc+20    : addi                       : No_OpClass : 
 389000: system.cpu: T0 : 0x800002a0 @__init_libc+24    : blockcopy                  : No_OpClass : 
 390000: system.cpu: T0 : 0x800002a4 @__init_libc+28    : st                         : MemWrite :  A=0x7fffffffde2c
 391000: system.cpu: T0 : 0x800002a8 @__init_libc+32    : addi                       : No_OpClass : 
 392000: system.cpu: T0 : 0x800002ac @__init_libc+36    : add                        : No_OpClass : 
 393000: system.cpu: T0 : 0x800002b0 @__init_libc+40    : addi                       : No_OpClass : 
 394000: system.cpu: T0 : 0x800002b4 @__init_libc+44    : cmpu                       : No_OpClass : 
 395000: system.cpu: T0 : 0x800002b8 @__init_libc+48    : brn                        : No_OpClass : 
 396000: system.cpu: T0 : 0x80000290 @__init_libc+8    : addi.rb                    : No_OpClass : 
 397000: system.cpu: T0 : 0x80000294 @__init_libc+12    : blockcopy                  : No_OpClass : 
 398000: system.cpu: T0 : 0x80000298 @__init_libc+16    : add                        : No_OpClass : 
 399000: system.cpu: T0 : 0x8000029c @__init_libc+20    : addi                       : No_OpClass : 
 400000: system.cpu: T0 : 0x800002a0 @__init_libc+24    : blockcopy                  : No_OpClass : 
 401000: system.cpu: T0 : 0x800002a4 @__init_libc+28    : st                         : MemWrite :  A=0x7fffffffde2d
 402000: system.cpu: T0 : 0x800002a8 @__init_libc+32    : addi                       : No_OpClass : 
 403000: system.cpu: T0 : 0x800002ac @__init_libc+36    : add                        : No_OpClass : 
 404000: system.cpu: T0 : 0x800002b0 @__init_libc+40    : addi                       : No_OpClass : 
 405000: system.cpu: T0 : 0x800002b4 @__init_libc+44    : cmpu                       : No_OpClass : 
 406000: system.cpu: T0 : 0x800002b8 @__init_libc+48    : brn                        : No_OpClass : 
 407000: system.cpu: T0 : 0x80000290 @__init_libc+8    : addi.rb                    : No_OpClass : 
 408000: system.cpu: T0 : 0x80000294 @__init_libc+12    : blockcopy                  : No_OpClass : 
 409000: system.cpu: T0 : 0x80000298 @__init_libc+16    : add                        : No_OpClass : 
 410000: system.cpu: T0 : 0x8000029c @__init_libc+20    : addi                       : No_OpClass : 
 411000: system.cpu: T0 : 0x800002a0 @__init_libc+24    : blockcopy                  : No_OpClass : 
 412000: system.cpu: T0 : 0x800002a4 @__init_libc+28    : st                         : MemWrite :  A=0x7fffffffde2e
 413000: system.cpu: T0 : 0x800002a8 @__init_libc+32    : addi                       : No_OpClass : 
 414000: system.cpu: T0 : 0x800002ac @__init_libc+36    : add                        : No_OpClass : 
 415000: system.cpu: T0 : 0x800002b0 @__init_libc+40    : addi                       : No_OpClass : 
 416000: system.cpu: T0 : 0x800002b4 @__init_libc+44    : cmpu                       : No_OpClass : 
 417000: system.cpu: T0 : 0x800002b8 @__init_libc+48    : brn                        : No_OpClass : 
 418000: system.cpu: T0 : 0x80000290 @__init_libc+8    : addi.rb                    : No_OpClass : 
 419000: system.cpu: T0 : 0x80000294 @__init_libc+12    : blockcopy                  : No_OpClass : 
 420000: system.cpu: T0 : 0x80000298 @__init_libc+16    : add                        : No_OpClass : 
 421000: system.cpu: T0 : 0x8000029c @__init_libc+20    : addi                       : No_OpClass : 
 422000: system.cpu: T0 : 0x800002a0 @__init_libc+24    : blockcopy                  : No_OpClass : 
 423000: system.cpu: T0 : 0x800002a4 @__init_libc+28    : st                         : MemWrite :  A=0x7fffffffde2f
 424000: system.cpu: T0 : 0x800002a8 @__init_libc+32    : addi                       : No_OpClass : 
 425000: system.cpu: T0 : 0x800002ac @__init_libc+36    : add                        : No_OpClass : 
 426000: system.cpu: T0 : 0x800002b0 @__init_libc+40    : addi                       : No_OpClass : 
 427000: system.cpu: T0 : 0x800002b4 @__init_libc+44    : cmpu                       : No_OpClass : 
 428000: system.cpu: T0 : 0x800002b8 @__init_libc+48    : brn                        : No_OpClass : 
 429000: system.cpu: T0 : 0x80000290 @__init_libc+8    : addi.rb                    : No_OpClass : 
 430000: system.cpu: T0 : 0x80000294 @__init_libc+12    : blockcopy                  : No_OpClass : 
 431000: system.cpu: T0 : 0x80000298 @__init_libc+16    : add                        : No_OpClass : 
 432000: system.cpu: T0 : 0x8000029c @__init_libc+20    : addi                       : No_OpClass : 
 433000: system.cpu: T0 : 0x800002a0 @__init_libc+24    : blockcopy                  : No_OpClass : 
 434000: system.cpu: T0 : 0x800002a4 @__init_libc+28    : st                         : MemWrite :  A=0x7fffffffde30
 435000: system.cpu: T0 : 0x800002a8 @__init_libc+32    : addi                       : No_OpClass : 
 436000: system.cpu: T0 : 0x800002ac @__init_libc+36    : add                        : No_OpClass : 
 437000: system.cpu: T0 : 0x800002b0 @__init_libc+40    : addi                       : No_OpClass : 
 438000: system.cpu: T0 : 0x800002b4 @__init_libc+44    : cmpu                       : No_OpClass : 
 439000: system.cpu: T0 : 0x800002b8 @__init_libc+48    : brn                        : No_OpClass : 
 440000: system.cpu: T0 : 0x80000290 @__init_libc+8    : addi.rb                    : No_OpClass : 
 441000: system.cpu: T0 : 0x80000294 @__init_libc+12    : blockcopy                  : No_OpClass : 
 442000: system.cpu: T0 : 0x80000298 @__init_libc+16    : add                        : No_OpClass : 
 443000: system.cpu: T0 : 0x8000029c @__init_libc+20    : addi                       : No_OpClass : 
 444000: system.cpu: T0 : 0x800002a0 @__init_libc+24    : blockcopy                  : No_OpClass : 
 445000: system.cpu: T0 : 0x800002a4 @__init_libc+28    : st                         : MemWrite :  A=0x7fffffffde31
 446000: system.cpu: T0 : 0x800002a8 @__init_libc+32    : addi                       : No_OpClass : 
 447000: system.cpu: T0 : 0x800002ac @__init_libc+36    : add                        : No_OpClass : 
 448000: system.cpu: T0 : 0x800002b0 @__init_libc+40    : addi                       : No_OpClass : 
 449000: system.cpu: T0 : 0x800002b4 @__init_libc+44    : cmpu                       : No_OpClass : 
 450000: system.cpu: T0 : 0x800002b8 @__init_libc+48    : brn                        : No_OpClass : 
 451000: system.cpu: T0 : 0x80000290 @__init_libc+8    : addi.rb                    : No_OpClass : 
 452000: system.cpu: T0 : 0x80000294 @__init_libc+12    : blockcopy                  : No_OpClass : 
 453000: system.cpu: T0 : 0x80000298 @__init_libc+16    : add                        : No_OpClass : 
 454000: system.cpu: T0 : 0x8000029c @__init_libc+20    : addi                       : No_OpClass : 
 455000: system.cpu: T0 : 0x800002a0 @__init_libc+24    : blockcopy                  : No_OpClass : 
 456000: system.cpu: T0 : 0x800002a4 @__init_libc+28    : st                         : MemWrite :  A=0x7fffffffde32
 457000: system.cpu: T0 : 0x800002a8 @__init_libc+32    : addi                       : No_OpClass : 
 458000: system.cpu: T0 : 0x800002ac @__init_libc+36    : add                        : No_OpClass : 
 459000: system.cpu: T0 : 0x800002b0 @__init_libc+40    : addi                       : No_OpClass : 
 460000: system.cpu: T0 : 0x800002b4 @__init_libc+44    : cmpu                       : No_OpClass : 
 461000: system.cpu: T0 : 0x800002b8 @__init_libc+48    : brn                        : No_OpClass : 
 462000: system.cpu: T0 : 0x80000290 @__init_libc+8    : addi.rb                    : No_OpClass : 
 463000: system.cpu: T0 : 0x80000294 @__init_libc+12    : blockcopy                  : No_OpClass : 
 464000: system.cpu: T0 : 0x80000298 @__init_libc+16    : add                        : No_OpClass : 
 465000: system.cpu: T0 : 0x8000029c @__init_libc+20    : addi                       : No_OpClass : 
 466000: system.cpu: T0 : 0x800002a0 @__init_libc+24    : blockcopy                  : No_OpClass : 
 467000: system.cpu: T0 : 0x800002a4 @__init_libc+28    : st                         : MemWrite :  A=0x7fffffffde33
 468000: system.cpu: T0 : 0x800002a8 @__init_libc+32    : addi                       : No_OpClass : 
 469000: system.cpu: T0 : 0x800002ac @__init_libc+36    : add                        : No_OpClass : 
 470000: system.cpu: T0 : 0x800002b0 @__init_libc+40    : addi                       : No_OpClass : 
 471000: system.cpu: T0 : 0x800002b4 @__init_libc+44    : cmpu                       : No_OpClass : 
 472000: system.cpu: T0 : 0x800002b8 @__init_libc+48    : brn                        : No_OpClass : 
 473000: system.cpu: T0 : 0x80000290 @__init_libc+8    : addi.rb                    : No_OpClass : 
 474000: system.cpu: T0 : 0x80000294 @__init_libc+12    : blockcopy                  : No_OpClass : 
 475000: system.cpu: T0 : 0x80000298 @__init_libc+16    : add                        : No_OpClass : 
 476000: system.cpu: T0 : 0x8000029c @__init_libc+20    : addi                       : No_OpClass : 
 477000: system.cpu: T0 : 0x800002a0 @__init_libc+24    : blockcopy                  : No_OpClass : 
 478000: system.cpu: T0 : 0x800002a4 @__init_libc+28    : st                         : MemWrite :  A=0x7fffffffde34
 479000: system.cpu: T0 : 0x800002a8 @__init_libc+32    : addi                       : No_OpClass : 
 480000: system.cpu: T0 : 0x800002ac @__init_libc+36    : add                        : No_OpClass : 
 481000: system.cpu: T0 : 0x800002b0 @__init_libc+40    : addi                       : No_OpClass : 
 482000: system.cpu: T0 : 0x800002b4 @__init_libc+44    : cmpu                       : No_OpClass : 
 483000: system.cpu: T0 : 0x800002b8 @__init_libc+48    : brn                        : No_OpClass : 
 484000: system.cpu: T0 : 0x80000290 @__init_libc+8    : addi.rb                    : No_OpClass : 
 485000: system.cpu: T0 : 0x80000294 @__init_libc+12    : blockcopy                  : No_OpClass : 
 486000: system.cpu: T0 : 0x80000298 @__init_libc+16    : add                        : No_OpClass : 
 487000: system.cpu: T0 : 0x8000029c @__init_libc+20    : addi                       : No_OpClass : 
 488000: system.cpu: T0 : 0x800002a0 @__init_libc+24    : blockcopy                  : No_OpClass : 
 489000: system.cpu: T0 : 0x800002a4 @__init_libc+28    : st                         : MemWrite :  A=0x7fffffffde35
 490000: system.cpu: T0 : 0x800002a8 @__init_libc+32    : addi                       : No_OpClass : 
 491000: system.cpu: T0 : 0x800002ac @__init_libc+36    : add                        : No_OpClass : 
 492000: system.cpu: T0 : 0x800002b0 @__init_libc+40    : addi                       : No_OpClass : 
 493000: system.cpu: T0 : 0x800002b4 @__init_libc+44    : cmpu                       : No_OpClass : 
 494000: system.cpu: T0 : 0x800002b8 @__init_libc+48    : brn                        : No_OpClass : 
 495000: system.cpu: T0 : 0x80000290 @__init_libc+8    : addi.rb                    : No_OpClass : 
 496000: system.cpu: T0 : 0x80000294 @__init_libc+12    : blockcopy                  : No_OpClass : 
 497000: system.cpu: T0 : 0x80000298 @__init_libc+16    : add                        : No_OpClass : 
 498000: system.cpu: T0 : 0x8000029c @__init_libc+20    : addi                       : No_OpClass : 
 499000: system.cpu: T0 : 0x800002a0 @__init_libc+24    : blockcopy                  : No_OpClass : 
 500000: system.cpu: T0 : 0x800002a4 @__init_libc+28    : st                         : MemWrite :  A=0x7fffffffde36
 501000: system.cpu: T0 : 0x800002a8 @__init_libc+32    : addi                       : No_OpClass : 
 502000: system.cpu: T0 : 0x800002ac @__init_libc+36    : add                        : No_OpClass : 
 503000: system.cpu: T0 : 0x800002b0 @__init_libc+40    : addi                       : No_OpClass : 
 504000: system.cpu: T0 : 0x800002b4 @__init_libc+44    : cmpu                       : No_OpClass : 
 505000: system.cpu: T0 : 0x800002b8 @__init_libc+48    : brn                        : No_OpClass : 
 506000: system.cpu: T0 : 0x80000290 @__init_libc+8    : addi.rb                    : No_OpClass : 
 507000: system.cpu: T0 : 0x80000294 @__init_libc+12    : blockcopy                  : No_OpClass : 
 508000: system.cpu: T0 : 0x80000298 @__init_libc+16    : add                        : No_OpClass : 
 509000: system.cpu: T0 : 0x8000029c @__init_libc+20    : addi                       : No_OpClass : 
 510000: system.cpu: T0 : 0x800002a0 @__init_libc+24    : blockcopy                  : No_OpClass : 
 511000: system.cpu: T0 : 0x800002a4 @__init_libc+28    : st                         : MemWrite :  A=0x7fffffffde37
 512000: system.cpu: T0 : 0x800002a8 @__init_libc+32    : addi                       : No_OpClass : 
 513000: system.cpu: T0 : 0x800002ac @__init_libc+36    : add                        : No_OpClass : 
 514000: system.cpu: T0 : 0x800002b0 @__init_libc+40    : addi                       : No_OpClass : 
 515000: system.cpu: T0 : 0x800002b4 @__init_libc+44    : cmpu                       : No_OpClass : 
 516000: system.cpu: T0 : 0x800002b8 @__init_libc+48    : brn                        : No_OpClass : 
 517000: system.cpu: T0 : 0x80000290 @__init_libc+8    : addi.rb                    : No_OpClass : 
 518000: system.cpu: T0 : 0x80000294 @__init_libc+12    : blockcopy                  : No_OpClass : 
 519000: system.cpu: T0 : 0x80000298 @__init_libc+16    : add                        : No_OpClass : 
 520000: system.cpu: T0 : 0x8000029c @__init_libc+20    : addi                       : No_OpClass : 
 521000: system.cpu: T0 : 0x800002a0 @__init_libc+24    : blockcopy                  : No_OpClass : 
 522000: system.cpu: T0 : 0x800002a4 @__init_libc+28    : st                         : MemWrite :  A=0x7fffffffde38
 523000: system.cpu: T0 : 0x800002a8 @__init_libc+32    : addi                       : No_OpClass : 
 524000: system.cpu: T0 : 0x800002ac @__init_libc+36    : add                        : No_OpClass : 
 525000: system.cpu: T0 : 0x800002b0 @__init_libc+40    : addi                       : No_OpClass : 
 526000: system.cpu: T0 : 0x800002b4 @__init_libc+44    : cmpu                       : No_OpClass : 
 527000: system.cpu: T0 : 0x800002b8 @__init_libc+48    : brn                        : No_OpClass : 
 528000: system.cpu: T0 : 0x80000290 @__init_libc+8    : addi.rb                    : No_OpClass : 
 529000: system.cpu: T0 : 0x80000294 @__init_libc+12    : blockcopy                  : No_OpClass : 
 530000: system.cpu: T0 : 0x80000298 @__init_libc+16    : add                        : No_OpClass : 
 531000: system.cpu: T0 : 0x8000029c @__init_libc+20    : addi                       : No_OpClass : 
 532000: system.cpu: T0 : 0x800002a0 @__init_libc+24    : blockcopy                  : No_OpClass : 
 533000: system.cpu: T0 : 0x800002a4 @__init_libc+28    : st                         : MemWrite :  A=0x7fffffffde39
 534000: system.cpu: T0 : 0x800002a8 @__init_libc+32    : addi                       : No_OpClass : 
 535000: system.cpu: T0 : 0x800002ac @__init_libc+36    : add                        : No_OpClass : 
 536000: system.cpu: T0 : 0x800002b0 @__init_libc+40    : addi                       : No_OpClass : 
 537000: system.cpu: T0 : 0x800002b4 @__init_libc+44    : cmpu                       : No_OpClass : 
 538000: system.cpu: T0 : 0x800002b8 @__init_libc+48    : brn                        : No_OpClass : 
 539000: system.cpu: T0 : 0x80000290 @__init_libc+8    : addi.rb                    : No_OpClass : 
 540000: system.cpu: T0 : 0x80000294 @__init_libc+12    : blockcopy                  : No_OpClass : 
 541000: system.cpu: T0 : 0x80000298 @__init_libc+16    : add                        : No_OpClass : 
 542000: system.cpu: T0 : 0x8000029c @__init_libc+20    : addi                       : No_OpClass : 
 543000: system.cpu: T0 : 0x800002a0 @__init_libc+24    : blockcopy                  : No_OpClass : 
 544000: system.cpu: T0 : 0x800002a4 @__init_libc+28    : st                         : MemWrite :  A=0x7fffffffde3a
 545000: system.cpu: T0 : 0x800002a8 @__init_libc+32    : addi                       : No_OpClass : 
 546000: system.cpu: T0 : 0x800002ac @__init_libc+36    : add                        : No_OpClass : 
 547000: system.cpu: T0 : 0x800002b0 @__init_libc+40    : addi                       : No_OpClass : 
 548000: system.cpu: T0 : 0x800002b4 @__init_libc+44    : cmpu                       : No_OpClass : 
 549000: system.cpu: T0 : 0x800002b8 @__init_libc+48    : brn                        : No_OpClass : 
 550000: system.cpu: T0 : 0x80000290 @__init_libc+8    : addi.rb                    : No_OpClass : 
 551000: system.cpu: T0 : 0x80000294 @__init_libc+12    : blockcopy                  : No_OpClass : 
 552000: system.cpu: T0 : 0x80000298 @__init_libc+16    : add                        : No_OpClass : 
 553000: system.cpu: T0 : 0x8000029c @__init_libc+20    : addi                       : No_OpClass : 
 554000: system.cpu: T0 : 0x800002a0 @__init_libc+24    : blockcopy                  : No_OpClass : 
 555000: system.cpu: T0 : 0x800002a4 @__init_libc+28    : st                         : MemWrite :  A=0x7fffffffde3b
 556000: system.cpu: T0 : 0x800002a8 @__init_libc+32    : addi                       : No_OpClass : 
 557000: system.cpu: T0 : 0x800002ac @__init_libc+36    : add                        : No_OpClass : 
 558000: system.cpu: T0 : 0x800002b0 @__init_libc+40    : addi                       : No_OpClass : 
 559000: system.cpu: T0 : 0x800002b4 @__init_libc+44    : cmpu                       : No_OpClass : 
 560000: system.cpu: T0 : 0x800002b8 @__init_libc+48    : brn                        : No_OpClass : 
 561000: system.cpu: T0 : 0x80000290 @__init_libc+8    : addi.rb                    : No_OpClass : 
 562000: system.cpu: T0 : 0x80000294 @__init_libc+12    : blockcopy                  : No_OpClass : 
 563000: system.cpu: T0 : 0x80000298 @__init_libc+16    : add                        : No_OpClass : 
 564000: system.cpu: T0 : 0x8000029c @__init_libc+20    : addi                       : No_OpClass : 
 565000: system.cpu: T0 : 0x800002a0 @__init_libc+24    : blockcopy                  : No_OpClass : 
 566000: system.cpu: T0 : 0x800002a4 @__init_libc+28    : st                         : MemWrite :  A=0x7fffffffde3c
 567000: system.cpu: T0 : 0x800002a8 @__init_libc+32    : addi                       : No_OpClass : 
 568000: system.cpu: T0 : 0x800002ac @__init_libc+36    : add                        : No_OpClass : 
 569000: system.cpu: T0 : 0x800002b0 @__init_libc+40    : addi                       : No_OpClass : 
 570000: system.cpu: T0 : 0x800002b4 @__init_libc+44    : cmpu                       : No_OpClass : 
 571000: system.cpu: T0 : 0x800002b8 @__init_libc+48    : brn                        : No_OpClass : 
 572000: system.cpu: T0 : 0x80000290 @__init_libc+8    : addi.rb                    : No_OpClass : 
 573000: system.cpu: T0 : 0x80000294 @__init_libc+12    : blockcopy                  : No_OpClass : 
 574000: system.cpu: T0 : 0x80000298 @__init_libc+16    : add                        : No_OpClass : 
 575000: system.cpu: T0 : 0x8000029c @__init_libc+20    : addi                       : No_OpClass : 
 576000: system.cpu: T0 : 0x800002a0 @__init_libc+24    : blockcopy                  : No_OpClass : 
 577000: system.cpu: T0 : 0x800002a4 @__init_libc+28    : st                         : MemWrite :  A=0x7fffffffde3d
 578000: system.cpu: T0 : 0x800002a8 @__init_libc+32    : addi                       : No_OpClass : 
 579000: system.cpu: T0 : 0x800002ac @__init_libc+36    : add                        : No_OpClass : 
 580000: system.cpu: T0 : 0x800002b0 @__init_libc+40    : addi                       : No_OpClass : 
 581000: system.cpu: T0 : 0x800002b4 @__init_libc+44    : cmpu                       : No_OpClass : 
 582000: system.cpu: T0 : 0x800002b8 @__init_libc+48    : brn                        : No_OpClass : 
 583000: system.cpu: T0 : 0x80000290 @__init_libc+8    : addi.rb                    : No_OpClass : 
 584000: system.cpu: T0 : 0x80000294 @__init_libc+12    : blockcopy                  : No_OpClass : 
 585000: system.cpu: T0 : 0x80000298 @__init_libc+16    : add                        : No_OpClass : 
 586000: system.cpu: T0 : 0x8000029c @__init_libc+20    : addi                       : No_OpClass : 
 587000: system.cpu: T0 : 0x800002a0 @__init_libc+24    : blockcopy                  : No_OpClass : 
 588000: system.cpu: T0 : 0x800002a4 @__init_libc+28    : st                         : MemWrite :  A=0x7fffffffde3e
 589000: system.cpu: T0 : 0x800002a8 @__init_libc+32    : addi                       : No_OpClass : 
 590000: system.cpu: T0 : 0x800002ac @__init_libc+36    : add                        : No_OpClass : 
 591000: system.cpu: T0 : 0x800002b0 @__init_libc+40    : addi                       : No_OpClass : 
 592000: system.cpu: T0 : 0x800002b4 @__init_libc+44    : cmpu                       : No_OpClass : 
 593000: system.cpu: T0 : 0x800002b8 @__init_libc+48    : brn                        : No_OpClass : 
 594000: system.cpu: T0 : 0x80000290 @__init_libc+8    : addi.rb                    : No_OpClass : 
 595000: system.cpu: T0 : 0x80000294 @__init_libc+12    : blockcopy                  : No_OpClass : 
 596000: system.cpu: T0 : 0x80000298 @__init_libc+16    : add                        : No_OpClass : 
 597000: system.cpu: T0 : 0x8000029c @__init_libc+20    : addi                       : No_OpClass : 
 598000: system.cpu: T0 : 0x800002a0 @__init_libc+24    : blockcopy                  : No_OpClass : 
 599000: system.cpu: T0 : 0x800002a4 @__init_libc+28    : st                         : MemWrite :  A=0x7fffffffde3f
 600000: system.cpu: T0 : 0x800002a8 @__init_libc+32    : addi                       : No_OpClass : 
 601000: system.cpu: T0 : 0x800002ac @__init_libc+36    : add                        : No_OpClass : 
 602000: system.cpu: T0 : 0x800002b0 @__init_libc+40    : addi                       : No_OpClass : 
 603000: system.cpu: T0 : 0x800002b4 @__init_libc+44    : cmpu                       : No_OpClass : 
 604000: system.cpu: T0 : 0x800002b8 @__init_libc+48    : brn                        : No_OpClass : 
 605000: system.cpu: T0 : 0x80000290 @__init_libc+8    : addi.rb                    : No_OpClass : 
 606000: system.cpu: T0 : 0x80000294 @__init_libc+12    : blockcopy                  : No_OpClass : 
 607000: system.cpu: T0 : 0x80000298 @__init_libc+16    : add                        : No_OpClass : 
 608000: system.cpu: T0 : 0x8000029c @__init_libc+20    : addi                       : No_OpClass : 
 609000: system.cpu: T0 : 0x800002a0 @__init_libc+24    : blockcopy                  : No_OpClass : 
 610000: system.cpu: T0 : 0x800002a4 @__init_libc+28    : st                         : MemWrite :  A=0x7fffffffde40
 611000: system.cpu: T0 : 0x800002a8 @__init_libc+32    : addi                       : No_OpClass : 
 612000: system.cpu: T0 : 0x800002ac @__init_libc+36    : add                        : No_OpClass : 
 613000: system.cpu: T0 : 0x800002b0 @__init_libc+40    : addi                       : No_OpClass : 
 614000: system.cpu: T0 : 0x800002b4 @__init_libc+44    : cmpu                       : No_OpClass : 
 615000: system.cpu: T0 : 0x800002b8 @__init_libc+48    : brn                        : No_OpClass : 
 616000: system.cpu: T0 : 0x80000290 @__init_libc+8    : addi.rb                    : No_OpClass : 
 617000: system.cpu: T0 : 0x80000294 @__init_libc+12    : blockcopy                  : No_OpClass : 
 618000: system.cpu: T0 : 0x80000298 @__init_libc+16    : add                        : No_OpClass : 
 619000: system.cpu: T0 : 0x8000029c @__init_libc+20    : addi                       : No_OpClass : 
 620000: system.cpu: T0 : 0x800002a0 @__init_libc+24    : blockcopy                  : No_OpClass : 
 621000: system.cpu: T0 : 0x800002a4 @__init_libc+28    : st                         : MemWrite :  A=0x7fffffffde41
 622000: system.cpu: T0 : 0x800002a8 @__init_libc+32    : addi                       : No_OpClass : 
 623000: system.cpu: T0 : 0x800002ac @__init_libc+36    : add                        : No_OpClass : 
 624000: system.cpu: T0 : 0x800002b0 @__init_libc+40    : addi                       : No_OpClass : 
 625000: system.cpu: T0 : 0x800002b4 @__init_libc+44    : cmpu                       : No_OpClass : 
 626000: system.cpu: T0 : 0x800002b8 @__init_libc+48    : brn                        : No_OpClass : 
 627000: system.cpu: T0 : 0x80000290 @__init_libc+8    : addi.rb                    : No_OpClass : 
 628000: system.cpu: T0 : 0x80000294 @__init_libc+12    : blockcopy                  : No_OpClass : 
 629000: system.cpu: T0 : 0x80000298 @__init_libc+16    : add                        : No_OpClass : 
 630000: system.cpu: T0 : 0x8000029c @__init_libc+20    : addi                       : No_OpClass : 
 631000: system.cpu: T0 : 0x800002a0 @__init_libc+24    : blockcopy                  : No_OpClass : 
 632000: system.cpu: T0 : 0x800002a4 @__init_libc+28    : st                         : MemWrite :  A=0x7fffffffde42
 633000: system.cpu: T0 : 0x800002a8 @__init_libc+32    : addi                       : No_OpClass : 
 634000: system.cpu: T0 : 0x800002ac @__init_libc+36    : add                        : No_OpClass : 
 635000: system.cpu: T0 : 0x800002b0 @__init_libc+40    : addi                       : No_OpClass : 
 636000: system.cpu: T0 : 0x800002b4 @__init_libc+44    : cmpu                       : No_OpClass : 
 637000: system.cpu: T0 : 0x800002b8 @__init_libc+48    : brn                        : No_OpClass : 
 638000: system.cpu: T0 : 0x80000290 @__init_libc+8    : addi.rb                    : No_OpClass : 
 639000: system.cpu: T0 : 0x80000294 @__init_libc+12    : blockcopy                  : No_OpClass : 
 640000: system.cpu: T0 : 0x80000298 @__init_libc+16    : add                        : No_OpClass : 
 641000: system.cpu: T0 : 0x8000029c @__init_libc+20    : addi                       : No_OpClass : 
 642000: system.cpu: T0 : 0x800002a0 @__init_libc+24    : blockcopy                  : No_OpClass : 
 643000: system.cpu: T0 : 0x800002a4 @__init_libc+28    : st                         : MemWrite :  A=0x7fffffffde43
 644000: system.cpu: T0 : 0x800002a8 @__init_libc+32    : addi                       : No_OpClass : 
 645000: system.cpu: T0 : 0x800002ac @__init_libc+36    : add                        : No_OpClass : 
 646000: system.cpu: T0 : 0x800002b0 @__init_libc+40    : addi                       : No_OpClass : 
 647000: system.cpu: T0 : 0x800002b4 @__init_libc+44    : cmpu                       : No_OpClass : 
 648000: system.cpu: T0 : 0x800002b8 @__init_libc+48    : brn                        : No_OpClass : 
 649000: system.cpu: T0 : 0x80000290 @__init_libc+8    : addi.rb                    : No_OpClass : 
 650000: system.cpu: T0 : 0x80000294 @__init_libc+12    : blockcopy                  : No_OpClass : 
 651000: system.cpu: T0 : 0x80000298 @__init_libc+16    : add                        : No_OpClass : 
 652000: system.cpu: T0 : 0x8000029c @__init_libc+20    : addi                       : No_OpClass : 
 653000: system.cpu: T0 : 0x800002a0 @__init_libc+24    : blockcopy                  : No_OpClass : 
 654000: system.cpu: T0 : 0x800002a4 @__init_libc+28    : st                         : MemWrite :  A=0x7fffffffde44
 655000: system.cpu: T0 : 0x800002a8 @__init_libc+32    : addi                       : No_OpClass : 
 656000: system.cpu: T0 : 0x800002ac @__init_libc+36    : add                        : No_OpClass : 
 657000: system.cpu: T0 : 0x800002b0 @__init_libc+40    : addi                       : No_OpClass : 
 658000: system.cpu: T0 : 0x800002b4 @__init_libc+44    : cmpu                       : No_OpClass : 
 659000: system.cpu: T0 : 0x800002b8 @__init_libc+48    : brn                        : No_OpClass : 
 660000: system.cpu: T0 : 0x80000290 @__init_libc+8    : addi.rb                    : No_OpClass : 
 661000: system.cpu: T0 : 0x80000294 @__init_libc+12    : blockcopy                  : No_OpClass : 
 662000: system.cpu: T0 : 0x80000298 @__init_libc+16    : add                        : No_OpClass : 
 663000: system.cpu: T0 : 0x8000029c @__init_libc+20    : addi                       : No_OpClass : 
 664000: system.cpu: T0 : 0x800002a0 @__init_libc+24    : blockcopy                  : No_OpClass : 
 665000: system.cpu: T0 : 0x800002a4 @__init_libc+28    : st                         : MemWrite :  A=0x7fffffffde45
 666000: system.cpu: T0 : 0x800002a8 @__init_libc+32    : addi                       : No_OpClass : 
 667000: system.cpu: T0 : 0x800002ac @__init_libc+36    : add                        : No_OpClass : 
 668000: system.cpu: T0 : 0x800002b0 @__init_libc+40    : addi                       : No_OpClass : 
 669000: system.cpu: T0 : 0x800002b4 @__init_libc+44    : cmpu                       : No_OpClass : 
 670000: system.cpu: T0 : 0x800002b8 @__init_libc+48    : brn                        : No_OpClass : 
 671000: system.cpu: T0 : 0x80000290 @__init_libc+8    : addi.rb                    : No_OpClass : 
 672000: system.cpu: T0 : 0x80000294 @__init_libc+12    : blockcopy                  : No_OpClass : 
 673000: system.cpu: T0 : 0x80000298 @__init_libc+16    : add                        : No_OpClass : 
 674000: system.cpu: T0 : 0x8000029c @__init_libc+20    : addi                       : No_OpClass : 
 675000: system.cpu: T0 : 0x800002a0 @__init_libc+24    : blockcopy                  : No_OpClass : 
 676000: system.cpu: T0 : 0x800002a4 @__init_libc+28    : st                         : MemWrite :  A=0x7fffffffde46
 677000: system.cpu: T0 : 0x800002a8 @__init_libc+32    : addi                       : No_OpClass : 
 678000: system.cpu: T0 : 0x800002ac @__init_libc+36    : add                        : No_OpClass : 
 679000: system.cpu: T0 : 0x800002b0 @__init_libc+40    : addi                       : No_OpClass : 
 680000: system.cpu: T0 : 0x800002b4 @__init_libc+44    : cmpu                       : No_OpClass : 
 681000: system.cpu: T0 : 0x800002b8 @__init_libc+48    : brn                        : No_OpClass : 
 682000: system.cpu: T0 : 0x80000290 @__init_libc+8    : addi.rb                    : No_OpClass : 
 683000: system.cpu: T0 : 0x80000294 @__init_libc+12    : blockcopy                  : No_OpClass : 
 684000: system.cpu: T0 : 0x80000298 @__init_libc+16    : add                        : No_OpClass : 
 685000: system.cpu: T0 : 0x8000029c @__init_libc+20    : addi                       : No_OpClass : 
 686000: system.cpu: T0 : 0x800002a0 @__init_libc+24    : blockcopy                  : No_OpClass : 
 687000: system.cpu: T0 : 0x800002a4 @__init_libc+28    : st                         : MemWrite :  A=0x7fffffffde47
 688000: system.cpu: T0 : 0x800002a8 @__init_libc+32    : addi                       : No_OpClass : 
 689000: system.cpu: T0 : 0x800002ac @__init_libc+36    : add                        : No_OpClass : 
 690000: system.cpu: T0 : 0x800002b0 @__init_libc+40    : addi                       : No_OpClass : 
 691000: system.cpu: T0 : 0x800002b4 @__init_libc+44    : cmpu                       : No_OpClass : 
 692000: system.cpu: T0 : 0x800002b8 @__init_libc+48    : brn                        : No_OpClass : 
 693000: system.cpu: T0 : 0x80000290 @__init_libc+8    : addi.rb                    : No_OpClass : 
 694000: system.cpu: T0 : 0x80000294 @__init_libc+12    : blockcopy                  : No_OpClass : 
 695000: system.cpu: T0 : 0x80000298 @__init_libc+16    : add                        : No_OpClass : 
 696000: system.cpu: T0 : 0x8000029c @__init_libc+20    : addi                       : No_OpClass : 
 697000: system.cpu: T0 : 0x800002a0 @__init_libc+24    : blockcopy                  : No_OpClass : 
 698000: system.cpu: T0 : 0x800002a4 @__init_libc+28    : st                         : MemWrite :  A=0x7fffffffde48
 699000: system.cpu: T0 : 0x800002a8 @__init_libc+32    : addi                       : No_OpClass : 
 700000: system.cpu: T0 : 0x800002ac @__init_libc+36    : add                        : No_OpClass : 
 701000: system.cpu: T0 : 0x800002b0 @__init_libc+40    : addi                       : No_OpClass : 
 702000: system.cpu: T0 : 0x800002b4 @__init_libc+44    : cmpu                       : No_OpClass : 
 703000: system.cpu: T0 : 0x800002b8 @__init_libc+48    : brn                        : No_OpClass : 
 704000: system.cpu: T0 : 0x80000290 @__init_libc+8    : addi.rb                    : No_OpClass : 
 705000: system.cpu: T0 : 0x80000294 @__init_libc+12    : blockcopy                  : No_OpClass : 
 706000: system.cpu: T0 : 0x80000298 @__init_libc+16    : add                        : No_OpClass : 
 707000: system.cpu: T0 : 0x8000029c @__init_libc+20    : addi                       : No_OpClass : 
 708000: system.cpu: T0 : 0x800002a0 @__init_libc+24    : blockcopy                  : No_OpClass : 
 709000: system.cpu: T0 : 0x800002a4 @__init_libc+28    : st                         : MemWrite :  A=0x7fffffffde49
 710000: system.cpu: T0 : 0x800002a8 @__init_libc+32    : addi                       : No_OpClass : 
 711000: system.cpu: T0 : 0x800002ac @__init_libc+36    : add                        : No_OpClass : 
 712000: system.cpu: T0 : 0x800002b0 @__init_libc+40    : addi                       : No_OpClass : 
 713000: system.cpu: T0 : 0x800002b4 @__init_libc+44    : cmpu                       : No_OpClass : 
 714000: system.cpu: T0 : 0x800002b8 @__init_libc+48    : brn                        : No_OpClass : 
 715000: system.cpu: T0 : 0x80000290 @__init_libc+8    : addi.rb                    : No_OpClass : 
 716000: system.cpu: T0 : 0x80000294 @__init_libc+12    : blockcopy                  : No_OpClass : 
 717000: system.cpu: T0 : 0x80000298 @__init_libc+16    : add                        : No_OpClass : 
 718000: system.cpu: T0 : 0x8000029c @__init_libc+20    : addi                       : No_OpClass : 
 719000: system.cpu: T0 : 0x800002a0 @__init_libc+24    : blockcopy                  : No_OpClass : 
 720000: system.cpu: T0 : 0x800002a4 @__init_libc+28    : st                         : MemWrite :  A=0x7fffffffde4a
 721000: system.cpu: T0 : 0x800002a8 @__init_libc+32    : addi                       : No_OpClass : 
 722000: system.cpu: T0 : 0x800002ac @__init_libc+36    : add                        : No_OpClass : 
 723000: system.cpu: T0 : 0x800002b0 @__init_libc+40    : addi                       : No_OpClass : 
 724000: system.cpu: T0 : 0x800002b4 @__init_libc+44    : cmpu                       : No_OpClass : 
 725000: system.cpu: T0 : 0x800002b8 @__init_libc+48    : brn                        : No_OpClass : 
 726000: system.cpu: T0 : 0x80000290 @__init_libc+8    : addi.rb                    : No_OpClass : 
 727000: system.cpu: T0 : 0x80000294 @__init_libc+12    : blockcopy                  : No_OpClass : 
 728000: system.cpu: T0 : 0x80000298 @__init_libc+16    : add                        : No_OpClass : 
 729000: system.cpu: T0 : 0x8000029c @__init_libc+20    : addi                       : No_OpClass : 
 730000: system.cpu: T0 : 0x800002a0 @__init_libc+24    : blockcopy                  : No_OpClass : 
 731000: system.cpu: T0 : 0x800002a4 @__init_libc+28    : st                         : MemWrite :  A=0x7fffffffde4b
 732000: system.cpu: T0 : 0x800002a8 @__init_libc+32    : addi                       : No_OpClass : 
 733000: system.cpu: T0 : 0x800002ac @__init_libc+36    : add                        : No_OpClass : 
 734000: system.cpu: T0 : 0x800002b0 @__init_libc+40    : addi                       : No_OpClass : 
 735000: system.cpu: T0 : 0x800002b4 @__init_libc+44    : cmpu                       : No_OpClass : 
 736000: system.cpu: T0 : 0x800002b8 @__init_libc+48    : brn                        : No_OpClass : 
 737000: system.cpu: T0 : 0x80000290 @__init_libc+8    : addi.rb                    : No_OpClass : 
 738000: system.cpu: T0 : 0x80000294 @__init_libc+12    : blockcopy                  : No_OpClass : 
 739000: system.cpu: T0 : 0x80000298 @__init_libc+16    : add                        : No_OpClass : 
 740000: system.cpu: T0 : 0x8000029c @__init_libc+20    : addi                       : No_OpClass : 
 741000: system.cpu: T0 : 0x800002a0 @__init_libc+24    : blockcopy                  : No_OpClass : 
 742000: system.cpu: T0 : 0x800002a4 @__init_libc+28    : st                         : MemWrite :  A=0x7fffffffde4c
 743000: system.cpu: T0 : 0x800002a8 @__init_libc+32    : addi                       : No_OpClass : 
 744000: system.cpu: T0 : 0x800002ac @__init_libc+36    : add                        : No_OpClass : 
 745000: system.cpu: T0 : 0x800002b0 @__init_libc+40    : addi                       : No_OpClass : 
 746000: system.cpu: T0 : 0x800002b4 @__init_libc+44    : cmpu                       : No_OpClass : 
 747000: system.cpu: T0 : 0x800002b8 @__init_libc+48    : brn                        : No_OpClass : 
 748000: system.cpu: T0 : 0x80000290 @__init_libc+8    : addi.rb                    : No_OpClass : 
 749000: system.cpu: T0 : 0x80000294 @__init_libc+12    : blockcopy                  : No_OpClass : 
 750000: system.cpu: T0 : 0x80000298 @__init_libc+16    : add                        : No_OpClass : 
 751000: system.cpu: T0 : 0x8000029c @__init_libc+20    : addi                       : No_OpClass : 
 752000: system.cpu: T0 : 0x800002a0 @__init_libc+24    : blockcopy                  : No_OpClass : 
 753000: system.cpu: T0 : 0x800002a4 @__init_libc+28    : st                         : MemWrite :  A=0x7fffffffde4d
 754000: system.cpu: T0 : 0x800002a8 @__init_libc+32    : addi                       : No_OpClass : 
 755000: system.cpu: T0 : 0x800002ac @__init_libc+36    : add                        : No_OpClass : 
 756000: system.cpu: T0 : 0x800002b0 @__init_libc+40    : addi                       : No_OpClass : 
 757000: system.cpu: T0 : 0x800002b4 @__init_libc+44    : cmpu                       : No_OpClass : 
 758000: system.cpu: T0 : 0x800002b8 @__init_libc+48    : brn                        : No_OpClass : 
 759000: system.cpu: T0 : 0x80000290 @__init_libc+8    : addi.rb                    : No_OpClass : 
 760000: system.cpu: T0 : 0x80000294 @__init_libc+12    : blockcopy                  : No_OpClass : 
 761000: system.cpu: T0 : 0x80000298 @__init_libc+16    : add                        : No_OpClass : 
 762000: system.cpu: T0 : 0x8000029c @__init_libc+20    : addi                       : No_OpClass : 
 763000: system.cpu: T0 : 0x800002a0 @__init_libc+24    : blockcopy                  : No_OpClass : 
 764000: system.cpu: T0 : 0x800002a4 @__init_libc+28    : st                         : MemWrite :  A=0x7fffffffde4e
 765000: system.cpu: T0 : 0x800002a8 @__init_libc+32    : addi                       : No_OpClass : 
 766000: system.cpu: T0 : 0x800002ac @__init_libc+36    : add                        : No_OpClass : 
 767000: system.cpu: T0 : 0x800002b0 @__init_libc+40    : addi                       : No_OpClass : 
 768000: system.cpu: T0 : 0x800002b4 @__init_libc+44    : cmpu                       : No_OpClass : 
 769000: system.cpu: T0 : 0x800002b8 @__init_libc+48    : brn                        : No_OpClass : 
 770000: system.cpu: T0 : 0x80000290 @__init_libc+8    : addi.rb                    : No_OpClass : 
 771000: system.cpu: T0 : 0x80000294 @__init_libc+12    : blockcopy                  : No_OpClass : 
 772000: system.cpu: T0 : 0x80000298 @__init_libc+16    : add                        : No_OpClass : 
 773000: system.cpu: T0 : 0x8000029c @__init_libc+20    : addi                       : No_OpClass : 
 774000: system.cpu: T0 : 0x800002a0 @__init_libc+24    : blockcopy                  : No_OpClass : 
 775000: system.cpu: T0 : 0x800002a4 @__init_libc+28    : st                         : MemWrite :  A=0x7fffffffde4f
 776000: system.cpu: T0 : 0x800002a8 @__init_libc+32    : addi                       : No_OpClass : 
 777000: system.cpu: T0 : 0x800002ac @__init_libc+36    : add                        : No_OpClass : 
 778000: system.cpu: T0 : 0x800002b0 @__init_libc+40    : addi                       : No_OpClass : 
 779000: system.cpu: T0 : 0x800002b4 @__init_libc+44    : cmpu                       : No_OpClass : 
 780000: system.cpu: T0 : 0x800002b8 @__init_libc+48    : brn                        : No_OpClass : 
 781000: system.cpu: T0 : 0x80000290 @__init_libc+8    : addi.rb                    : No_OpClass : 
 782000: system.cpu: T0 : 0x80000294 @__init_libc+12    : blockcopy                  : No_OpClass : 
 783000: system.cpu: T0 : 0x80000298 @__init_libc+16    : add                        : No_OpClass : 
 784000: system.cpu: T0 : 0x8000029c @__init_libc+20    : addi                       : No_OpClass : 
 785000: system.cpu: T0 : 0x800002a0 @__init_libc+24    : blockcopy                  : No_OpClass : 
 786000: system.cpu: T0 : 0x800002a4 @__init_libc+28    : st                         : MemWrite :  A=0x7fffffffde50
 787000: system.cpu: T0 : 0x800002a8 @__init_libc+32    : addi                       : No_OpClass : 
 788000: system.cpu: T0 : 0x800002ac @__init_libc+36    : add                        : No_OpClass : 
 789000: system.cpu: T0 : 0x800002b0 @__init_libc+40    : addi                       : No_OpClass : 
 790000: system.cpu: T0 : 0x800002b4 @__init_libc+44    : cmpu                       : No_OpClass : 
 791000: system.cpu: T0 : 0x800002b8 @__init_libc+48    : brn                        : No_OpClass : 
 792000: system.cpu: T0 : 0x80000290 @__init_libc+8    : addi.rb                    : No_OpClass : 
 793000: system.cpu: T0 : 0x80000294 @__init_libc+12    : blockcopy                  : No_OpClass : 
 794000: system.cpu: T0 : 0x80000298 @__init_libc+16    : add                        : No_OpClass : 
 795000: system.cpu: T0 : 0x8000029c @__init_libc+20    : addi                       : No_OpClass : 
 796000: system.cpu: T0 : 0x800002a0 @__init_libc+24    : blockcopy                  : No_OpClass : 
 797000: system.cpu: T0 : 0x800002a4 @__init_libc+28    : st                         : MemWrite :  A=0x7fffffffde51
 798000: system.cpu: T0 : 0x800002a8 @__init_libc+32    : addi                       : No_OpClass : 
 799000: system.cpu: T0 : 0x800002ac @__init_libc+36    : add                        : No_OpClass : 
 800000: system.cpu: T0 : 0x800002b0 @__init_libc+40    : addi                       : No_OpClass : 
 801000: system.cpu: T0 : 0x800002b4 @__init_libc+44    : cmpu                       : No_OpClass : 
 802000: system.cpu: T0 : 0x800002b8 @__init_libc+48    : brn                        : No_OpClass : 
 803000: system.cpu: T0 : 0x80000290 @__init_libc+8    : addi.rb                    : No_OpClass : 
 804000: system.cpu: T0 : 0x80000294 @__init_libc+12    : blockcopy                  : No_OpClass : 
 805000: system.cpu: T0 : 0x80000298 @__init_libc+16    : add                        : No_OpClass : 
 806000: system.cpu: T0 : 0x8000029c @__init_libc+20    : addi                       : No_OpClass : 
 807000: system.cpu: T0 : 0x800002a0 @__init_libc+24    : blockcopy                  : No_OpClass : 
 808000: system.cpu: T0 : 0x800002a4 @__init_libc+28    : st                         : MemWrite :  A=0x7fffffffde52
 809000: system.cpu: T0 : 0x800002a8 @__init_libc+32    : addi                       : No_OpClass : 
 810000: system.cpu: T0 : 0x800002ac @__init_libc+36    : add                        : No_OpClass : 
 811000: system.cpu: T0 : 0x800002b0 @__init_libc+40    : addi                       : No_OpClass : 
 812000: system.cpu: T0 : 0x800002b4 @__init_libc+44    : cmpu                       : No_OpClass : 
 813000: system.cpu: T0 : 0x800002b8 @__init_libc+48    : brn                        : No_OpClass : 
 814000: system.cpu: T0 : 0x80000290 @__init_libc+8    : addi.rb                    : No_OpClass : 
 815000: system.cpu: T0 : 0x80000294 @__init_libc+12    : blockcopy                  : No_OpClass : 
 816000: system.cpu: T0 : 0x80000298 @__init_libc+16    : add                        : No_OpClass : 
 817000: system.cpu: T0 : 0x8000029c @__init_libc+20    : addi                       : No_OpClass : 
 818000: system.cpu: T0 : 0x800002a0 @__init_libc+24    : blockcopy                  : No_OpClass : 
 819000: system.cpu: T0 : 0x800002a4 @__init_libc+28    : st                         : MemWrite :  A=0x7fffffffde53
 820000: system.cpu: T0 : 0x800002a8 @__init_libc+32    : addi                       : No_OpClass : 
 821000: system.cpu: T0 : 0x800002ac @__init_libc+36    : add                        : No_OpClass : 
 822000: system.cpu: T0 : 0x800002b0 @__init_libc+40    : addi                       : No_OpClass : 
 823000: system.cpu: T0 : 0x800002b4 @__init_libc+44    : cmpu                       : No_OpClass : 
 824000: system.cpu: T0 : 0x800002b8 @__init_libc+48    : brn                        : No_OpClass : 
 825000: system.cpu: T0 : 0x80000290 @__init_libc+8    : addi.rb                    : No_OpClass : 
 826000: system.cpu: T0 : 0x80000294 @__init_libc+12    : blockcopy                  : No_OpClass : 
 827000: system.cpu: T0 : 0x80000298 @__init_libc+16    : add                        : No_OpClass : 
 828000: system.cpu: T0 : 0x8000029c @__init_libc+20    : addi                       : No_OpClass : 
 829000: system.cpu: T0 : 0x800002a0 @__init_libc+24    : blockcopy                  : No_OpClass : 
 830000: system.cpu: T0 : 0x800002a4 @__init_libc+28    : st                         : MemWrite :  A=0x7fffffffde54
 831000: system.cpu: T0 : 0x800002a8 @__init_libc+32    : addi                       : No_OpClass : 
 832000: system.cpu: T0 : 0x800002ac @__init_libc+36    : add                        : No_OpClass : 
 833000: system.cpu: T0 : 0x800002b0 @__init_libc+40    : addi                       : No_OpClass : 
 834000: system.cpu: T0 : 0x800002b4 @__init_libc+44    : cmpu                       : No_OpClass : 
 835000: system.cpu: T0 : 0x800002b8 @__init_libc+48    : brn                        : No_OpClass : 
 836000: system.cpu: T0 : 0x80000290 @__init_libc+8    : addi.rb                    : No_OpClass : 
 837000: system.cpu: T0 : 0x80000294 @__init_libc+12    : blockcopy                  : No_OpClass : 
 838000: system.cpu: T0 : 0x80000298 @__init_libc+16    : add                        : No_OpClass : 
 839000: system.cpu: T0 : 0x8000029c @__init_libc+20    : addi                       : No_OpClass : 
 840000: system.cpu: T0 : 0x800002a0 @__init_libc+24    : blockcopy                  : No_OpClass : 
 841000: system.cpu: T0 : 0x800002a4 @__init_libc+28    : st                         : MemWrite :  A=0x7fffffffde55
 842000: system.cpu: T0 : 0x800002a8 @__init_libc+32    : addi                       : No_OpClass : 
 843000: system.cpu: T0 : 0x800002ac @__init_libc+36    : add                        : No_OpClass : 
 844000: system.cpu: T0 : 0x800002b0 @__init_libc+40    : addi                       : No_OpClass : 
 845000: system.cpu: T0 : 0x800002b4 @__init_libc+44    : cmpu                       : No_OpClass : 
 846000: system.cpu: T0 : 0x800002b8 @__init_libc+48    : brn                        : No_OpClass : 
 847000: system.cpu: T0 : 0x80000290 @__init_libc+8    : addi.rb                    : No_OpClass : 
 848000: system.cpu: T0 : 0x80000294 @__init_libc+12    : blockcopy                  : No_OpClass : 
 849000: system.cpu: T0 : 0x80000298 @__init_libc+16    : add                        : No_OpClass : 
 850000: system.cpu: T0 : 0x8000029c @__init_libc+20    : addi                       : No_OpClass : 
 851000: system.cpu: T0 : 0x800002a0 @__init_libc+24    : blockcopy                  : No_OpClass : 
 852000: system.cpu: T0 : 0x800002a4 @__init_libc+28    : st                         : MemWrite :  A=0x7fffffffde56
 853000: system.cpu: T0 : 0x800002a8 @__init_libc+32    : addi                       : No_OpClass : 
 854000: system.cpu: T0 : 0x800002ac @__init_libc+36    : add                        : No_OpClass : 
 855000: system.cpu: T0 : 0x800002b0 @__init_libc+40    : addi                       : No_OpClass : 
 856000: system.cpu: T0 : 0x800002b4 @__init_libc+44    : cmpu                       : No_OpClass : 
 857000: system.cpu: T0 : 0x800002b8 @__init_libc+48    : brn                        : No_OpClass : 
 858000: system.cpu: T0 : 0x80000290 @__init_libc+8    : addi.rb                    : No_OpClass : 
 859000: system.cpu: T0 : 0x80000294 @__init_libc+12    : blockcopy                  : No_OpClass : 
 860000: system.cpu: T0 : 0x80000298 @__init_libc+16    : add                        : No_OpClass : 
 861000: system.cpu: T0 : 0x8000029c @__init_libc+20    : addi                       : No_OpClass : 
 862000: system.cpu: T0 : 0x800002a0 @__init_libc+24    : blockcopy                  : No_OpClass : 
 863000: system.cpu: T0 : 0x800002a4 @__init_libc+28    : st                         : MemWrite :  A=0x7fffffffde57
 864000: system.cpu: T0 : 0x800002a8 @__init_libc+32    : addi                       : No_OpClass : 
 865000: system.cpu: T0 : 0x800002ac @__init_libc+36    : add                        : No_OpClass : 
 866000: system.cpu: T0 : 0x800002b0 @__init_libc+40    : addi                       : No_OpClass : 
 867000: system.cpu: T0 : 0x800002b4 @__init_libc+44    : cmpu                       : No_OpClass : 
 868000: system.cpu: T0 : 0x800002b8 @__init_libc+48    : brn                        : No_OpClass : 
 869000: system.cpu: T0 : 0x80000290 @__init_libc+8    : addi.rb                    : No_OpClass : 
 870000: system.cpu: T0 : 0x80000294 @__init_libc+12    : blockcopy                  : No_OpClass : 
 871000: system.cpu: T0 : 0x80000298 @__init_libc+16    : add                        : No_OpClass : 
 872000: system.cpu: T0 : 0x8000029c @__init_libc+20    : addi                       : No_OpClass : 
 873000: system.cpu: T0 : 0x800002a0 @__init_libc+24    : blockcopy                  : No_OpClass : 
 874000: system.cpu: T0 : 0x800002a4 @__init_libc+28    : st                         : MemWrite :  A=0x7fffffffde58
 875000: system.cpu: T0 : 0x800002a8 @__init_libc+32    : addi                       : No_OpClass : 
 876000: system.cpu: T0 : 0x800002ac @__init_libc+36    : add                        : No_OpClass : 
 877000: system.cpu: T0 : 0x800002b0 @__init_libc+40    : addi                       : No_OpClass : 
 878000: system.cpu: T0 : 0x800002b4 @__init_libc+44    : cmpu                       : No_OpClass : 
 879000: system.cpu: T0 : 0x800002b8 @__init_libc+48    : brn                        : No_OpClass : 
 880000: system.cpu: T0 : 0x80000290 @__init_libc+8    : addi.rb                    : No_OpClass : 
 881000: system.cpu: T0 : 0x80000294 @__init_libc+12    : blockcopy                  : No_OpClass : 
 882000: system.cpu: T0 : 0x80000298 @__init_libc+16    : add                        : No_OpClass : 
 883000: system.cpu: T0 : 0x8000029c @__init_libc+20    : addi                       : No_OpClass : 
 884000: system.cpu: T0 : 0x800002a0 @__init_libc+24    : blockcopy                  : No_OpClass : 
 885000: system.cpu: T0 : 0x800002a4 @__init_libc+28    : st                         : MemWrite :  A=0x7fffffffde59
 886000: system.cpu: T0 : 0x800002a8 @__init_libc+32    : addi                       : No_OpClass : 
 887000: system.cpu: T0 : 0x800002ac @__init_libc+36    : add                        : No_OpClass : 
 888000: system.cpu: T0 : 0x800002b0 @__init_libc+40    : addi                       : No_OpClass : 
 889000: system.cpu: T0 : 0x800002b4 @__init_libc+44    : cmpu                       : No_OpClass : 
 890000: system.cpu: T0 : 0x800002b8 @__init_libc+48    : brn                        : No_OpClass : 
 891000: system.cpu: T0 : 0x80000290 @__init_libc+8    : addi.rb                    : No_OpClass : 
 892000: system.cpu: T0 : 0x80000294 @__init_libc+12    : blockcopy                  : No_OpClass : 
 893000: system.cpu: T0 : 0x80000298 @__init_libc+16    : add                        : No_OpClass : 
 894000: system.cpu: T0 : 0x8000029c @__init_libc+20    : addi                       : No_OpClass : 
 895000: system.cpu: T0 : 0x800002a0 @__init_libc+24    : blockcopy                  : No_OpClass : 
 896000: system.cpu: T0 : 0x800002a4 @__init_libc+28    : st                         : MemWrite :  A=0x7fffffffde5a
 897000: system.cpu: T0 : 0x800002a8 @__init_libc+32    : addi                       : No_OpClass : 
 898000: system.cpu: T0 : 0x800002ac @__init_libc+36    : add                        : No_OpClass : 
 899000: system.cpu: T0 : 0x800002b0 @__init_libc+40    : addi                       : No_OpClass : 
 900000: system.cpu: T0 : 0x800002b4 @__init_libc+44    : cmpu                       : No_OpClass : 
 901000: system.cpu: T0 : 0x800002b8 @__init_libc+48    : brn                        : No_OpClass : 
 902000: system.cpu: T0 : 0x80000290 @__init_libc+8    : addi.rb                    : No_OpClass : 
 903000: system.cpu: T0 : 0x80000294 @__init_libc+12    : blockcopy                  : No_OpClass : 
 904000: system.cpu: T0 : 0x80000298 @__init_libc+16    : add                        : No_OpClass : 
 905000: system.cpu: T0 : 0x8000029c @__init_libc+20    : addi                       : No_OpClass : 
 906000: system.cpu: T0 : 0x800002a0 @__init_libc+24    : blockcopy                  : No_OpClass : 
 907000: system.cpu: T0 : 0x800002a4 @__init_libc+28    : st                         : MemWrite :  A=0x7fffffffde5b
 908000: system.cpu: T0 : 0x800002a8 @__init_libc+32    : addi                       : No_OpClass : 
 909000: system.cpu: T0 : 0x800002ac @__init_libc+36    : add                        : No_OpClass : 
 910000: system.cpu: T0 : 0x800002b0 @__init_libc+40    : addi                       : No_OpClass : 
 911000: system.cpu: T0 : 0x800002b4 @__init_libc+44    : cmpu                       : No_OpClass : 
 912000: system.cpu: T0 : 0x800002b8 @__init_libc+48    : brn                        : No_OpClass : 
 913000: system.cpu: T0 : 0x80000290 @__init_libc+8    : addi.rb                    : No_OpClass : 
 914000: system.cpu: T0 : 0x80000294 @__init_libc+12    : blockcopy                  : No_OpClass : 
 915000: system.cpu: T0 : 0x80000298 @__init_libc+16    : add                        : No_OpClass : 
 916000: system.cpu: T0 : 0x8000029c @__init_libc+20    : addi                       : No_OpClass : 
 917000: system.cpu: T0 : 0x800002a0 @__init_libc+24    : blockcopy                  : No_OpClass : 
 918000: system.cpu: T0 : 0x800002a4 @__init_libc+28    : st                         : MemWrite :  A=0x7fffffffde5c
 919000: system.cpu: T0 : 0x800002a8 @__init_libc+32    : addi                       : No_OpClass : 
 920000: system.cpu: T0 : 0x800002ac @__init_libc+36    : add                        : No_OpClass : 
 921000: system.cpu: T0 : 0x800002b0 @__init_libc+40    : addi                       : No_OpClass : 
 922000: system.cpu: T0 : 0x800002b4 @__init_libc+44    : cmpu                       : No_OpClass : 
 923000: system.cpu: T0 : 0x800002b8 @__init_libc+48    : brn                        : No_OpClass : 
 924000: system.cpu: T0 : 0x80000290 @__init_libc+8    : addi.rb                    : No_OpClass : 
 925000: system.cpu: T0 : 0x80000294 @__init_libc+12    : blockcopy                  : No_OpClass : 
 926000: system.cpu: T0 : 0x80000298 @__init_libc+16    : add                        : No_OpClass : 
 927000: system.cpu: T0 : 0x8000029c @__init_libc+20    : addi                       : No_OpClass : 
 928000: system.cpu: T0 : 0x800002a0 @__init_libc+24    : blockcopy                  : No_OpClass : 
 929000: system.cpu: T0 : 0x800002a4 @__init_libc+28    : st                         : MemWrite :  A=0x7fffffffde5d
 930000: system.cpu: T0 : 0x800002a8 @__init_libc+32    : addi                       : No_OpClass : 
 931000: system.cpu: T0 : 0x800002ac @__init_libc+36    : add                        : No_OpClass : 
 932000: system.cpu: T0 : 0x800002b0 @__init_libc+40    : addi                       : No_OpClass : 
 933000: system.cpu: T0 : 0x800002b4 @__init_libc+44    : cmpu                       : No_OpClass : 
 934000: system.cpu: T0 : 0x800002b8 @__init_libc+48    : brn                        : No_OpClass : 
 935000: system.cpu: T0 : 0x80000290 @__init_libc+8    : addi.rb                    : No_OpClass : 
 936000: system.cpu: T0 : 0x80000294 @__init_libc+12    : blockcopy                  : No_OpClass : 
 937000: system.cpu: T0 : 0x80000298 @__init_libc+16    : add                        : No_OpClass : 
 938000: system.cpu: T0 : 0x8000029c @__init_libc+20    : addi                       : No_OpClass : 
 939000: system.cpu: T0 : 0x800002a0 @__init_libc+24    : blockcopy                  : No_OpClass : 
 940000: system.cpu: T0 : 0x800002a4 @__init_libc+28    : st                         : MemWrite :  A=0x7fffffffde5e
 941000: system.cpu: T0 : 0x800002a8 @__init_libc+32    : addi                       : No_OpClass : 
 942000: system.cpu: T0 : 0x800002ac @__init_libc+36    : add                        : No_OpClass : 
 943000: system.cpu: T0 : 0x800002b0 @__init_libc+40    : addi                       : No_OpClass : 
 944000: system.cpu: T0 : 0x800002b4 @__init_libc+44    : cmpu                       : No_OpClass : 
 945000: system.cpu: T0 : 0x800002b8 @__init_libc+48    : brn                        : No_OpClass : 
 946000: system.cpu: T0 : 0x80000290 @__init_libc+8    : addi.rb                    : No_OpClass : 
 947000: system.cpu: T0 : 0x80000294 @__init_libc+12    : blockcopy                  : No_OpClass : 
 948000: system.cpu: T0 : 0x80000298 @__init_libc+16    : add                        : No_OpClass : 
 949000: system.cpu: T0 : 0x8000029c @__init_libc+20    : addi                       : No_OpClass : 
 950000: system.cpu: T0 : 0x800002a0 @__init_libc+24    : blockcopy                  : No_OpClass : 
 951000: system.cpu: T0 : 0x800002a4 @__init_libc+28    : st                         : MemWrite :  A=0x7fffffffde5f
 952000: system.cpu: T0 : 0x800002a8 @__init_libc+32    : addi                       : No_OpClass : 
 953000: system.cpu: T0 : 0x800002ac @__init_libc+36    : add                        : No_OpClass : 
 954000: system.cpu: T0 : 0x800002b0 @__init_libc+40    : addi                       : No_OpClass : 
 955000: system.cpu: T0 : 0x800002b4 @__init_libc+44    : cmpu                       : No_OpClass : 
 956000: system.cpu: T0 : 0x800002b8 @__init_libc+48    : brn                        : No_OpClass : 
 957000: system.cpu: T0 : 0x80000290 @__init_libc+8    : addi.rb                    : No_OpClass : 
 958000: system.cpu: T0 : 0x80000294 @__init_libc+12    : blockcopy                  : No_OpClass : 
 959000: system.cpu: T0 : 0x80000298 @__init_libc+16    : add                        : No_OpClass : 
 960000: system.cpu: T0 : 0x8000029c @__init_libc+20    : addi                       : No_OpClass : 
 961000: system.cpu: T0 : 0x800002a0 @__init_libc+24    : blockcopy                  : No_OpClass : 
 962000: system.cpu: T0 : 0x800002a4 @__init_libc+28    : st                         : MemWrite :  A=0x7fffffffde60
 963000: system.cpu: T0 : 0x800002a8 @__init_libc+32    : addi                       : No_OpClass : 
 964000: system.cpu: T0 : 0x800002ac @__init_libc+36    : add                        : No_OpClass : 
 965000: system.cpu: T0 : 0x800002b0 @__init_libc+40    : addi                       : No_OpClass : 
 966000: system.cpu: T0 : 0x800002b4 @__init_libc+44    : cmpu                       : No_OpClass : 
 967000: system.cpu: T0 : 0x800002b8 @__init_libc+48    : brn                        : No_OpClass : 
 968000: system.cpu: T0 : 0x80000290 @__init_libc+8    : addi.rb                    : No_OpClass : 
 969000: system.cpu: T0 : 0x80000294 @__init_libc+12    : blockcopy                  : No_OpClass : 
 970000: system.cpu: T0 : 0x80000298 @__init_libc+16    : add                        : No_OpClass : 
 971000: system.cpu: T0 : 0x8000029c @__init_libc+20    : addi                       : No_OpClass : 
 972000: system.cpu: T0 : 0x800002a0 @__init_libc+24    : blockcopy                  : No_OpClass : 
 973000: system.cpu: T0 : 0x800002a4 @__init_libc+28    : st                         : MemWrite :  A=0x7fffffffde61
 974000: system.cpu: T0 : 0x800002a8 @__init_libc+32    : addi                       : No_OpClass : 
 975000: system.cpu: T0 : 0x800002ac @__init_libc+36    : add                        : No_OpClass : 
 976000: system.cpu: T0 : 0x800002b0 @__init_libc+40    : addi                       : No_OpClass : 
 977000: system.cpu: T0 : 0x800002b4 @__init_libc+44    : cmpu                       : No_OpClass : 
 978000: system.cpu: T0 : 0x800002b8 @__init_libc+48    : brn                        : No_OpClass : 
 979000: system.cpu: T0 : 0x80000290 @__init_libc+8    : addi.rb                    : No_OpClass : 
 980000: system.cpu: T0 : 0x80000294 @__init_libc+12    : blockcopy                  : No_OpClass : 
 981000: system.cpu: T0 : 0x80000298 @__init_libc+16    : add                        : No_OpClass : 
 982000: system.cpu: T0 : 0x8000029c @__init_libc+20    : addi                       : No_OpClass : 
 983000: system.cpu: T0 : 0x800002a0 @__init_libc+24    : blockcopy                  : No_OpClass : 
 984000: system.cpu: T0 : 0x800002a4 @__init_libc+28    : st                         : MemWrite :  A=0x7fffffffde62
 985000: system.cpu: T0 : 0x800002a8 @__init_libc+32    : addi                       : No_OpClass : 
 986000: system.cpu: T0 : 0x800002ac @__init_libc+36    : add                        : No_OpClass : 
 987000: system.cpu: T0 : 0x800002b0 @__init_libc+40    : addi                       : No_OpClass : 
 988000: system.cpu: T0 : 0x800002b4 @__init_libc+44    : cmpu                       : No_OpClass : 
 989000: system.cpu: T0 : 0x800002b8 @__init_libc+48    : brn                        : No_OpClass : 
 990000: system.cpu: T0 : 0x80000290 @__init_libc+8    : addi.rb                    : No_OpClass : 
 991000: system.cpu: T0 : 0x80000294 @__init_libc+12    : blockcopy                  : No_OpClass : 
 992000: system.cpu: T0 : 0x80000298 @__init_libc+16    : add                        : No_OpClass : 
 993000: system.cpu: T0 : 0x8000029c @__init_libc+20    : addi                       : No_OpClass : 
 994000: system.cpu: T0 : 0x800002a0 @__init_libc+24    : blockcopy                  : No_OpClass : 
 995000: system.cpu: T0 : 0x800002a4 @__init_libc+28    : st                         : MemWrite :  A=0x7fffffffde63
 996000: system.cpu: T0 : 0x800002a8 @__init_libc+32    : addi                       : No_OpClass : 
 997000: system.cpu: T0 : 0x800002ac @__init_libc+36    : add                        : No_OpClass : 
 998000: system.cpu: T0 : 0x800002b0 @__init_libc+40    : addi                       : No_OpClass : 
 999000: system.cpu: T0 : 0x800002b4 @__init_libc+44    : cmpu                       : No_OpClass : 
1000000: system.cpu: T0 : 0x800002b8 @__init_libc+48    : brn                        : No_OpClass : 
1001000: system.cpu: T0 : 0x80000290 @__init_libc+8    : addi.rb                    : No_OpClass : 
1002000: system.cpu: T0 : 0x80000294 @__init_libc+12    : blockcopy                  : No_OpClass : 
1003000: system.cpu: T0 : 0x80000298 @__init_libc+16    : add                        : No_OpClass : 
1004000: system.cpu: T0 : 0x8000029c @__init_libc+20    : addi                       : No_OpClass : 
1005000: system.cpu: T0 : 0x800002a0 @__init_libc+24    : blockcopy                  : No_OpClass : 
1006000: system.cpu: T0 : 0x800002a4 @__init_libc+28    : st                         : MemWrite :  A=0x7fffffffde64
1007000: system.cpu: T0 : 0x800002a8 @__init_libc+32    : addi                       : No_OpClass : 
1008000: system.cpu: T0 : 0x800002ac @__init_libc+36    : add                        : No_OpClass : 
1009000: system.cpu: T0 : 0x800002b0 @__init_libc+40    : addi                       : No_OpClass : 
1010000: system.cpu: T0 : 0x800002b4 @__init_libc+44    : cmpu                       : No_OpClass : 
1011000: system.cpu: T0 : 0x800002b8 @__init_libc+48    : brn                        : No_OpClass : 
1012000: system.cpu: T0 : 0x80000290 @__init_libc+8    : addi.rb                    : No_OpClass : 
1013000: system.cpu: T0 : 0x80000294 @__init_libc+12    : blockcopy                  : No_OpClass : 
1014000: system.cpu: T0 : 0x80000298 @__init_libc+16    : add                        : No_OpClass : 
1015000: system.cpu: T0 : 0x8000029c @__init_libc+20    : addi                       : No_OpClass : 
1016000: system.cpu: T0 : 0x800002a0 @__init_libc+24    : blockcopy                  : No_OpClass : 
1017000: system.cpu: T0 : 0x800002a4 @__init_libc+28    : st                         : MemWrite :  A=0x7fffffffde65
1018000: system.cpu: T0 : 0x800002a8 @__init_libc+32    : addi                       : No_OpClass : 
1019000: system.cpu: T0 : 0x800002ac @__init_libc+36    : add                        : No_OpClass : 
1020000: system.cpu: T0 : 0x800002b0 @__init_libc+40    : addi                       : No_OpClass : 
1021000: system.cpu: T0 : 0x800002b4 @__init_libc+44    : cmpu                       : No_OpClass : 
1022000: system.cpu: T0 : 0x800002b8 @__init_libc+48    : brn                        : No_OpClass : 
1023000: system.cpu: T0 : 0x80000290 @__init_libc+8    : addi.rb                    : No_OpClass : 
1024000: system.cpu: T0 : 0x80000294 @__init_libc+12    : blockcopy                  : No_OpClass : 
1025000: system.cpu: T0 : 0x80000298 @__init_libc+16    : add                        : No_OpClass : 
1026000: system.cpu: T0 : 0x8000029c @__init_libc+20    : addi                       : No_OpClass : 
1027000: system.cpu: T0 : 0x800002a0 @__init_libc+24    : blockcopy                  : No_OpClass : 
1028000: system.cpu: T0 : 0x800002a4 @__init_libc+28    : st                         : MemWrite :  A=0x7fffffffde66
1029000: system.cpu: T0 : 0x800002a8 @__init_libc+32    : addi                       : No_OpClass : 
1030000: system.cpu: T0 : 0x800002ac @__init_libc+36    : add                        : No_OpClass : 
1031000: system.cpu: T0 : 0x800002b0 @__init_libc+40    : addi                       : No_OpClass : 
1032000: system.cpu: T0 : 0x800002b4 @__init_libc+44    : cmpu                       : No_OpClass : 
1033000: system.cpu: T0 : 0x800002b8 @__init_libc+48    : brn                        : No_OpClass : 
1034000: system.cpu: T0 : 0x80000290 @__init_libc+8    : addi.rb                    : No_OpClass : 
1035000: system.cpu: T0 : 0x80000294 @__init_libc+12    : blockcopy                  : No_OpClass : 
1036000: system.cpu: T0 : 0x80000298 @__init_libc+16    : add                        : No_OpClass : 
1037000: system.cpu: T0 : 0x8000029c @__init_libc+20    : addi                       : No_OpClass : 
1038000: system.cpu: T0 : 0x800002a0 @__init_libc+24    : blockcopy                  : No_OpClass : 
1039000: system.cpu: T0 : 0x800002a4 @__init_libc+28    : st                         : MemWrite :  A=0x7fffffffde67
1040000: system.cpu: T0 : 0x800002a8 @__init_libc+32    : addi                       : No_OpClass : 
1041000: system.cpu: T0 : 0x800002ac @__init_libc+36    : add                        : No_OpClass : 
1042000: system.cpu: T0 : 0x800002b0 @__init_libc+40    : addi                       : No_OpClass : 
1043000: system.cpu: T0 : 0x800002b4 @__init_libc+44    : cmpu                       : No_OpClass : 
1044000: system.cpu: T0 : 0x800002b8 @__init_libc+48    : brn                        : No_OpClass : 
1045000: system.cpu: T0 : 0x80000290 @__init_libc+8    : addi.rb                    : No_OpClass : 
1046000: system.cpu: T0 : 0x80000294 @__init_libc+12    : blockcopy                  : No_OpClass : 
1047000: system.cpu: T0 : 0x80000298 @__init_libc+16    : add                        : No_OpClass : 
1048000: system.cpu: T0 : 0x8000029c @__init_libc+20    : addi                       : No_OpClass : 
1049000: system.cpu: T0 : 0x800002a0 @__init_libc+24    : blockcopy                  : No_OpClass : 
1050000: system.cpu: T0 : 0x800002a4 @__init_libc+28    : st                         : MemWrite :  A=0x7fffffffde68
1051000: system.cpu: T0 : 0x800002a8 @__init_libc+32    : addi                       : No_OpClass : 
1052000: system.cpu: T0 : 0x800002ac @__init_libc+36    : add                        : No_OpClass : 
1053000: system.cpu: T0 : 0x800002b0 @__init_libc+40    : addi                       : No_OpClass : 
1054000: system.cpu: T0 : 0x800002b4 @__init_libc+44    : cmpu                       : No_OpClass : 
1055000: system.cpu: T0 : 0x800002b8 @__init_libc+48    : brn                        : No_OpClass : 
1056000: system.cpu: T0 : 0x80000290 @__init_libc+8    : addi.rb                    : No_OpClass : 
1057000: system.cpu: T0 : 0x80000294 @__init_libc+12    : blockcopy                  : No_OpClass : 
1058000: system.cpu: T0 : 0x80000298 @__init_libc+16    : add                        : No_OpClass : 
1059000: system.cpu: T0 : 0x8000029c @__init_libc+20    : addi                       : No_OpClass : 
1060000: system.cpu: T0 : 0x800002a0 @__init_libc+24    : blockcopy                  : No_OpClass : 
1061000: system.cpu: T0 : 0x800002a4 @__init_libc+28    : st                         : MemWrite :  A=0x7fffffffde69
1062000: system.cpu: T0 : 0x800002a8 @__init_libc+32    : addi                       : No_OpClass : 
1063000: system.cpu: T0 : 0x800002ac @__init_libc+36    : add                        : No_OpClass : 
1064000: system.cpu: T0 : 0x800002b0 @__init_libc+40    : addi                       : No_OpClass : 
1065000: system.cpu: T0 : 0x800002b4 @__init_libc+44    : cmpu                       : No_OpClass : 
1066000: system.cpu: T0 : 0x800002b8 @__init_libc+48    : brn                        : No_OpClass : 
1067000: system.cpu: T0 : 0x80000290 @__init_libc+8    : addi.rb                    : No_OpClass : 
1068000: system.cpu: T0 : 0x80000294 @__init_libc+12    : blockcopy                  : No_OpClass : 
1069000: system.cpu: T0 : 0x80000298 @__init_libc+16    : add                        : No_OpClass : 
1070000: system.cpu: T0 : 0x8000029c @__init_libc+20    : addi                       : No_OpClass : 
1071000: system.cpu: T0 : 0x800002a0 @__init_libc+24    : blockcopy                  : No_OpClass : 
1072000: system.cpu: T0 : 0x800002a4 @__init_libc+28    : st                         : MemWrite :  A=0x7fffffffde6a
1073000: system.cpu: T0 : 0x800002a8 @__init_libc+32    : addi                       : No_OpClass : 
1074000: system.cpu: T0 : 0x800002ac @__init_libc+36    : add                        : No_OpClass : 
1075000: system.cpu: T0 : 0x800002b0 @__init_libc+40    : addi                       : No_OpClass : 
1076000: system.cpu: T0 : 0x800002b4 @__init_libc+44    : cmpu                       : No_OpClass : 
1077000: system.cpu: T0 : 0x800002b8 @__init_libc+48    : brn                        : No_OpClass : 
1078000: system.cpu: T0 : 0x80000290 @__init_libc+8    : addi.rb                    : No_OpClass : 
1079000: system.cpu: T0 : 0x80000294 @__init_libc+12    : blockcopy                  : No_OpClass : 
1080000: system.cpu: T0 : 0x80000298 @__init_libc+16    : add                        : No_OpClass : 
1081000: system.cpu: T0 : 0x8000029c @__init_libc+20    : addi                       : No_OpClass : 
1082000: system.cpu: T0 : 0x800002a0 @__init_libc+24    : blockcopy                  : No_OpClass : 
1083000: system.cpu: T0 : 0x800002a4 @__init_libc+28    : st                         : MemWrite :  A=0x7fffffffde6b
1084000: system.cpu: T0 : 0x800002a8 @__init_libc+32    : addi                       : No_OpClass : 
1085000: system.cpu: T0 : 0x800002ac @__init_libc+36    : add                        : No_OpClass : 
1086000: system.cpu: T0 : 0x800002b0 @__init_libc+40    : addi                       : No_OpClass : 
1087000: system.cpu: T0 : 0x800002b4 @__init_libc+44    : cmpu                       : No_OpClass : 
1088000: system.cpu: T0 : 0x800002b8 @__init_libc+48    : brn                        : No_OpClass : 
1089000: system.cpu: T0 : 0x80000290 @__init_libc+8    : addi.rb                    : No_OpClass : 
1090000: system.cpu: T0 : 0x80000294 @__init_libc+12    : blockcopy                  : No_OpClass : 
1091000: system.cpu: T0 : 0x80000298 @__init_libc+16    : add                        : No_OpClass : 
1092000: system.cpu: T0 : 0x8000029c @__init_libc+20    : addi                       : No_OpClass : 
1093000: system.cpu: T0 : 0x800002a0 @__init_libc+24    : blockcopy                  : No_OpClass : 
1094000: system.cpu: T0 : 0x800002a4 @__init_libc+28    : st                         : MemWrite :  A=0x7fffffffde6c
1095000: system.cpu: T0 : 0x800002a8 @__init_libc+32    : addi                       : No_OpClass : 
1096000: system.cpu: T0 : 0x800002ac @__init_libc+36    : add                        : No_OpClass : 
1097000: system.cpu: T0 : 0x800002b0 @__init_libc+40    : addi                       : No_OpClass : 
1098000: system.cpu: T0 : 0x800002b4 @__init_libc+44    : cmpu                       : No_OpClass : 
1099000: system.cpu: T0 : 0x800002b8 @__init_libc+48    : brn                        : No_OpClass : 
1100000: system.cpu: T0 : 0x80000290 @__init_libc+8    : addi.rb                    : No_OpClass : 
1101000: system.cpu: T0 : 0x80000294 @__init_libc+12    : blockcopy                  : No_OpClass : 
1102000: system.cpu: T0 : 0x80000298 @__init_libc+16    : add                        : No_OpClass : 
1103000: system.cpu: T0 : 0x8000029c @__init_libc+20    : addi                       : No_OpClass : 
1104000: system.cpu: T0 : 0x800002a0 @__init_libc+24    : blockcopy                  : No_OpClass : 
1105000: system.cpu: T0 : 0x800002a4 @__init_libc+28    : st                         : MemWrite :  A=0x7fffffffde6d
1106000: system.cpu: T0 : 0x800002a8 @__init_libc+32    : addi                       : No_OpClass : 
1107000: system.cpu: T0 : 0x800002ac @__init_libc+36    : add                        : No_OpClass : 
1108000: system.cpu: T0 : 0x800002b0 @__init_libc+40    : addi                       : No_OpClass : 
1109000: system.cpu: T0 : 0x800002b4 @__init_libc+44    : cmpu                       : No_OpClass : 
1110000: system.cpu: T0 : 0x800002b8 @__init_libc+48    : brn                        : No_OpClass : 
1111000: system.cpu: T0 : 0x80000290 @__init_libc+8    : addi.rb                    : No_OpClass : 
1112000: system.cpu: T0 : 0x80000294 @__init_libc+12    : blockcopy                  : No_OpClass : 
1113000: system.cpu: T0 : 0x80000298 @__init_libc+16    : add                        : No_OpClass : 
1114000: system.cpu: T0 : 0x8000029c @__init_libc+20    : addi                       : No_OpClass : 
1115000: system.cpu: T0 : 0x800002a0 @__init_libc+24    : blockcopy                  : No_OpClass : 
1116000: system.cpu: T0 : 0x800002a4 @__init_libc+28    : st                         : MemWrite :  A=0x7fffffffde6e
1117000: system.cpu: T0 : 0x800002a8 @__init_libc+32    : addi                       : No_OpClass : 
1118000: system.cpu: T0 : 0x800002ac @__init_libc+36    : add                        : No_OpClass : 
1119000: system.cpu: T0 : 0x800002b0 @__init_libc+40    : addi                       : No_OpClass : 
1120000: system.cpu: T0 : 0x800002b4 @__init_libc+44    : cmpu                       : No_OpClass : 
1121000: system.cpu: T0 : 0x800002b8 @__init_libc+48    : brn                        : No_OpClass : 
1122000: system.cpu: T0 : 0x80000290 @__init_libc+8    : addi.rb                    : No_OpClass : 
1123000: system.cpu: T0 : 0x80000294 @__init_libc+12    : blockcopy                  : No_OpClass : 
1124000: system.cpu: T0 : 0x80000298 @__init_libc+16    : add                        : No_OpClass : 
1125000: system.cpu: T0 : 0x8000029c @__init_libc+20    : addi                       : No_OpClass : 
1126000: system.cpu: T0 : 0x800002a0 @__init_libc+24    : blockcopy                  : No_OpClass : 
1127000: system.cpu: T0 : 0x800002a4 @__init_libc+28    : st                         : MemWrite :  A=0x7fffffffde6f
1128000: system.cpu: T0 : 0x800002a8 @__init_libc+32    : addi                       : No_OpClass : 
1129000: system.cpu: T0 : 0x800002ac @__init_libc+36    : add                        : No_OpClass : 
1130000: system.cpu: T0 : 0x800002b0 @__init_libc+40    : addi                       : No_OpClass : 
1131000: system.cpu: T0 : 0x800002b4 @__init_libc+44    : cmpu                       : No_OpClass : 
1132000: system.cpu: T0 : 0x800002b8 @__init_libc+48    : brn                        : No_OpClass : 
1133000: system.cpu: T0 : 0x80000290 @__init_libc+8    : addi.rb                    : No_OpClass : 
1134000: system.cpu: T0 : 0x80000294 @__init_libc+12    : blockcopy                  : No_OpClass : 
1135000: system.cpu: T0 : 0x80000298 @__init_libc+16    : add                        : No_OpClass : 
1136000: system.cpu: T0 : 0x8000029c @__init_libc+20    : addi                       : No_OpClass : 
1137000: system.cpu: T0 : 0x800002a0 @__init_libc+24    : blockcopy                  : No_OpClass : 
1138000: system.cpu: T0 : 0x800002a4 @__init_libc+28    : st                         : MemWrite :  A=0x7fffffffde70
1139000: system.cpu: T0 : 0x800002a8 @__init_libc+32    : addi                       : No_OpClass : 
1140000: system.cpu: T0 : 0x800002ac @__init_libc+36    : add                        : No_OpClass : 
1141000: system.cpu: T0 : 0x800002b0 @__init_libc+40    : addi                       : No_OpClass : 
1142000: system.cpu: T0 : 0x800002b4 @__init_libc+44    : cmpu                       : No_OpClass : 
1143000: system.cpu: T0 : 0x800002b8 @__init_libc+48    : brn                        : No_OpClass : 
1144000: system.cpu: T0 : 0x80000290 @__init_libc+8    : addi.rb                    : No_OpClass : 
1145000: system.cpu: T0 : 0x80000294 @__init_libc+12    : blockcopy                  : No_OpClass : 
1146000: system.cpu: T0 : 0x80000298 @__init_libc+16    : add                        : No_OpClass : 
1147000: system.cpu: T0 : 0x8000029c @__init_libc+20    : addi                       : No_OpClass : 
1148000: system.cpu: T0 : 0x800002a0 @__init_libc+24    : blockcopy                  : No_OpClass : 
1149000: system.cpu: T0 : 0x800002a4 @__init_libc+28    : st                         : MemWrite :  A=0x7fffffffde71
1150000: system.cpu: T0 : 0x800002a8 @__init_libc+32    : addi                       : No_OpClass : 
1151000: system.cpu: T0 : 0x800002ac @__init_libc+36    : add                        : No_OpClass : 
1152000: system.cpu: T0 : 0x800002b0 @__init_libc+40    : addi                       : No_OpClass : 
1153000: system.cpu: T0 : 0x800002b4 @__init_libc+44    : cmpu                       : No_OpClass : 
1154000: system.cpu: T0 : 0x800002b8 @__init_libc+48    : brn                        : No_OpClass : 
1155000: system.cpu: T0 : 0x80000290 @__init_libc+8    : addi.rb                    : No_OpClass : 
1156000: system.cpu: T0 : 0x80000294 @__init_libc+12    : blockcopy                  : No_OpClass : 
1157000: system.cpu: T0 : 0x80000298 @__init_libc+16    : add                        : No_OpClass : 
1158000: system.cpu: T0 : 0x8000029c @__init_libc+20    : addi                       : No_OpClass : 
1159000: system.cpu: T0 : 0x800002a0 @__init_libc+24    : blockcopy                  : No_OpClass : 
1160000: system.cpu: T0 : 0x800002a4 @__init_libc+28    : st                         : MemWrite :  A=0x7fffffffde72
1161000: system.cpu: T0 : 0x800002a8 @__init_libc+32    : addi                       : No_OpClass : 
1162000: system.cpu: T0 : 0x800002ac @__init_libc+36    : add                        : No_OpClass : 
1163000: system.cpu: T0 : 0x800002b0 @__init_libc+40    : addi                       : No_OpClass : 
1164000: system.cpu: T0 : 0x800002b4 @__init_libc+44    : cmpu                       : No_OpClass : 
1165000: system.cpu: T0 : 0x800002b8 @__init_libc+48    : brn                        : No_OpClass : 
1166000: system.cpu: T0 : 0x80000290 @__init_libc+8    : addi.rb                    : No_OpClass : 
1167000: system.cpu: T0 : 0x80000294 @__init_libc+12    : blockcopy                  : No_OpClass : 
1168000: system.cpu: T0 : 0x80000298 @__init_libc+16    : add                        : No_OpClass : 
1169000: system.cpu: T0 : 0x8000029c @__init_libc+20    : addi                       : No_OpClass : 
1170000: system.cpu: T0 : 0x800002a0 @__init_libc+24    : blockcopy                  : No_OpClass : 
1171000: system.cpu: T0 : 0x800002a4 @__init_libc+28    : st                         : MemWrite :  A=0x7fffffffde73
1172000: system.cpu: T0 : 0x800002a8 @__init_libc+32    : addi                       : No_OpClass : 
1173000: system.cpu: T0 : 0x800002ac @__init_libc+36    : add                        : No_OpClass : 
1174000: system.cpu: T0 : 0x800002b0 @__init_libc+40    : addi                       : No_OpClass : 
1175000: system.cpu: T0 : 0x800002b4 @__init_libc+44    : cmpu                       : No_OpClass : 
1176000: system.cpu: T0 : 0x800002b8 @__init_libc+48    : brn                        : No_OpClass : 
1177000: system.cpu: T0 : 0x80000290 @__init_libc+8    : addi.rb                    : No_OpClass : 
1178000: system.cpu: T0 : 0x80000294 @__init_libc+12    : blockcopy                  : No_OpClass : 
1179000: system.cpu: T0 : 0x80000298 @__init_libc+16    : add                        : No_OpClass : 
1180000: system.cpu: T0 : 0x8000029c @__init_libc+20    : addi                       : No_OpClass : 
1181000: system.cpu: T0 : 0x800002a0 @__init_libc+24    : blockcopy                  : No_OpClass : 
1182000: system.cpu: T0 : 0x800002a4 @__init_libc+28    : st                         : MemWrite :  A=0x7fffffffde74
1183000: system.cpu: T0 : 0x800002a8 @__init_libc+32    : addi                       : No_OpClass : 
1184000: system.cpu: T0 : 0x800002ac @__init_libc+36    : add                        : No_OpClass : 
1185000: system.cpu: T0 : 0x800002b0 @__init_libc+40    : addi                       : No_OpClass : 
1186000: system.cpu: T0 : 0x800002b4 @__init_libc+44    : cmpu                       : No_OpClass : 
1187000: system.cpu: T0 : 0x800002b8 @__init_libc+48    : brn                        : No_OpClass : 
1188000: system.cpu: T0 : 0x80000290 @__init_libc+8    : addi.rb                    : No_OpClass : 
1189000: system.cpu: T0 : 0x80000294 @__init_libc+12    : blockcopy                  : No_OpClass : 
1190000: system.cpu: T0 : 0x80000298 @__init_libc+16    : add                        : No_OpClass : 
1191000: system.cpu: T0 : 0x8000029c @__init_libc+20    : addi                       : No_OpClass : 
1192000: system.cpu: T0 : 0x800002a0 @__init_libc+24    : blockcopy                  : No_OpClass : 
1193000: system.cpu: T0 : 0x800002a4 @__init_libc+28    : st                         : MemWrite :  A=0x7fffffffde75
1194000: system.cpu: T0 : 0x800002a8 @__init_libc+32    : addi                       : No_OpClass : 
1195000: system.cpu: T0 : 0x800002ac @__init_libc+36    : add                        : No_OpClass : 
1196000: system.cpu: T0 : 0x800002b0 @__init_libc+40    : addi                       : No_OpClass : 
1197000: system.cpu: T0 : 0x800002b4 @__init_libc+44    : cmpu                       : No_OpClass : 
1198000: system.cpu: T0 : 0x800002b8 @__init_libc+48    : brn                        : No_OpClass : 
1199000: system.cpu: T0 : 0x80000290 @__init_libc+8    : addi.rb                    : No_OpClass : 
1200000: system.cpu: T0 : 0x80000294 @__init_libc+12    : blockcopy                  : No_OpClass : 
1201000: system.cpu: T0 : 0x80000298 @__init_libc+16    : add                        : No_OpClass : 
1202000: system.cpu: T0 : 0x8000029c @__init_libc+20    : addi                       : No_OpClass : 
1203000: system.cpu: T0 : 0x800002a0 @__init_libc+24    : blockcopy                  : No_OpClass : 
1204000: system.cpu: T0 : 0x800002a4 @__init_libc+28    : st                         : MemWrite :  A=0x7fffffffde76
1205000: system.cpu: T0 : 0x800002a8 @__init_libc+32    : addi                       : No_OpClass : 
1206000: system.cpu: T0 : 0x800002ac @__init_libc+36    : add                        : No_OpClass : 
1207000: system.cpu: T0 : 0x800002b0 @__init_libc+40    : addi                       : No_OpClass : 
1208000: system.cpu: T0 : 0x800002b4 @__init_libc+44    : cmpu                       : No_OpClass : 
1209000: system.cpu: T0 : 0x800002b8 @__init_libc+48    : brn                        : No_OpClass : 
1210000: system.cpu: T0 : 0x80000290 @__init_libc+8    : addi.rb                    : No_OpClass : 
1211000: system.cpu: T0 : 0x80000294 @__init_libc+12    : blockcopy                  : No_OpClass : 
1212000: system.cpu: T0 : 0x80000298 @__init_libc+16    : add                        : No_OpClass : 
1213000: system.cpu: T0 : 0x8000029c @__init_libc+20    : addi                       : No_OpClass : 
1214000: system.cpu: T0 : 0x800002a0 @__init_libc+24    : blockcopy                  : No_OpClass : 
1215000: system.cpu: T0 : 0x800002a4 @__init_libc+28    : st                         : MemWrite :  A=0x7fffffffde77
1216000: system.cpu: T0 : 0x800002a8 @__init_libc+32    : addi                       : No_OpClass : 
1217000: system.cpu: T0 : 0x800002ac @__init_libc+36    : add                        : No_OpClass : 
1218000: system.cpu: T0 : 0x800002b0 @__init_libc+40    : addi                       : No_OpClass : 
1219000: system.cpu: T0 : 0x800002b4 @__init_libc+44    : cmpu                       : No_OpClass : 
1220000: system.cpu: T0 : 0x800002b8 @__init_libc+48    : brn                        : No_OpClass : 
1221000: system.cpu: T0 : 0x80000290 @__init_libc+8    : addi.rb                    : No_OpClass : 
1222000: system.cpu: T0 : 0x80000294 @__init_libc+12    : blockcopy                  : No_OpClass : 
1223000: system.cpu: T0 : 0x80000298 @__init_libc+16    : add                        : No_OpClass : 
1224000: system.cpu: T0 : 0x8000029c @__init_libc+20    : addi                       : No_OpClass : 
1225000: system.cpu: T0 : 0x800002a0 @__init_libc+24    : blockcopy                  : No_OpClass : 
1226000: system.cpu: T0 : 0x800002a4 @__init_libc+28    : st                         : MemWrite :  A=0x7fffffffde78
1227000: system.cpu: T0 : 0x800002a8 @__init_libc+32    : addi                       : No_OpClass : 
1228000: system.cpu: T0 : 0x800002ac @__init_libc+36    : add                        : No_OpClass : 
1229000: system.cpu: T0 : 0x800002b0 @__init_libc+40    : addi                       : No_OpClass : 
1230000: system.cpu: T0 : 0x800002b4 @__init_libc+44    : cmpu                       : No_OpClass : 
1231000: system.cpu: T0 : 0x800002b8 @__init_libc+48    : brn                        : No_OpClass : 
1232000: system.cpu: T0 : 0x80000290 @__init_libc+8    : addi.rb                    : No_OpClass : 
1233000: system.cpu: T0 : 0x80000294 @__init_libc+12    : blockcopy                  : No_OpClass : 
1234000: system.cpu: T0 : 0x80000298 @__init_libc+16    : add                        : No_OpClass : 
1235000: system.cpu: T0 : 0x8000029c @__init_libc+20    : addi                       : No_OpClass : 
1236000: system.cpu: T0 : 0x800002a0 @__init_libc+24    : blockcopy                  : No_OpClass : 
1237000: system.cpu: T0 : 0x800002a4 @__init_libc+28    : st                         : MemWrite :  A=0x7fffffffde79
1238000: system.cpu: T0 : 0x800002a8 @__init_libc+32    : addi                       : No_OpClass : 
1239000: system.cpu: T0 : 0x800002ac @__init_libc+36    : add                        : No_OpClass : 
1240000: system.cpu: T0 : 0x800002b0 @__init_libc+40    : addi                       : No_OpClass : 
1241000: system.cpu: T0 : 0x800002b4 @__init_libc+44    : cmpu                       : No_OpClass : 
1242000: system.cpu: T0 : 0x800002b8 @__init_libc+48    : brn                        : No_OpClass : 
1243000: system.cpu: T0 : 0x80000290 @__init_libc+8    : addi.rb                    : No_OpClass : 
1244000: system.cpu: T0 : 0x80000294 @__init_libc+12    : blockcopy                  : No_OpClass : 
1245000: system.cpu: T0 : 0x80000298 @__init_libc+16    : add                        : No_OpClass : 
1246000: system.cpu: T0 : 0x8000029c @__init_libc+20    : addi                       : No_OpClass : 
1247000: system.cpu: T0 : 0x800002a0 @__init_libc+24    : blockcopy                  : No_OpClass : 
1248000: system.cpu: T0 : 0x800002a4 @__init_libc+28    : st                         : MemWrite :  A=0x7fffffffde7a
1249000: system.cpu: T0 : 0x800002a8 @__init_libc+32    : addi                       : No_OpClass : 
1250000: system.cpu: T0 : 0x800002ac @__init_libc+36    : add                        : No_OpClass : 
1251000: system.cpu: T0 : 0x800002b0 @__init_libc+40    : addi                       : No_OpClass : 
1252000: system.cpu: T0 : 0x800002b4 @__init_libc+44    : cmpu                       : No_OpClass : 
1253000: system.cpu: T0 : 0x800002b8 @__init_libc+48    : brn                        : No_OpClass : 
1254000: system.cpu: T0 : 0x80000290 @__init_libc+8    : addi.rb                    : No_OpClass : 
1255000: system.cpu: T0 : 0x80000294 @__init_libc+12    : blockcopy                  : No_OpClass : 
1256000: system.cpu: T0 : 0x80000298 @__init_libc+16    : add                        : No_OpClass : 
1257000: system.cpu: T0 : 0x8000029c @__init_libc+20    : addi                       : No_OpClass : 
1258000: system.cpu: T0 : 0x800002a0 @__init_libc+24    : blockcopy                  : No_OpClass : 
1259000: system.cpu: T0 : 0x800002a4 @__init_libc+28    : st                         : MemWrite :  A=0x7fffffffde7b
1260000: system.cpu: T0 : 0x800002a8 @__init_libc+32    : addi                       : No_OpClass : 
1261000: system.cpu: T0 : 0x800002ac @__init_libc+36    : add                        : No_OpClass : 
1262000: system.cpu: T0 : 0x800002b0 @__init_libc+40    : addi                       : No_OpClass : 
1263000: system.cpu: T0 : 0x800002b4 @__init_libc+44    : cmpu                       : No_OpClass : 
1264000: system.cpu: T0 : 0x800002b8 @__init_libc+48    : brn                        : No_OpClass : 
1265000: system.cpu: T0 : 0x80000290 @__init_libc+8    : addi.rb                    : No_OpClass : 
1266000: system.cpu: T0 : 0x80000294 @__init_libc+12    : blockcopy                  : No_OpClass : 
1267000: system.cpu: T0 : 0x80000298 @__init_libc+16    : add                        : No_OpClass : 
1268000: system.cpu: T0 : 0x8000029c @__init_libc+20    : addi                       : No_OpClass : 
1269000: system.cpu: T0 : 0x800002a0 @__init_libc+24    : blockcopy                  : No_OpClass : 
1270000: system.cpu: T0 : 0x800002a4 @__init_libc+28    : st                         : MemWrite :  A=0x7fffffffde7c
1271000: system.cpu: T0 : 0x800002a8 @__init_libc+32    : addi                       : No_OpClass : 
1272000: system.cpu: T0 : 0x800002ac @__init_libc+36    : add                        : No_OpClass : 
1273000: system.cpu: T0 : 0x800002b0 @__init_libc+40    : addi                       : No_OpClass : 
1274000: system.cpu: T0 : 0x800002b4 @__init_libc+44    : cmpu                       : No_OpClass : 
1275000: system.cpu: T0 : 0x800002b8 @__init_libc+48    : brn                        : No_OpClass : 
1276000: system.cpu: T0 : 0x80000290 @__init_libc+8    : addi.rb                    : No_OpClass : 
1277000: system.cpu: T0 : 0x80000294 @__init_libc+12    : blockcopy                  : No_OpClass : 
1278000: system.cpu: T0 : 0x80000298 @__init_libc+16    : add                        : No_OpClass : 
1279000: system.cpu: T0 : 0x8000029c @__init_libc+20    : addi                       : No_OpClass : 
1280000: system.cpu: T0 : 0x800002a0 @__init_libc+24    : blockcopy                  : No_OpClass : 
1281000: system.cpu: T0 : 0x800002a4 @__init_libc+28    : st                         : MemWrite :  A=0x7fffffffde7d
1282000: system.cpu: T0 : 0x800002a8 @__init_libc+32    : addi                       : No_OpClass : 
1283000: system.cpu: T0 : 0x800002ac @__init_libc+36    : add                        : No_OpClass : 
1284000: system.cpu: T0 : 0x800002b0 @__init_libc+40    : addi                       : No_OpClass : 
1285000: system.cpu: T0 : 0x800002b4 @__init_libc+44    : cmpu                       : No_OpClass : 
1286000: system.cpu: T0 : 0x800002b8 @__init_libc+48    : brn                        : No_OpClass : 
1287000: system.cpu: T0 : 0x80000290 @__init_libc+8    : addi.rb                    : No_OpClass : 
1288000: system.cpu: T0 : 0x80000294 @__init_libc+12    : blockcopy                  : No_OpClass : 
1289000: system.cpu: T0 : 0x80000298 @__init_libc+16    : add                        : No_OpClass : 
1290000: system.cpu: T0 : 0x8000029c @__init_libc+20    : addi                       : No_OpClass : 
1291000: system.cpu: T0 : 0x800002a0 @__init_libc+24    : blockcopy                  : No_OpClass : 
1292000: system.cpu: T0 : 0x800002a4 @__init_libc+28    : st                         : MemWrite :  A=0x7fffffffde7e
1293000: system.cpu: T0 : 0x800002a8 @__init_libc+32    : addi                       : No_OpClass : 
1294000: system.cpu: T0 : 0x800002ac @__init_libc+36    : add                        : No_OpClass : 
1295000: system.cpu: T0 : 0x800002b0 @__init_libc+40    : addi                       : No_OpClass : 
1296000: system.cpu: T0 : 0x800002b4 @__init_libc+44    : cmpu                       : No_OpClass : 
1297000: system.cpu: T0 : 0x800002b8 @__init_libc+48    : brn                        : No_OpClass : 
1298000: system.cpu: T0 : 0x80000290 @__init_libc+8    : addi.rb                    : No_OpClass : 
1299000: system.cpu: T0 : 0x80000294 @__init_libc+12    : blockcopy                  : No_OpClass : 
1300000: system.cpu: T0 : 0x80000298 @__init_libc+16    : add                        : No_OpClass : 
1301000: system.cpu: T0 : 0x8000029c @__init_libc+20    : addi                       : No_OpClass : 
1302000: system.cpu: T0 : 0x800002a0 @__init_libc+24    : blockcopy                  : No_OpClass : 
1303000: system.cpu: T0 : 0x800002a4 @__init_libc+28    : st                         : MemWrite :  A=0x7fffffffde7f
1304000: system.cpu: T0 : 0x800002a8 @__init_libc+32    : addi                       : No_OpClass : 
1305000: system.cpu: T0 : 0x800002ac @__init_libc+36    : add                        : No_OpClass : 
1306000: system.cpu: T0 : 0x800002b0 @__init_libc+40    : addi                       : No_OpClass : 
1307000: system.cpu: T0 : 0x800002b4 @__init_libc+44    : cmpu                       : No_OpClass : 
1308000: system.cpu: T0 : 0x800002b8 @__init_libc+48    : brn                        : No_OpClass : 
1309000: system.cpu: T0 : 0x80000290 @__init_libc+8    : addi.rb                    : No_OpClass : 
1310000: system.cpu: T0 : 0x80000294 @__init_libc+12    : blockcopy                  : No_OpClass : 
1311000: system.cpu: T0 : 0x80000298 @__init_libc+16    : add                        : No_OpClass : 
1312000: system.cpu: T0 : 0x8000029c @__init_libc+20    : addi                       : No_OpClass : 
1313000: system.cpu: T0 : 0x800002a0 @__init_libc+24    : blockcopy                  : No_OpClass : 
1314000: system.cpu: T0 : 0x800002a4 @__init_libc+28    : st                         : MemWrite :  A=0x7fffffffde80
1315000: system.cpu: T0 : 0x800002a8 @__init_libc+32    : addi                       : No_OpClass : 
1316000: system.cpu: T0 : 0x800002ac @__init_libc+36    : add                        : No_OpClass : 
1317000: system.cpu: T0 : 0x800002b0 @__init_libc+40    : addi                       : No_OpClass : 
1318000: system.cpu: T0 : 0x800002b4 @__init_libc+44    : cmpu                       : No_OpClass : 
1319000: system.cpu: T0 : 0x800002b8 @__init_libc+48    : brn                        : No_OpClass : 
1320000: system.cpu: T0 : 0x80000290 @__init_libc+8    : addi.rb                    : No_OpClass : 
1321000: system.cpu: T0 : 0x80000294 @__init_libc+12    : blockcopy                  : No_OpClass : 
1322000: system.cpu: T0 : 0x80000298 @__init_libc+16    : add                        : No_OpClass : 
1323000: system.cpu: T0 : 0x8000029c @__init_libc+20    : addi                       : No_OpClass : 
1324000: system.cpu: T0 : 0x800002a0 @__init_libc+24    : blockcopy                  : No_OpClass : 
1325000: system.cpu: T0 : 0x800002a4 @__init_libc+28    : st                         : MemWrite :  A=0x7fffffffde81
1326000: system.cpu: T0 : 0x800002a8 @__init_libc+32    : addi                       : No_OpClass : 
1327000: system.cpu: T0 : 0x800002ac @__init_libc+36    : add                        : No_OpClass : 
1328000: system.cpu: T0 : 0x800002b0 @__init_libc+40    : addi                       : No_OpClass : 
1329000: system.cpu: T0 : 0x800002b4 @__init_libc+44    : cmpu                       : No_OpClass : 
1330000: system.cpu: T0 : 0x800002b8 @__init_libc+48    : brn                        : No_OpClass : 
1331000: system.cpu: T0 : 0x80000290 @__init_libc+8    : addi.rb                    : No_OpClass : 
1332000: system.cpu: T0 : 0x80000294 @__init_libc+12    : blockcopy                  : No_OpClass : 
1333000: system.cpu: T0 : 0x80000298 @__init_libc+16    : add                        : No_OpClass : 
1334000: system.cpu: T0 : 0x8000029c @__init_libc+20    : addi                       : No_OpClass : 
1335000: system.cpu: T0 : 0x800002a0 @__init_libc+24    : blockcopy                  : No_OpClass : 
1336000: system.cpu: T0 : 0x800002a4 @__init_libc+28    : st                         : MemWrite :  A=0x7fffffffde82
1337000: system.cpu: T0 : 0x800002a8 @__init_libc+32    : addi                       : No_OpClass : 
1338000: system.cpu: T0 : 0x800002ac @__init_libc+36    : add                        : No_OpClass : 
1339000: system.cpu: T0 : 0x800002b0 @__init_libc+40    : addi                       : No_OpClass : 
1340000: system.cpu: T0 : 0x800002b4 @__init_libc+44    : cmpu                       : No_OpClass : 
1341000: system.cpu: T0 : 0x800002b8 @__init_libc+48    : brn                        : No_OpClass : 
1342000: system.cpu: T0 : 0x80000290 @__init_libc+8    : addi.rb                    : No_OpClass : 
1343000: system.cpu: T0 : 0x80000294 @__init_libc+12    : blockcopy                  : No_OpClass : 
1344000: system.cpu: T0 : 0x80000298 @__init_libc+16    : add                        : No_OpClass : 
1345000: system.cpu: T0 : 0x8000029c @__init_libc+20    : addi                       : No_OpClass : 
1346000: system.cpu: T0 : 0x800002a0 @__init_libc+24    : blockcopy                  : No_OpClass : 
1347000: system.cpu: T0 : 0x800002a4 @__init_libc+28    : st                         : MemWrite :  A=0x7fffffffde83
1348000: system.cpu: T0 : 0x800002a8 @__init_libc+32    : addi                       : No_OpClass : 
1349000: system.cpu: T0 : 0x800002ac @__init_libc+36    : add                        : No_OpClass : 
1350000: system.cpu: T0 : 0x800002b0 @__init_libc+40    : addi                       : No_OpClass : 
1351000: system.cpu: T0 : 0x800002b4 @__init_libc+44    : cmpu                       : No_OpClass : 
1352000: system.cpu: T0 : 0x800002b8 @__init_libc+48    : brn                        : No_OpClass : 
1353000: system.cpu: T0 : 0x80000290 @__init_libc+8    : addi.rb                    : No_OpClass : 
1354000: system.cpu: T0 : 0x80000294 @__init_libc+12    : blockcopy                  : No_OpClass : 
1355000: system.cpu: T0 : 0x80000298 @__init_libc+16    : add                        : No_OpClass : 
1356000: system.cpu: T0 : 0x8000029c @__init_libc+20    : addi                       : No_OpClass : 
1357000: system.cpu: T0 : 0x800002a0 @__init_libc+24    : blockcopy                  : No_OpClass : 
1358000: system.cpu: T0 : 0x800002a4 @__init_libc+28    : st                         : MemWrite :  A=0x7fffffffde84
1359000: system.cpu: T0 : 0x800002a8 @__init_libc+32    : addi                       : No_OpClass : 
1360000: system.cpu: T0 : 0x800002ac @__init_libc+36    : add                        : No_OpClass : 
1361000: system.cpu: T0 : 0x800002b0 @__init_libc+40    : addi                       : No_OpClass : 
1362000: system.cpu: T0 : 0x800002b4 @__init_libc+44    : cmpu                       : No_OpClass : 
1363000: system.cpu: T0 : 0x800002b8 @__init_libc+48    : brn                        : No_OpClass : 
1364000: system.cpu: T0 : 0x80000290 @__init_libc+8    : addi.rb                    : No_OpClass : 
1365000: system.cpu: T0 : 0x80000294 @__init_libc+12    : blockcopy                  : No_OpClass : 
1366000: system.cpu: T0 : 0x80000298 @__init_libc+16    : add                        : No_OpClass : 
1367000: system.cpu: T0 : 0x8000029c @__init_libc+20    : addi                       : No_OpClass : 
1368000: system.cpu: T0 : 0x800002a0 @__init_libc+24    : blockcopy                  : No_OpClass : 
1369000: system.cpu: T0 : 0x800002a4 @__init_libc+28    : st                         : MemWrite :  A=0x7fffffffde85
1370000: system.cpu: T0 : 0x800002a8 @__init_libc+32    : addi                       : No_OpClass : 
1371000: system.cpu: T0 : 0x800002ac @__init_libc+36    : add                        : No_OpClass : 
1372000: system.cpu: T0 : 0x800002b0 @__init_libc+40    : addi                       : No_OpClass : 
1373000: system.cpu: T0 : 0x800002b4 @__init_libc+44    : cmpu                       : No_OpClass : 
1374000: system.cpu: T0 : 0x800002b8 @__init_libc+48    : brn                        : No_OpClass : 
1375000: system.cpu: T0 : 0x80000290 @__init_libc+8    : addi.rb                    : No_OpClass : 
1376000: system.cpu: T0 : 0x80000294 @__init_libc+12    : blockcopy                  : No_OpClass : 
1377000: system.cpu: T0 : 0x80000298 @__init_libc+16    : add                        : No_OpClass : 
1378000: system.cpu: T0 : 0x8000029c @__init_libc+20    : addi                       : No_OpClass : 
1379000: system.cpu: T0 : 0x800002a0 @__init_libc+24    : blockcopy                  : No_OpClass : 
1380000: system.cpu: T0 : 0x800002a4 @__init_libc+28    : st                         : MemWrite :  A=0x7fffffffde86
1381000: system.cpu: T0 : 0x800002a8 @__init_libc+32    : addi                       : No_OpClass : 
1382000: system.cpu: T0 : 0x800002ac @__init_libc+36    : add                        : No_OpClass : 
1383000: system.cpu: T0 : 0x800002b0 @__init_libc+40    : addi                       : No_OpClass : 
1384000: system.cpu: T0 : 0x800002b4 @__init_libc+44    : cmpu                       : No_OpClass : 
1385000: system.cpu: T0 : 0x800002b8 @__init_libc+48    : brn                        : No_OpClass : 
1386000: system.cpu: T0 : 0x80000290 @__init_libc+8    : addi.rb                    : No_OpClass : 
1387000: system.cpu: T0 : 0x80000294 @__init_libc+12    : blockcopy                  : No_OpClass : 
1388000: system.cpu: T0 : 0x80000298 @__init_libc+16    : add                        : No_OpClass : 
1389000: system.cpu: T0 : 0x8000029c @__init_libc+20    : addi                       : No_OpClass : 
1390000: system.cpu: T0 : 0x800002a0 @__init_libc+24    : blockcopy                  : No_OpClass : 
1391000: system.cpu: T0 : 0x800002a4 @__init_libc+28    : st                         : MemWrite :  A=0x7fffffffde87
1392000: system.cpu: T0 : 0x800002a8 @__init_libc+32    : addi                       : No_OpClass : 
1393000: system.cpu: T0 : 0x800002ac @__init_libc+36    : add                        : No_OpClass : 
1394000: system.cpu: T0 : 0x800002b0 @__init_libc+40    : addi                       : No_OpClass : 
1395000: system.cpu: T0 : 0x800002b4 @__init_libc+44    : cmpu                       : No_OpClass : 
1396000: system.cpu: T0 : 0x800002b8 @__init_libc+48    : brn                        : No_OpClass : 
1397000: system.cpu: T0 : 0x80000290 @__init_libc+8    : addi.rb                    : No_OpClass : 
1398000: system.cpu: T0 : 0x80000294 @__init_libc+12    : blockcopy                  : No_OpClass : 
1399000: system.cpu: T0 : 0x80000298 @__init_libc+16    : add                        : No_OpClass : 
1400000: system.cpu: T0 : 0x8000029c @__init_libc+20    : addi                       : No_OpClass : 
1401000: system.cpu: T0 : 0x800002a0 @__init_libc+24    : blockcopy                  : No_OpClass : 
1402000: system.cpu: T0 : 0x800002a4 @__init_libc+28    : st                         : MemWrite :  A=0x7fffffffde88
1403000: system.cpu: T0 : 0x800002a8 @__init_libc+32    : addi                       : No_OpClass : 
1404000: system.cpu: T0 : 0x800002ac @__init_libc+36    : add                        : No_OpClass : 
1405000: system.cpu: T0 : 0x800002b0 @__init_libc+40    : addi                       : No_OpClass : 
1406000: system.cpu: T0 : 0x800002b4 @__init_libc+44    : cmpu                       : No_OpClass : 
1407000: system.cpu: T0 : 0x800002b8 @__init_libc+48    : brn                        : No_OpClass : 
1408000: system.cpu: T0 : 0x80000290 @__init_libc+8    : addi.rb                    : No_OpClass : 
1409000: system.cpu: T0 : 0x80000294 @__init_libc+12    : blockcopy                  : No_OpClass : 
1410000: system.cpu: T0 : 0x80000298 @__init_libc+16    : add                        : No_OpClass : 
1411000: system.cpu: T0 : 0x8000029c @__init_libc+20    : addi                       : No_OpClass : 
1412000: system.cpu: T0 : 0x800002a0 @__init_libc+24    : blockcopy                  : No_OpClass : 
1413000: system.cpu: T0 : 0x800002a4 @__init_libc+28    : st                         : MemWrite :  A=0x7fffffffde89
1414000: system.cpu: T0 : 0x800002a8 @__init_libc+32    : addi                       : No_OpClass : 
1415000: system.cpu: T0 : 0x800002ac @__init_libc+36    : add                        : No_OpClass : 
1416000: system.cpu: T0 : 0x800002b0 @__init_libc+40    : addi                       : No_OpClass : 
1417000: system.cpu: T0 : 0x800002b4 @__init_libc+44    : cmpu                       : No_OpClass : 
1418000: system.cpu: T0 : 0x800002b8 @__init_libc+48    : brn                        : No_OpClass : 
1419000: system.cpu: T0 : 0x80000290 @__init_libc+8    : addi.rb                    : No_OpClass : 
1420000: system.cpu: T0 : 0x80000294 @__init_libc+12    : blockcopy                  : No_OpClass : 
1421000: system.cpu: T0 : 0x80000298 @__init_libc+16    : add                        : No_OpClass : 
1422000: system.cpu: T0 : 0x8000029c @__init_libc+20    : addi                       : No_OpClass : 
1423000: system.cpu: T0 : 0x800002a0 @__init_libc+24    : blockcopy                  : No_OpClass : 
1424000: system.cpu: T0 : 0x800002a4 @__init_libc+28    : st                         : MemWrite :  A=0x7fffffffde8a
1425000: system.cpu: T0 : 0x800002a8 @__init_libc+32    : addi                       : No_OpClass : 
1426000: system.cpu: T0 : 0x800002ac @__init_libc+36    : add                        : No_OpClass : 
1427000: system.cpu: T0 : 0x800002b0 @__init_libc+40    : addi                       : No_OpClass : 
1428000: system.cpu: T0 : 0x800002b4 @__init_libc+44    : cmpu                       : No_OpClass : 
1429000: system.cpu: T0 : 0x800002b8 @__init_libc+48    : brn                        : No_OpClass : 
1430000: system.cpu: T0 : 0x80000290 @__init_libc+8    : addi.rb                    : No_OpClass : 
1431000: system.cpu: T0 : 0x80000294 @__init_libc+12    : blockcopy                  : No_OpClass : 
1432000: system.cpu: T0 : 0x80000298 @__init_libc+16    : add                        : No_OpClass : 
1433000: system.cpu: T0 : 0x8000029c @__init_libc+20    : addi                       : No_OpClass : 
1434000: system.cpu: T0 : 0x800002a0 @__init_libc+24    : blockcopy                  : No_OpClass : 
1435000: system.cpu: T0 : 0x800002a4 @__init_libc+28    : st                         : MemWrite :  A=0x7fffffffde8b
1436000: system.cpu: T0 : 0x800002a8 @__init_libc+32    : addi                       : No_OpClass : 
1437000: system.cpu: T0 : 0x800002ac @__init_libc+36    : add                        : No_OpClass : 
1438000: system.cpu: T0 : 0x800002b0 @__init_libc+40    : addi                       : No_OpClass : 
1439000: system.cpu: T0 : 0x800002b4 @__init_libc+44    : cmpu                       : No_OpClass : 
1440000: system.cpu: T0 : 0x800002b8 @__init_libc+48    : brn                        : No_OpClass : 
1441000: system.cpu: T0 : 0x80000290 @__init_libc+8    : addi.rb                    : No_OpClass : 
1442000: system.cpu: T0 : 0x80000294 @__init_libc+12    : blockcopy                  : No_OpClass : 
1443000: system.cpu: T0 : 0x80000298 @__init_libc+16    : add                        : No_OpClass : 
1444000: system.cpu: T0 : 0x8000029c @__init_libc+20    : addi                       : No_OpClass : 
1445000: system.cpu: T0 : 0x800002a0 @__init_libc+24    : blockcopy                  : No_OpClass : 
1446000: system.cpu: T0 : 0x800002a4 @__init_libc+28    : st                         : MemWrite :  A=0x7fffffffde8c
1447000: system.cpu: T0 : 0x800002a8 @__init_libc+32    : addi                       : No_OpClass : 
1448000: system.cpu: T0 : 0x800002ac @__init_libc+36    : add                        : No_OpClass : 
1449000: system.cpu: T0 : 0x800002b0 @__init_libc+40    : addi                       : No_OpClass : 
1450000: system.cpu: T0 : 0x800002b4 @__init_libc+44    : cmpu                       : No_OpClass : 
1451000: system.cpu: T0 : 0x800002b8 @__init_libc+48    : brn                        : No_OpClass : 
1452000: system.cpu: T0 : 0x80000290 @__init_libc+8    : addi.rb                    : No_OpClass : 
1453000: system.cpu: T0 : 0x80000294 @__init_libc+12    : blockcopy                  : No_OpClass : 
1454000: system.cpu: T0 : 0x80000298 @__init_libc+16    : add                        : No_OpClass : 
1455000: system.cpu: T0 : 0x8000029c @__init_libc+20    : addi                       : No_OpClass : 
1456000: system.cpu: T0 : 0x800002a0 @__init_libc+24    : blockcopy                  : No_OpClass : 
1457000: system.cpu: T0 : 0x800002a4 @__init_libc+28    : st                         : MemWrite :  A=0x7fffffffde8d
1458000: system.cpu: T0 : 0x800002a8 @__init_libc+32    : addi                       : No_OpClass : 
1459000: system.cpu: T0 : 0x800002ac @__init_libc+36    : add                        : No_OpClass : 
1460000: system.cpu: T0 : 0x800002b0 @__init_libc+40    : addi                       : No_OpClass : 
1461000: system.cpu: T0 : 0x800002b4 @__init_libc+44    : cmpu                       : No_OpClass : 
1462000: system.cpu: T0 : 0x800002b8 @__init_libc+48    : brn                        : No_OpClass : 
1463000: system.cpu: T0 : 0x80000290 @__init_libc+8    : addi.rb                    : No_OpClass : 
1464000: system.cpu: T0 : 0x80000294 @__init_libc+12    : blockcopy                  : No_OpClass : 
1465000: system.cpu: T0 : 0x80000298 @__init_libc+16    : add                        : No_OpClass : 
1466000: system.cpu: T0 : 0x8000029c @__init_libc+20    : addi                       : No_OpClass : 
1467000: system.cpu: T0 : 0x800002a0 @__init_libc+24    : blockcopy                  : No_OpClass : 
1468000: system.cpu: T0 : 0x800002a4 @__init_libc+28    : st                         : MemWrite :  A=0x7fffffffde8e
1469000: system.cpu: T0 : 0x800002a8 @__init_libc+32    : addi                       : No_OpClass : 
1470000: system.cpu: T0 : 0x800002ac @__init_libc+36    : add                        : No_OpClass : 
1471000: system.cpu: T0 : 0x800002b0 @__init_libc+40    : addi                       : No_OpClass : 
1472000: system.cpu: T0 : 0x800002b4 @__init_libc+44    : cmpu                       : No_OpClass : 
1473000: system.cpu: T0 : 0x800002b8 @__init_libc+48    : brn                        : No_OpClass : 
1474000: system.cpu: T0 : 0x80000290 @__init_libc+8    : addi.rb                    : No_OpClass : 
1475000: system.cpu: T0 : 0x80000294 @__init_libc+12    : blockcopy                  : No_OpClass : 
1476000: system.cpu: T0 : 0x80000298 @__init_libc+16    : add                        : No_OpClass : 
1477000: system.cpu: T0 : 0x8000029c @__init_libc+20    : addi                       : No_OpClass : 
1478000: system.cpu: T0 : 0x800002a0 @__init_libc+24    : blockcopy                  : No_OpClass : 
1479000: system.cpu: T0 : 0x800002a4 @__init_libc+28    : st                         : MemWrite :  A=0x7fffffffde8f
1480000: system.cpu: T0 : 0x800002a8 @__init_libc+32    : addi                       : No_OpClass : 
1481000: system.cpu: T0 : 0x800002ac @__init_libc+36    : add                        : No_OpClass : 
1482000: system.cpu: T0 : 0x800002b0 @__init_libc+40    : addi                       : No_OpClass : 
1483000: system.cpu: T0 : 0x800002b4 @__init_libc+44    : cmpu                       : No_OpClass : 
1484000: system.cpu: T0 : 0x800002b8 @__init_libc+48    : brn                        : No_OpClass : 
1485000: system.cpu: T0 : 0x80000290 @__init_libc+8    : addi.rb                    : No_OpClass : 
1486000: system.cpu: T0 : 0x80000294 @__init_libc+12    : blockcopy                  : No_OpClass : 
1487000: system.cpu: T0 : 0x80000298 @__init_libc+16    : add                        : No_OpClass : 
1488000: system.cpu: T0 : 0x8000029c @__init_libc+20    : addi                       : No_OpClass : 
1489000: system.cpu: T0 : 0x800002a0 @__init_libc+24    : blockcopy                  : No_OpClass : 
1490000: system.cpu: T0 : 0x800002a4 @__init_libc+28    : st                         : MemWrite :  A=0x7fffffffde90
1491000: system.cpu: T0 : 0x800002a8 @__init_libc+32    : addi                       : No_OpClass : 
1492000: system.cpu: T0 : 0x800002ac @__init_libc+36    : add                        : No_OpClass : 
1493000: system.cpu: T0 : 0x800002b0 @__init_libc+40    : addi                       : No_OpClass : 
1494000: system.cpu: T0 : 0x800002b4 @__init_libc+44    : cmpu                       : No_OpClass : 
1495000: system.cpu: T0 : 0x800002b8 @__init_libc+48    : brn                        : No_OpClass : 
1496000: system.cpu: T0 : 0x80000290 @__init_libc+8    : addi.rb                    : No_OpClass : 
1497000: system.cpu: T0 : 0x80000294 @__init_libc+12    : blockcopy                  : No_OpClass : 
1498000: system.cpu: T0 : 0x80000298 @__init_libc+16    : add                        : No_OpClass : 
1499000: system.cpu: T0 : 0x8000029c @__init_libc+20    : addi                       : No_OpClass : 
1500000: system.cpu: T0 : 0x800002a0 @__init_libc+24    : blockcopy                  : No_OpClass : 
1501000: system.cpu: T0 : 0x800002a4 @__init_libc+28    : st                         : MemWrite :  A=0x7fffffffde91
1502000: system.cpu: T0 : 0x800002a8 @__init_libc+32    : addi                       : No_OpClass : 
1503000: system.cpu: T0 : 0x800002ac @__init_libc+36    : add                        : No_OpClass : 
1504000: system.cpu: T0 : 0x800002b0 @__init_libc+40    : addi                       : No_OpClass : 
1505000: system.cpu: T0 : 0x800002b4 @__init_libc+44    : cmpu                       : No_OpClass : 
1506000: system.cpu: T0 : 0x800002b8 @__init_libc+48    : brn                        : No_OpClass : 
1507000: system.cpu: T0 : 0x80000290 @__init_libc+8    : addi.rb                    : No_OpClass : 
1508000: system.cpu: T0 : 0x80000294 @__init_libc+12    : blockcopy                  : No_OpClass : 
1509000: system.cpu: T0 : 0x80000298 @__init_libc+16    : add                        : No_OpClass : 
1510000: system.cpu: T0 : 0x8000029c @__init_libc+20    : addi                       : No_OpClass : 
1511000: system.cpu: T0 : 0x800002a0 @__init_libc+24    : blockcopy                  : No_OpClass : 
1512000: system.cpu: T0 : 0x800002a4 @__init_libc+28    : st                         : MemWrite :  A=0x7fffffffde92
1513000: system.cpu: T0 : 0x800002a8 @__init_libc+32    : addi                       : No_OpClass : 
1514000: system.cpu: T0 : 0x800002ac @__init_libc+36    : add                        : No_OpClass : 
1515000: system.cpu: T0 : 0x800002b0 @__init_libc+40    : addi                       : No_OpClass : 
1516000: system.cpu: T0 : 0x800002b4 @__init_libc+44    : cmpu                       : No_OpClass : 
1517000: system.cpu: T0 : 0x800002b8 @__init_libc+48    : brn                        : No_OpClass : 
1518000: system.cpu: T0 : 0x80000290 @__init_libc+8    : addi.rb                    : No_OpClass : 
1519000: system.cpu: T0 : 0x80000294 @__init_libc+12    : blockcopy                  : No_OpClass : 
1520000: system.cpu: T0 : 0x80000298 @__init_libc+16    : add                        : No_OpClass : 
1521000: system.cpu: T0 : 0x8000029c @__init_libc+20    : addi                       : No_OpClass : 
1522000: system.cpu: T0 : 0x800002a0 @__init_libc+24    : blockcopy                  : No_OpClass : 
1523000: system.cpu: T0 : 0x800002a4 @__init_libc+28    : st                         : MemWrite :  A=0x7fffffffde93
1524000: system.cpu: T0 : 0x800002a8 @__init_libc+32    : addi                       : No_OpClass : 
1525000: system.cpu: T0 : 0x800002ac @__init_libc+36    : add                        : No_OpClass : 
1526000: system.cpu: T0 : 0x800002b0 @__init_libc+40    : addi                       : No_OpClass : 
1527000: system.cpu: T0 : 0x800002b4 @__init_libc+44    : cmpu                       : No_OpClass : 
1528000: system.cpu: T0 : 0x800002b8 @__init_libc+48    : brn                        : No_OpClass : 
1529000: system.cpu: T0 : 0x80000290 @__init_libc+8    : addi.rb                    : No_OpClass : 
1530000: system.cpu: T0 : 0x80000294 @__init_libc+12    : blockcopy                  : No_OpClass : 
1531000: system.cpu: T0 : 0x80000298 @__init_libc+16    : add                        : No_OpClass : 
1532000: system.cpu: T0 : 0x8000029c @__init_libc+20    : addi                       : No_OpClass : 
1533000: system.cpu: T0 : 0x800002a0 @__init_libc+24    : blockcopy                  : No_OpClass : 
1534000: system.cpu: T0 : 0x800002a4 @__init_libc+28    : st                         : MemWrite :  A=0x7fffffffde94
1535000: system.cpu: T0 : 0x800002a8 @__init_libc+32    : addi                       : No_OpClass : 
1536000: system.cpu: T0 : 0x800002ac @__init_libc+36    : add                        : No_OpClass : 
1537000: system.cpu: T0 : 0x800002b0 @__init_libc+40    : addi                       : No_OpClass : 
1538000: system.cpu: T0 : 0x800002b4 @__init_libc+44    : cmpu                       : No_OpClass : 
1539000: system.cpu: T0 : 0x800002b8 @__init_libc+48    : brn                        : No_OpClass : 
1540000: system.cpu: T0 : 0x80000290 @__init_libc+8    : addi.rb                    : No_OpClass : 
1541000: system.cpu: T0 : 0x80000294 @__init_libc+12    : blockcopy                  : No_OpClass : 
1542000: system.cpu: T0 : 0x80000298 @__init_libc+16    : add                        : No_OpClass : 
1543000: system.cpu: T0 : 0x8000029c @__init_libc+20    : addi                       : No_OpClass : 
1544000: system.cpu: T0 : 0x800002a0 @__init_libc+24    : blockcopy                  : No_OpClass : 
1545000: system.cpu: T0 : 0x800002a4 @__init_libc+28    : st                         : MemWrite :  A=0x7fffffffde95
1546000: system.cpu: T0 : 0x800002a8 @__init_libc+32    : addi                       : No_OpClass : 
1547000: system.cpu: T0 : 0x800002ac @__init_libc+36    : add                        : No_OpClass : 
1548000: system.cpu: T0 : 0x800002b0 @__init_libc+40    : addi                       : No_OpClass : 
1549000: system.cpu: T0 : 0x800002b4 @__init_libc+44    : cmpu                       : No_OpClass : 
1550000: system.cpu: T0 : 0x800002b8 @__init_libc+48    : brn                        : No_OpClass : 
1551000: system.cpu: T0 : 0x80000290 @__init_libc+8    : addi.rb                    : No_OpClass : 
1552000: system.cpu: T0 : 0x80000294 @__init_libc+12    : blockcopy                  : No_OpClass : 
1553000: system.cpu: T0 : 0x80000298 @__init_libc+16    : add                        : No_OpClass : 
1554000: system.cpu: T0 : 0x8000029c @__init_libc+20    : addi                       : No_OpClass : 
1555000: system.cpu: T0 : 0x800002a0 @__init_libc+24    : blockcopy                  : No_OpClass : 
1556000: system.cpu: T0 : 0x800002a4 @__init_libc+28    : st                         : MemWrite :  A=0x7fffffffde96
1557000: system.cpu: T0 : 0x800002a8 @__init_libc+32    : addi                       : No_OpClass : 
1558000: system.cpu: T0 : 0x800002ac @__init_libc+36    : add                        : No_OpClass : 
1559000: system.cpu: T0 : 0x800002b0 @__init_libc+40    : addi                       : No_OpClass : 
1560000: system.cpu: T0 : 0x800002b4 @__init_libc+44    : cmpu                       : No_OpClass : 
1561000: system.cpu: T0 : 0x800002b8 @__init_libc+48    : brn                        : No_OpClass : 
1562000: system.cpu: T0 : 0x80000290 @__init_libc+8    : addi.rb                    : No_OpClass : 
1563000: system.cpu: T0 : 0x80000294 @__init_libc+12    : blockcopy                  : No_OpClass : 
1564000: system.cpu: T0 : 0x80000298 @__init_libc+16    : add                        : No_OpClass : 
1565000: system.cpu: T0 : 0x8000029c @__init_libc+20    : addi                       : No_OpClass : 
1566000: system.cpu: T0 : 0x800002a0 @__init_libc+24    : blockcopy                  : No_OpClass : 
1567000: system.cpu: T0 : 0x800002a4 @__init_libc+28    : st                         : MemWrite :  A=0x7fffffffde97
1568000: system.cpu: T0 : 0x800002a8 @__init_libc+32    : addi                       : No_OpClass : 
1569000: system.cpu: T0 : 0x800002ac @__init_libc+36    : add                        : No_OpClass : 
1570000: system.cpu: T0 : 0x800002b0 @__init_libc+40    : addi                       : No_OpClass : 
1571000: system.cpu: T0 : 0x800002b4 @__init_libc+44    : cmpu                       : No_OpClass : 
1572000: system.cpu: T0 : 0x800002b8 @__init_libc+48    : brn                        : No_OpClass : 
1573000: system.cpu: T0 : 0x80000290 @__init_libc+8    : addi.rb                    : No_OpClass : 
1574000: system.cpu: T0 : 0x80000294 @__init_libc+12    : blockcopy                  : No_OpClass : 
1575000: system.cpu: T0 : 0x80000298 @__init_libc+16    : add                        : No_OpClass : 
1576000: system.cpu: T0 : 0x8000029c @__init_libc+20    : addi                       : No_OpClass : 
1577000: system.cpu: T0 : 0x800002a0 @__init_libc+24    : blockcopy                  : No_OpClass : 
1578000: system.cpu: T0 : 0x800002a4 @__init_libc+28    : st                         : MemWrite :  A=0x7fffffffde98
1579000: system.cpu: T0 : 0x800002a8 @__init_libc+32    : addi                       : No_OpClass : 
1580000: system.cpu: T0 : 0x800002ac @__init_libc+36    : add                        : No_OpClass : 
1581000: system.cpu: T0 : 0x800002b0 @__init_libc+40    : addi                       : No_OpClass : 
1582000: system.cpu: T0 : 0x800002b4 @__init_libc+44    : cmpu                       : No_OpClass : 
1583000: system.cpu: T0 : 0x800002b8 @__init_libc+48    : brn                        : No_OpClass : 
1584000: system.cpu: T0 : 0x80000290 @__init_libc+8    : addi.rb                    : No_OpClass : 
1585000: system.cpu: T0 : 0x80000294 @__init_libc+12    : blockcopy                  : No_OpClass : 
1586000: system.cpu: T0 : 0x80000298 @__init_libc+16    : add                        : No_OpClass : 
1587000: system.cpu: T0 : 0x8000029c @__init_libc+20    : addi                       : No_OpClass : 
1588000: system.cpu: T0 : 0x800002a0 @__init_libc+24    : blockcopy                  : No_OpClass : 
1589000: system.cpu: T0 : 0x800002a4 @__init_libc+28    : st                         : MemWrite :  A=0x7fffffffde99
1590000: system.cpu: T0 : 0x800002a8 @__init_libc+32    : addi                       : No_OpClass : 
1591000: system.cpu: T0 : 0x800002ac @__init_libc+36    : add                        : No_OpClass : 
1592000: system.cpu: T0 : 0x800002b0 @__init_libc+40    : addi                       : No_OpClass : 
1593000: system.cpu: T0 : 0x800002b4 @__init_libc+44    : cmpu                       : No_OpClass : 
1594000: system.cpu: T0 : 0x800002b8 @__init_libc+48    : brn                        : No_OpClass : 
1595000: system.cpu: T0 : 0x80000290 @__init_libc+8    : addi.rb                    : No_OpClass : 
1596000: system.cpu: T0 : 0x80000294 @__init_libc+12    : blockcopy                  : No_OpClass : 
1597000: system.cpu: T0 : 0x80000298 @__init_libc+16    : add                        : No_OpClass : 
1598000: system.cpu: T0 : 0x8000029c @__init_libc+20    : addi                       : No_OpClass : 
1599000: system.cpu: T0 : 0x800002a0 @__init_libc+24    : blockcopy                  : No_OpClass : 
1600000: system.cpu: T0 : 0x800002a4 @__init_libc+28    : st                         : MemWrite :  A=0x7fffffffde9a
1601000: system.cpu: T0 : 0x800002a8 @__init_libc+32    : addi                       : No_OpClass : 
1602000: system.cpu: T0 : 0x800002ac @__init_libc+36    : add                        : No_OpClass : 
1603000: system.cpu: T0 : 0x800002b0 @__init_libc+40    : addi                       : No_OpClass : 
1604000: system.cpu: T0 : 0x800002b4 @__init_libc+44    : cmpu                       : No_OpClass : 
1605000: system.cpu: T0 : 0x800002b8 @__init_libc+48    : brn                        : No_OpClass : 
1606000: system.cpu: T0 : 0x80000290 @__init_libc+8    : addi.rb                    : No_OpClass : 
1607000: system.cpu: T0 : 0x80000294 @__init_libc+12    : blockcopy                  : No_OpClass : 
1608000: system.cpu: T0 : 0x80000298 @__init_libc+16    : add                        : No_OpClass : 
1609000: system.cpu: T0 : 0x8000029c @__init_libc+20    : addi                       : No_OpClass : 
1610000: system.cpu: T0 : 0x800002a0 @__init_libc+24    : blockcopy                  : No_OpClass : 
1611000: system.cpu: T0 : 0x800002a4 @__init_libc+28    : st                         : MemWrite :  A=0x7fffffffde9b
1612000: system.cpu: T0 : 0x800002a8 @__init_libc+32    : addi                       : No_OpClass : 
1613000: system.cpu: T0 : 0x800002ac @__init_libc+36    : add                        : No_OpClass : 
1614000: system.cpu: T0 : 0x800002b0 @__init_libc+40    : addi                       : No_OpClass : 
1615000: system.cpu: T0 : 0x800002b4 @__init_libc+44    : cmpu                       : No_OpClass : 
1616000: system.cpu: T0 : 0x800002b8 @__init_libc+48    : brn                        : No_OpClass : 
1617000: system.cpu: T0 : 0x80000290 @__init_libc+8    : addi.rb                    : No_OpClass : 
1618000: system.cpu: T0 : 0x80000294 @__init_libc+12    : blockcopy                  : No_OpClass : 
1619000: system.cpu: T0 : 0x80000298 @__init_libc+16    : add                        : No_OpClass : 
1620000: system.cpu: T0 : 0x8000029c @__init_libc+20    : addi                       : No_OpClass : 
1621000: system.cpu: T0 : 0x800002a0 @__init_libc+24    : blockcopy                  : No_OpClass : 
1622000: system.cpu: T0 : 0x800002a4 @__init_libc+28    : st                         : MemWrite :  A=0x7fffffffde9c
1623000: system.cpu: T0 : 0x800002a8 @__init_libc+32    : addi                       : No_OpClass : 
1624000: system.cpu: T0 : 0x800002ac @__init_libc+36    : add                        : No_OpClass : 
1625000: system.cpu: T0 : 0x800002b0 @__init_libc+40    : addi                       : No_OpClass : 
1626000: system.cpu: T0 : 0x800002b4 @__init_libc+44    : cmpu                       : No_OpClass : 
1627000: system.cpu: T0 : 0x800002b8 @__init_libc+48    : brn                        : No_OpClass : 
1628000: system.cpu: T0 : 0x80000290 @__init_libc+8    : addi.rb                    : No_OpClass : 
1629000: system.cpu: T0 : 0x80000294 @__init_libc+12    : blockcopy                  : No_OpClass : 
1630000: system.cpu: T0 : 0x80000298 @__init_libc+16    : add                        : No_OpClass : 
1631000: system.cpu: T0 : 0x8000029c @__init_libc+20    : addi                       : No_OpClass : 
1632000: system.cpu: T0 : 0x800002a0 @__init_libc+24    : blockcopy                  : No_OpClass : 
1633000: system.cpu: T0 : 0x800002a4 @__init_libc+28    : st                         : MemWrite :  A=0x7fffffffde9d
1634000: system.cpu: T0 : 0x800002a8 @__init_libc+32    : addi                       : No_OpClass : 
1635000: system.cpu: T0 : 0x800002ac @__init_libc+36    : add                        : No_OpClass : 
1636000: system.cpu: T0 : 0x800002b0 @__init_libc+40    : addi                       : No_OpClass : 
1637000: system.cpu: T0 : 0x800002b4 @__init_libc+44    : cmpu                       : No_OpClass : 
1638000: system.cpu: T0 : 0x800002b8 @__init_libc+48    : brn                        : No_OpClass : 
1639000: system.cpu: T0 : 0x80000290 @__init_libc+8    : addi.rb                    : No_OpClass : 
1640000: system.cpu: T0 : 0x80000294 @__init_libc+12    : blockcopy                  : No_OpClass : 
1641000: system.cpu: T0 : 0x80000298 @__init_libc+16    : add                        : No_OpClass : 
1642000: system.cpu: T0 : 0x8000029c @__init_libc+20    : addi                       : No_OpClass : 
1643000: system.cpu: T0 : 0x800002a0 @__init_libc+24    : blockcopy                  : No_OpClass : 
1644000: system.cpu: T0 : 0x800002a4 @__init_libc+28    : st                         : MemWrite :  A=0x7fffffffde9e
1645000: system.cpu: T0 : 0x800002a8 @__init_libc+32    : addi                       : No_OpClass : 
1646000: system.cpu: T0 : 0x800002ac @__init_libc+36    : add                        : No_OpClass : 
1647000: system.cpu: T0 : 0x800002b0 @__init_libc+40    : addi                       : No_OpClass : 
1648000: system.cpu: T0 : 0x800002b4 @__init_libc+44    : cmpu                       : No_OpClass : 
1649000: system.cpu: T0 : 0x800002b8 @__init_libc+48    : brn                        : No_OpClass : 
1650000: system.cpu: T0 : 0x80000290 @__init_libc+8    : addi.rb                    : No_OpClass : 
1651000: system.cpu: T0 : 0x80000294 @__init_libc+12    : blockcopy                  : No_OpClass : 
1652000: system.cpu: T0 : 0x80000298 @__init_libc+16    : add                        : No_OpClass : 
1653000: system.cpu: T0 : 0x8000029c @__init_libc+20    : addi                       : No_OpClass : 
1654000: system.cpu: T0 : 0x800002a0 @__init_libc+24    : blockcopy                  : No_OpClass : 
1655000: system.cpu: T0 : 0x800002a4 @__init_libc+28    : st                         : MemWrite :  A=0x7fffffffde9f
1656000: system.cpu: T0 : 0x800002a8 @__init_libc+32    : addi                       : No_OpClass : 
1657000: system.cpu: T0 : 0x800002ac @__init_libc+36    : add                        : No_OpClass : 
1658000: system.cpu: T0 : 0x800002b0 @__init_libc+40    : addi                       : No_OpClass : 
1659000: system.cpu: T0 : 0x800002b4 @__init_libc+44    : cmpu                       : No_OpClass : 
1660000: system.cpu: T0 : 0x800002b8 @__init_libc+48    : brn                        : No_OpClass : 
1661000: system.cpu: T0 : 0x80000290 @__init_libc+8    : addi.rb                    : No_OpClass : 
1662000: system.cpu: T0 : 0x80000294 @__init_libc+12    : blockcopy                  : No_OpClass : 
1663000: system.cpu: T0 : 0x80000298 @__init_libc+16    : add                        : No_OpClass : 
1664000: system.cpu: T0 : 0x8000029c @__init_libc+20    : addi                       : No_OpClass : 
1665000: system.cpu: T0 : 0x800002a0 @__init_libc+24    : blockcopy                  : No_OpClass : 
1666000: system.cpu: T0 : 0x800002a4 @__init_libc+28    : st                         : MemWrite :  A=0x7fffffffdea0
1667000: system.cpu: T0 : 0x800002a8 @__init_libc+32    : addi                       : No_OpClass : 
1668000: system.cpu: T0 : 0x800002ac @__init_libc+36    : add                        : No_OpClass : 
1669000: system.cpu: T0 : 0x800002b0 @__init_libc+40    : addi                       : No_OpClass : 
1670000: system.cpu: T0 : 0x800002b4 @__init_libc+44    : cmpu                       : No_OpClass : 
1671000: system.cpu: T0 : 0x800002b8 @__init_libc+48    : brn                        : No_OpClass : 
1672000: system.cpu: T0 : 0x80000290 @__init_libc+8    : addi.rb                    : No_OpClass : 
1673000: system.cpu: T0 : 0x80000294 @__init_libc+12    : blockcopy                  : No_OpClass : 
1674000: system.cpu: T0 : 0x80000298 @__init_libc+16    : add                        : No_OpClass : 
1675000: system.cpu: T0 : 0x8000029c @__init_libc+20    : addi                       : No_OpClass : 
1676000: system.cpu: T0 : 0x800002a0 @__init_libc+24    : blockcopy                  : No_OpClass : 
1677000: system.cpu: T0 : 0x800002a4 @__init_libc+28    : st                         : MemWrite :  A=0x7fffffffdea1
1678000: system.cpu: T0 : 0x800002a8 @__init_libc+32    : addi                       : No_OpClass : 
1679000: system.cpu: T0 : 0x800002ac @__init_libc+36    : add                        : No_OpClass : 
1680000: system.cpu: T0 : 0x800002b0 @__init_libc+40    : addi                       : No_OpClass : 
1681000: system.cpu: T0 : 0x800002b4 @__init_libc+44    : cmpu                       : No_OpClass : 
1682000: system.cpu: T0 : 0x800002b8 @__init_libc+48    : brn                        : No_OpClass : 
1683000: system.cpu: T0 : 0x80000290 @__init_libc+8    : addi.rb                    : No_OpClass : 
1684000: system.cpu: T0 : 0x80000294 @__init_libc+12    : blockcopy                  : No_OpClass : 
1685000: system.cpu: T0 : 0x80000298 @__init_libc+16    : add                        : No_OpClass : 
1686000: system.cpu: T0 : 0x8000029c @__init_libc+20    : addi                       : No_OpClass : 
1687000: system.cpu: T0 : 0x800002a0 @__init_libc+24    : blockcopy                  : No_OpClass : 
1688000: system.cpu: T0 : 0x800002a4 @__init_libc+28    : st                         : MemWrite :  A=0x7fffffffdea2
1689000: system.cpu: T0 : 0x800002a8 @__init_libc+32    : addi                       : No_OpClass : 
1690000: system.cpu: T0 : 0x800002ac @__init_libc+36    : add                        : No_OpClass : 
1691000: system.cpu: T0 : 0x800002b0 @__init_libc+40    : addi                       : No_OpClass : 
1692000: system.cpu: T0 : 0x800002b4 @__init_libc+44    : cmpu                       : No_OpClass : 
1693000: system.cpu: T0 : 0x800002b8 @__init_libc+48    : brn                        : No_OpClass : 
1694000: system.cpu: T0 : 0x80000290 @__init_libc+8    : addi.rb                    : No_OpClass : 
1695000: system.cpu: T0 : 0x80000294 @__init_libc+12    : blockcopy                  : No_OpClass : 
1696000: system.cpu: T0 : 0x80000298 @__init_libc+16    : add                        : No_OpClass : 
1697000: system.cpu: T0 : 0x8000029c @__init_libc+20    : addi                       : No_OpClass : 
1698000: system.cpu: T0 : 0x800002a0 @__init_libc+24    : blockcopy                  : No_OpClass : 
1699000: system.cpu: T0 : 0x800002a4 @__init_libc+28    : st                         : MemWrite :  A=0x7fffffffdea3
1700000: system.cpu: T0 : 0x800002a8 @__init_libc+32    : addi                       : No_OpClass : 
1701000: system.cpu: T0 : 0x800002ac @__init_libc+36    : add                        : No_OpClass : 
1702000: system.cpu: T0 : 0x800002b0 @__init_libc+40    : addi                       : No_OpClass : 
1703000: system.cpu: T0 : 0x800002b4 @__init_libc+44    : cmpu                       : No_OpClass : 
1704000: system.cpu: T0 : 0x800002b8 @__init_libc+48    : brn                        : No_OpClass : 
1705000: system.cpu: T0 : 0x80000290 @__init_libc+8    : addi.rb                    : No_OpClass : 
1706000: system.cpu: T0 : 0x80000294 @__init_libc+12    : blockcopy                  : No_OpClass : 
1707000: system.cpu: T0 : 0x80000298 @__init_libc+16    : add                        : No_OpClass : 
1708000: system.cpu: T0 : 0x8000029c @__init_libc+20    : addi                       : No_OpClass : 
1709000: system.cpu: T0 : 0x800002a0 @__init_libc+24    : blockcopy                  : No_OpClass : 
1710000: system.cpu: T0 : 0x800002a4 @__init_libc+28    : st                         : MemWrite :  A=0x7fffffffdea4
1711000: system.cpu: T0 : 0x800002a8 @__init_libc+32    : addi                       : No_OpClass : 
1712000: system.cpu: T0 : 0x800002ac @__init_libc+36    : add                        : No_OpClass : 
1713000: system.cpu: T0 : 0x800002b0 @__init_libc+40    : addi                       : No_OpClass : 
1714000: system.cpu: T0 : 0x800002b4 @__init_libc+44    : cmpu                       : No_OpClass : 
1715000: system.cpu: T0 : 0x800002b8 @__init_libc+48    : brn                        : No_OpClass : 
1716000: system.cpu: T0 : 0x80000290 @__init_libc+8    : addi.rb                    : No_OpClass : 
1717000: system.cpu: T0 : 0x80000294 @__init_libc+12    : blockcopy                  : No_OpClass : 
1718000: system.cpu: T0 : 0x80000298 @__init_libc+16    : add                        : No_OpClass : 
1719000: system.cpu: T0 : 0x8000029c @__init_libc+20    : addi                       : No_OpClass : 
1720000: system.cpu: T0 : 0x800002a0 @__init_libc+24    : blockcopy                  : No_OpClass : 
1721000: system.cpu: T0 : 0x800002a4 @__init_libc+28    : st                         : MemWrite :  A=0x7fffffffdea5
1722000: system.cpu: T0 : 0x800002a8 @__init_libc+32    : addi                       : No_OpClass : 
1723000: system.cpu: T0 : 0x800002ac @__init_libc+36    : add                        : No_OpClass : 
1724000: system.cpu: T0 : 0x800002b0 @__init_libc+40    : addi                       : No_OpClass : 
1725000: system.cpu: T0 : 0x800002b4 @__init_libc+44    : cmpu                       : No_OpClass : 
1726000: system.cpu: T0 : 0x800002b8 @__init_libc+48    : brn                        : No_OpClass : 
1727000: system.cpu: T0 : 0x80000290 @__init_libc+8    : addi.rb                    : No_OpClass : 
1728000: system.cpu: T0 : 0x80000294 @__init_libc+12    : blockcopy                  : No_OpClass : 
1729000: system.cpu: T0 : 0x80000298 @__init_libc+16    : add                        : No_OpClass : 
1730000: system.cpu: T0 : 0x8000029c @__init_libc+20    : addi                       : No_OpClass : 
1731000: system.cpu: T0 : 0x800002a0 @__init_libc+24    : blockcopy                  : No_OpClass : 
1732000: system.cpu: T0 : 0x800002a4 @__init_libc+28    : st                         : MemWrite :  A=0x7fffffffdea6
1733000: system.cpu: T0 : 0x800002a8 @__init_libc+32    : addi                       : No_OpClass : 
1734000: system.cpu: T0 : 0x800002ac @__init_libc+36    : add                        : No_OpClass : 
1735000: system.cpu: T0 : 0x800002b0 @__init_libc+40    : addi                       : No_OpClass : 
1736000: system.cpu: T0 : 0x800002b4 @__init_libc+44    : cmpu                       : No_OpClass : 
1737000: system.cpu: T0 : 0x800002b8 @__init_libc+48    : brn                        : No_OpClass : 
1738000: system.cpu: T0 : 0x80000290 @__init_libc+8    : addi.rb                    : No_OpClass : 
1739000: system.cpu: T0 : 0x80000294 @__init_libc+12    : blockcopy                  : No_OpClass : 
1740000: system.cpu: T0 : 0x80000298 @__init_libc+16    : add                        : No_OpClass : 
1741000: system.cpu: T0 : 0x8000029c @__init_libc+20    : addi                       : No_OpClass : 
1742000: system.cpu: T0 : 0x800002a0 @__init_libc+24    : blockcopy                  : No_OpClass : 
1743000: system.cpu: T0 : 0x800002a4 @__init_libc+28    : st                         : MemWrite :  A=0x7fffffffdea7
1744000: system.cpu: T0 : 0x800002a8 @__init_libc+32    : addi                       : No_OpClass : 
1745000: system.cpu: T0 : 0x800002ac @__init_libc+36    : add                        : No_OpClass : 
1746000: system.cpu: T0 : 0x800002b0 @__init_libc+40    : addi                       : No_OpClass : 
1747000: system.cpu: T0 : 0x800002b4 @__init_libc+44    : cmpu                       : No_OpClass : 
1748000: system.cpu: T0 : 0x800002b8 @__init_libc+48    : brn                        : No_OpClass : 
1749000: system.cpu: T0 : 0x80000290 @__init_libc+8    : addi.rb                    : No_OpClass : 
1750000: system.cpu: T0 : 0x80000294 @__init_libc+12    : blockcopy                  : No_OpClass : 
1751000: system.cpu: T0 : 0x80000298 @__init_libc+16    : add                        : No_OpClass : 
1752000: system.cpu: T0 : 0x8000029c @__init_libc+20    : addi                       : No_OpClass : 
1753000: system.cpu: T0 : 0x800002a0 @__init_libc+24    : blockcopy                  : No_OpClass : 
1754000: system.cpu: T0 : 0x800002a4 @__init_libc+28    : st                         : MemWrite :  A=0x7fffffffdea8
1755000: system.cpu: T0 : 0x800002a8 @__init_libc+32    : addi                       : No_OpClass : 
1756000: system.cpu: T0 : 0x800002ac @__init_libc+36    : add                        : No_OpClass : 
1757000: system.cpu: T0 : 0x800002b0 @__init_libc+40    : addi                       : No_OpClass : 
1758000: system.cpu: T0 : 0x800002b4 @__init_libc+44    : cmpu                       : No_OpClass : 
1759000: system.cpu: T0 : 0x800002b8 @__init_libc+48    : brn                        : No_OpClass : 
1760000: system.cpu: T0 : 0x80000290 @__init_libc+8    : addi.rb                    : No_OpClass : 
1761000: system.cpu: T0 : 0x80000294 @__init_libc+12    : blockcopy                  : No_OpClass : 
1762000: system.cpu: T0 : 0x80000298 @__init_libc+16    : add                        : No_OpClass : 
1763000: system.cpu: T0 : 0x8000029c @__init_libc+20    : addi                       : No_OpClass : 
1764000: system.cpu: T0 : 0x800002a0 @__init_libc+24    : blockcopy                  : No_OpClass : 
1765000: system.cpu: T0 : 0x800002a4 @__init_libc+28    : st                         : MemWrite :  A=0x7fffffffdea9
1766000: system.cpu: T0 : 0x800002a8 @__init_libc+32    : addi                       : No_OpClass : 
1767000: system.cpu: T0 : 0x800002ac @__init_libc+36    : add                        : No_OpClass : 
1768000: system.cpu: T0 : 0x800002b0 @__init_libc+40    : addi                       : No_OpClass : 
1769000: system.cpu: T0 : 0x800002b4 @__init_libc+44    : cmpu                       : No_OpClass : 
1770000: system.cpu: T0 : 0x800002b8 @__init_libc+48    : brn                        : No_OpClass : 
1771000: system.cpu: T0 : 0x80000290 @__init_libc+8    : addi.rb                    : No_OpClass : 
1772000: system.cpu: T0 : 0x80000294 @__init_libc+12    : blockcopy                  : No_OpClass : 
1773000: system.cpu: T0 : 0x80000298 @__init_libc+16    : add                        : No_OpClass : 
1774000: system.cpu: T0 : 0x8000029c @__init_libc+20    : addi                       : No_OpClass : 
1775000: system.cpu: T0 : 0x800002a0 @__init_libc+24    : blockcopy                  : No_OpClass : 
1776000: system.cpu: T0 : 0x800002a4 @__init_libc+28    : st                         : MemWrite :  A=0x7fffffffdeaa
1777000: system.cpu: T0 : 0x800002a8 @__init_libc+32    : addi                       : No_OpClass : 
1778000: system.cpu: T0 : 0x800002ac @__init_libc+36    : add                        : No_OpClass : 
1779000: system.cpu: T0 : 0x800002b0 @__init_libc+40    : addi                       : No_OpClass : 
1780000: system.cpu: T0 : 0x800002b4 @__init_libc+44    : cmpu                       : No_OpClass : 
1781000: system.cpu: T0 : 0x800002b8 @__init_libc+48    : brn                        : No_OpClass : 
1782000: system.cpu: T0 : 0x80000290 @__init_libc+8    : addi.rb                    : No_OpClass : 
1783000: system.cpu: T0 : 0x80000294 @__init_libc+12    : blockcopy                  : No_OpClass : 
1784000: system.cpu: T0 : 0x80000298 @__init_libc+16    : add                        : No_OpClass : 
1785000: system.cpu: T0 : 0x8000029c @__init_libc+20    : addi                       : No_OpClass : 
1786000: system.cpu: T0 : 0x800002a0 @__init_libc+24    : blockcopy                  : No_OpClass : 
1787000: system.cpu: T0 : 0x800002a4 @__init_libc+28    : st                         : MemWrite :  A=0x7fffffffdeab
1788000: system.cpu: T0 : 0x800002a8 @__init_libc+32    : addi                       : No_OpClass : 
1789000: system.cpu: T0 : 0x800002ac @__init_libc+36    : add                        : No_OpClass : 
1790000: system.cpu: T0 : 0x800002b0 @__init_libc+40    : addi                       : No_OpClass : 
1791000: system.cpu: T0 : 0x800002b4 @__init_libc+44    : cmpu                       : No_OpClass : 
1792000: system.cpu: T0 : 0x800002b8 @__init_libc+48    : brn                        : No_OpClass : 
1793000: system.cpu: T0 : 0x80000290 @__init_libc+8    : addi.rb                    : No_OpClass : 
1794000: system.cpu: T0 : 0x80000294 @__init_libc+12    : blockcopy                  : No_OpClass : 
1795000: system.cpu: T0 : 0x80000298 @__init_libc+16    : add                        : No_OpClass : 
1796000: system.cpu: T0 : 0x8000029c @__init_libc+20    : addi                       : No_OpClass : 
1797000: system.cpu: T0 : 0x800002a0 @__init_libc+24    : blockcopy                  : No_OpClass : 
1798000: system.cpu: T0 : 0x800002a4 @__init_libc+28    : st                         : MemWrite :  A=0x7fffffffdeac
1799000: system.cpu: T0 : 0x800002a8 @__init_libc+32    : addi                       : No_OpClass : 
1800000: system.cpu: T0 : 0x800002ac @__init_libc+36    : add                        : No_OpClass : 
1801000: system.cpu: T0 : 0x800002b0 @__init_libc+40    : addi                       : No_OpClass : 
1802000: system.cpu: T0 : 0x800002b4 @__init_libc+44    : cmpu                       : No_OpClass : 
1803000: system.cpu: T0 : 0x800002b8 @__init_libc+48    : brn                        : No_OpClass : 
1804000: system.cpu: T0 : 0x80000290 @__init_libc+8    : addi.rb                    : No_OpClass : 
1805000: system.cpu: T0 : 0x80000294 @__init_libc+12    : blockcopy                  : No_OpClass : 
1806000: system.cpu: T0 : 0x80000298 @__init_libc+16    : add                        : No_OpClass : 
1807000: system.cpu: T0 : 0x8000029c @__init_libc+20    : addi                       : No_OpClass : 
1808000: system.cpu: T0 : 0x800002a0 @__init_libc+24    : blockcopy                  : No_OpClass : 
1809000: system.cpu: T0 : 0x800002a4 @__init_libc+28    : st                         : MemWrite :  A=0x7fffffffdead
1810000: system.cpu: T0 : 0x800002a8 @__init_libc+32    : addi                       : No_OpClass : 
1811000: system.cpu: T0 : 0x800002ac @__init_libc+36    : add                        : No_OpClass : 
1812000: system.cpu: T0 : 0x800002b0 @__init_libc+40    : addi                       : No_OpClass : 
1813000: system.cpu: T0 : 0x800002b4 @__init_libc+44    : cmpu                       : No_OpClass : 
1814000: system.cpu: T0 : 0x800002b8 @__init_libc+48    : brn                        : No_OpClass : 
1815000: system.cpu: T0 : 0x80000290 @__init_libc+8    : addi.rb                    : No_OpClass : 
1816000: system.cpu: T0 : 0x80000294 @__init_libc+12    : blockcopy                  : No_OpClass : 
1817000: system.cpu: T0 : 0x80000298 @__init_libc+16    : add                        : No_OpClass : 
1818000: system.cpu: T0 : 0x8000029c @__init_libc+20    : addi                       : No_OpClass : 
1819000: system.cpu: T0 : 0x800002a0 @__init_libc+24    : blockcopy                  : No_OpClass : 
1820000: system.cpu: T0 : 0x800002a4 @__init_libc+28    : st                         : MemWrite :  A=0x7fffffffdeae
1821000: system.cpu: T0 : 0x800002a8 @__init_libc+32    : addi                       : No_OpClass : 
1822000: system.cpu: T0 : 0x800002ac @__init_libc+36    : add                        : No_OpClass : 
1823000: system.cpu: T0 : 0x800002b0 @__init_libc+40    : addi                       : No_OpClass : 
1824000: system.cpu: T0 : 0x800002b4 @__init_libc+44    : cmpu                       : No_OpClass : 
1825000: system.cpu: T0 : 0x800002b8 @__init_libc+48    : brn                        : No_OpClass : 
1826000: system.cpu: T0 : 0x80000290 @__init_libc+8    : addi.rb                    : No_OpClass : 
1827000: system.cpu: T0 : 0x80000294 @__init_libc+12    : blockcopy                  : No_OpClass : 
1828000: system.cpu: T0 : 0x80000298 @__init_libc+16    : add                        : No_OpClass : 
1829000: system.cpu: T0 : 0x8000029c @__init_libc+20    : addi                       : No_OpClass : 
1830000: system.cpu: T0 : 0x800002a0 @__init_libc+24    : blockcopy                  : No_OpClass : 
1831000: system.cpu: T0 : 0x800002a4 @__init_libc+28    : st                         : MemWrite :  A=0x7fffffffdeaf
1832000: system.cpu: T0 : 0x800002a8 @__init_libc+32    : addi                       : No_OpClass : 
1833000: system.cpu: T0 : 0x800002ac @__init_libc+36    : add                        : No_OpClass : 
1834000: system.cpu: T0 : 0x800002b0 @__init_libc+40    : addi                       : No_OpClass : 
1835000: system.cpu: T0 : 0x800002b4 @__init_libc+44    : cmpu                       : No_OpClass : 
1836000: system.cpu: T0 : 0x800002b8 @__init_libc+48    : brn                        : No_OpClass : 
1837000: system.cpu: T0 : 0x80000290 @__init_libc+8    : addi.rb                    : No_OpClass : 
1838000: system.cpu: T0 : 0x80000294 @__init_libc+12    : blockcopy                  : No_OpClass : 
1839000: system.cpu: T0 : 0x80000298 @__init_libc+16    : add                        : No_OpClass : 
1840000: system.cpu: T0 : 0x8000029c @__init_libc+20    : addi                       : No_OpClass : 
1841000: system.cpu: T0 : 0x800002a0 @__init_libc+24    : blockcopy                  : No_OpClass : 
1842000: system.cpu: T0 : 0x800002a4 @__init_libc+28    : st                         : MemWrite :  A=0x7fffffffdeb0
1843000: system.cpu: T0 : 0x800002a8 @__init_libc+32    : addi                       : No_OpClass : 
1844000: system.cpu: T0 : 0x800002ac @__init_libc+36    : add                        : No_OpClass : 
1845000: system.cpu: T0 : 0x800002b0 @__init_libc+40    : addi                       : No_OpClass : 
1846000: system.cpu: T0 : 0x800002b4 @__init_libc+44    : cmpu                       : No_OpClass : 
1847000: system.cpu: T0 : 0x800002b8 @__init_libc+48    : brn                        : No_OpClass : 
1848000: system.cpu: T0 : 0x80000290 @__init_libc+8    : addi.rb                    : No_OpClass : 
1849000: system.cpu: T0 : 0x80000294 @__init_libc+12    : blockcopy                  : No_OpClass : 
1850000: system.cpu: T0 : 0x80000298 @__init_libc+16    : add                        : No_OpClass : 
1851000: system.cpu: T0 : 0x8000029c @__init_libc+20    : addi                       : No_OpClass : 
1852000: system.cpu: T0 : 0x800002a0 @__init_libc+24    : blockcopy                  : No_OpClass : 
1853000: system.cpu: T0 : 0x800002a4 @__init_libc+28    : st                         : MemWrite :  A=0x7fffffffdeb1
1854000: system.cpu: T0 : 0x800002a8 @__init_libc+32    : addi                       : No_OpClass : 
1855000: system.cpu: T0 : 0x800002ac @__init_libc+36    : add                        : No_OpClass : 
1856000: system.cpu: T0 : 0x800002b0 @__init_libc+40    : addi                       : No_OpClass : 
1857000: system.cpu: T0 : 0x800002b4 @__init_libc+44    : cmpu                       : No_OpClass : 
1858000: system.cpu: T0 : 0x800002b8 @__init_libc+48    : brn                        : No_OpClass : 
1859000: system.cpu: T0 : 0x80000290 @__init_libc+8    : addi.rb                    : No_OpClass : 
1860000: system.cpu: T0 : 0x80000294 @__init_libc+12    : blockcopy                  : No_OpClass : 
1861000: system.cpu: T0 : 0x80000298 @__init_libc+16    : add                        : No_OpClass : 
1862000: system.cpu: T0 : 0x8000029c @__init_libc+20    : addi                       : No_OpClass : 
1863000: system.cpu: T0 : 0x800002a0 @__init_libc+24    : blockcopy                  : No_OpClass : 
1864000: system.cpu: T0 : 0x800002a4 @__init_libc+28    : st                         : MemWrite :  A=0x7fffffffdeb2
1865000: system.cpu: T0 : 0x800002a8 @__init_libc+32    : addi                       : No_OpClass : 
1866000: system.cpu: T0 : 0x800002ac @__init_libc+36    : add                        : No_OpClass : 
1867000: system.cpu: T0 : 0x800002b0 @__init_libc+40    : addi                       : No_OpClass : 
1868000: system.cpu: T0 : 0x800002b4 @__init_libc+44    : cmpu                       : No_OpClass : 
1869000: system.cpu: T0 : 0x800002b8 @__init_libc+48    : brn                        : No_OpClass : 
1870000: system.cpu: T0 : 0x80000290 @__init_libc+8    : addi.rb                    : No_OpClass : 
1871000: system.cpu: T0 : 0x80000294 @__init_libc+12    : blockcopy                  : No_OpClass : 
1872000: system.cpu: T0 : 0x80000298 @__init_libc+16    : add                        : No_OpClass : 
1873000: system.cpu: T0 : 0x8000029c @__init_libc+20    : addi                       : No_OpClass : 
1874000: system.cpu: T0 : 0x800002a0 @__init_libc+24    : blockcopy                  : No_OpClass : 
1875000: system.cpu: T0 : 0x800002a4 @__init_libc+28    : st                         : MemWrite :  A=0x7fffffffdeb3
1876000: system.cpu: T0 : 0x800002a8 @__init_libc+32    : addi                       : No_OpClass : 
1877000: system.cpu: T0 : 0x800002ac @__init_libc+36    : add                        : No_OpClass : 
1878000: system.cpu: T0 : 0x800002b0 @__init_libc+40    : addi                       : No_OpClass : 
1879000: system.cpu: T0 : 0x800002b4 @__init_libc+44    : cmpu                       : No_OpClass : 
1880000: system.cpu: T0 : 0x800002b8 @__init_libc+48    : brn                        : No_OpClass : 
1881000: system.cpu: T0 : 0x80000290 @__init_libc+8    : addi.rb                    : No_OpClass : 
1882000: system.cpu: T0 : 0x80000294 @__init_libc+12    : blockcopy                  : No_OpClass : 
1883000: system.cpu: T0 : 0x80000298 @__init_libc+16    : add                        : No_OpClass : 
1884000: system.cpu: T0 : 0x8000029c @__init_libc+20    : addi                       : No_OpClass : 
1885000: system.cpu: T0 : 0x800002a0 @__init_libc+24    : blockcopy                  : No_OpClass : 
1886000: system.cpu: T0 : 0x800002a4 @__init_libc+28    : st                         : MemWrite :  A=0x7fffffffdeb4
1887000: system.cpu: T0 : 0x800002a8 @__init_libc+32    : addi                       : No_OpClass : 
1888000: system.cpu: T0 : 0x800002ac @__init_libc+36    : add                        : No_OpClass : 
1889000: system.cpu: T0 : 0x800002b0 @__init_libc+40    : addi                       : No_OpClass : 
1890000: system.cpu: T0 : 0x800002b4 @__init_libc+44    : cmpu                       : No_OpClass : 
1891000: system.cpu: T0 : 0x800002b8 @__init_libc+48    : brn                        : No_OpClass : 
1892000: system.cpu: T0 : 0x80000290 @__init_libc+8    : addi.rb                    : No_OpClass : 
1893000: system.cpu: T0 : 0x80000294 @__init_libc+12    : blockcopy                  : No_OpClass : 
1894000: system.cpu: T0 : 0x80000298 @__init_libc+16    : add                        : No_OpClass : 
1895000: system.cpu: T0 : 0x8000029c @__init_libc+20    : addi                       : No_OpClass : 
1896000: system.cpu: T0 : 0x800002a0 @__init_libc+24    : blockcopy                  : No_OpClass : 
1897000: system.cpu: T0 : 0x800002a4 @__init_libc+28    : st                         : MemWrite :  A=0x7fffffffdeb5
1898000: system.cpu: T0 : 0x800002a8 @__init_libc+32    : addi                       : No_OpClass : 
1899000: system.cpu: T0 : 0x800002ac @__init_libc+36    : add                        : No_OpClass : 
1900000: system.cpu: T0 : 0x800002b0 @__init_libc+40    : addi                       : No_OpClass : 
1901000: system.cpu: T0 : 0x800002b4 @__init_libc+44    : cmpu                       : No_OpClass : 
1902000: system.cpu: T0 : 0x800002b8 @__init_libc+48    : brn                        : No_OpClass : 
1903000: system.cpu: T0 : 0x80000290 @__init_libc+8    : addi.rb                    : No_OpClass : 
1904000: system.cpu: T0 : 0x80000294 @__init_libc+12    : blockcopy                  : No_OpClass : 
1905000: system.cpu: T0 : 0x80000298 @__init_libc+16    : add                        : No_OpClass : 
1906000: system.cpu: T0 : 0x8000029c @__init_libc+20    : addi                       : No_OpClass : 
1907000: system.cpu: T0 : 0x800002a0 @__init_libc+24    : blockcopy                  : No_OpClass : 
1908000: system.cpu: T0 : 0x800002a4 @__init_libc+28    : st                         : MemWrite :  A=0x7fffffffdeb6
1909000: system.cpu: T0 : 0x800002a8 @__init_libc+32    : addi                       : No_OpClass : 
1910000: system.cpu: T0 : 0x800002ac @__init_libc+36    : add                        : No_OpClass : 
1911000: system.cpu: T0 : 0x800002b0 @__init_libc+40    : addi                       : No_OpClass : 
1912000: system.cpu: T0 : 0x800002b4 @__init_libc+44    : cmpu                       : No_OpClass : 
1913000: system.cpu: T0 : 0x800002b8 @__init_libc+48    : brn                        : No_OpClass : 
1914000: system.cpu: T0 : 0x80000290 @__init_libc+8    : addi.rb                    : No_OpClass : 
1915000: system.cpu: T0 : 0x80000294 @__init_libc+12    : blockcopy                  : No_OpClass : 
1916000: system.cpu: T0 : 0x80000298 @__init_libc+16    : add                        : No_OpClass : 
1917000: system.cpu: T0 : 0x8000029c @__init_libc+20    : addi                       : No_OpClass : 
1918000: system.cpu: T0 : 0x800002a0 @__init_libc+24    : blockcopy                  : No_OpClass : 
1919000: system.cpu: T0 : 0x800002a4 @__init_libc+28    : st                         : MemWrite :  A=0x7fffffffdeb7
1920000: system.cpu: T0 : 0x800002a8 @__init_libc+32    : addi                       : No_OpClass : 
1921000: system.cpu: T0 : 0x800002ac @__init_libc+36    : add                        : No_OpClass : 
1922000: system.cpu: T0 : 0x800002b0 @__init_libc+40    : addi                       : No_OpClass : 
1923000: system.cpu: T0 : 0x800002b4 @__init_libc+44    : cmpu                       : No_OpClass : 
1924000: system.cpu: T0 : 0x800002b8 @__init_libc+48    : brn                        : No_OpClass : 
1925000: system.cpu: T0 : 0x80000290 @__init_libc+8    : addi.rb                    : No_OpClass : 
1926000: system.cpu: T0 : 0x80000294 @__init_libc+12    : blockcopy                  : No_OpClass : 
1927000: system.cpu: T0 : 0x80000298 @__init_libc+16    : add                        : No_OpClass : 
1928000: system.cpu: T0 : 0x8000029c @__init_libc+20    : addi                       : No_OpClass : 
1929000: system.cpu: T0 : 0x800002a0 @__init_libc+24    : blockcopy                  : No_OpClass : 
1930000: system.cpu: T0 : 0x800002a4 @__init_libc+28    : st                         : MemWrite :  A=0x7fffffffdeb8
1931000: system.cpu: T0 : 0x800002a8 @__init_libc+32    : addi                       : No_OpClass : 
1932000: system.cpu: T0 : 0x800002ac @__init_libc+36    : add                        : No_OpClass : 
1933000: system.cpu: T0 : 0x800002b0 @__init_libc+40    : addi                       : No_OpClass : 
1934000: system.cpu: T0 : 0x800002b4 @__init_libc+44    : cmpu                       : No_OpClass : 
1935000: system.cpu: T0 : 0x800002b8 @__init_libc+48    : brn                        : No_OpClass : 
1936000: system.cpu: T0 : 0x80000290 @__init_libc+8    : addi.rb                    : No_OpClass : 
1937000: system.cpu: T0 : 0x80000294 @__init_libc+12    : blockcopy                  : No_OpClass : 
1938000: system.cpu: T0 : 0x80000298 @__init_libc+16    : add                        : No_OpClass : 
1939000: system.cpu: T0 : 0x8000029c @__init_libc+20    : addi                       : No_OpClass : 
1940000: system.cpu: T0 : 0x800002a0 @__init_libc+24    : blockcopy                  : No_OpClass : 
1941000: system.cpu: T0 : 0x800002a4 @__init_libc+28    : st                         : MemWrite :  A=0x7fffffffdeb9
1942000: system.cpu: T0 : 0x800002a8 @__init_libc+32    : addi                       : No_OpClass : 
1943000: system.cpu: T0 : 0x800002ac @__init_libc+36    : add                        : No_OpClass : 
1944000: system.cpu: T0 : 0x800002b0 @__init_libc+40    : addi                       : No_OpClass : 
1945000: system.cpu: T0 : 0x800002b4 @__init_libc+44    : cmpu                       : No_OpClass : 
1946000: system.cpu: T0 : 0x800002b8 @__init_libc+48    : brn                        : No_OpClass : 
1947000: system.cpu: T0 : 0x80000290 @__init_libc+8    : addi.rb                    : No_OpClass : 
1948000: system.cpu: T0 : 0x80000294 @__init_libc+12    : blockcopy                  : No_OpClass : 
1949000: system.cpu: T0 : 0x80000298 @__init_libc+16    : add                        : No_OpClass : 
1950000: system.cpu: T0 : 0x8000029c @__init_libc+20    : addi                       : No_OpClass : 
1951000: system.cpu: T0 : 0x800002a0 @__init_libc+24    : blockcopy                  : No_OpClass : 
1952000: system.cpu: T0 : 0x800002a4 @__init_libc+28    : st                         : MemWrite :  A=0x7fffffffdeba
1953000: system.cpu: T0 : 0x800002a8 @__init_libc+32    : addi                       : No_OpClass : 
1954000: system.cpu: T0 : 0x800002ac @__init_libc+36    : add                        : No_OpClass : 
1955000: system.cpu: T0 : 0x800002b0 @__init_libc+40    : addi                       : No_OpClass : 
1956000: system.cpu: T0 : 0x800002b4 @__init_libc+44    : cmpu                       : No_OpClass : 
1957000: system.cpu: T0 : 0x800002b8 @__init_libc+48    : brn                        : No_OpClass : 
1958000: system.cpu: T0 : 0x80000290 @__init_libc+8    : addi.rb                    : No_OpClass : 
1959000: system.cpu: T0 : 0x80000294 @__init_libc+12    : blockcopy                  : No_OpClass : 
1960000: system.cpu: T0 : 0x80000298 @__init_libc+16    : add                        : No_OpClass : 
1961000: system.cpu: T0 : 0x8000029c @__init_libc+20    : addi                       : No_OpClass : 
1962000: system.cpu: T0 : 0x800002a0 @__init_libc+24    : blockcopy                  : No_OpClass : 
1963000: system.cpu: T0 : 0x800002a4 @__init_libc+28    : st                         : MemWrite :  A=0x7fffffffdebb
1964000: system.cpu: T0 : 0x800002a8 @__init_libc+32    : addi                       : No_OpClass : 
1965000: system.cpu: T0 : 0x800002ac @__init_libc+36    : add                        : No_OpClass : 
1966000: system.cpu: T0 : 0x800002b0 @__init_libc+40    : addi                       : No_OpClass : 
1967000: system.cpu: T0 : 0x800002b4 @__init_libc+44    : cmpu                       : No_OpClass : 
1968000: system.cpu: T0 : 0x800002b8 @__init_libc+48    : brn                        : No_OpClass : 
1969000: system.cpu: T0 : 0x80000290 @__init_libc+8    : addi.rb                    : No_OpClass : 
1970000: system.cpu: T0 : 0x80000294 @__init_libc+12    : blockcopy                  : No_OpClass : 
1971000: system.cpu: T0 : 0x80000298 @__init_libc+16    : add                        : No_OpClass : 
1972000: system.cpu: T0 : 0x8000029c @__init_libc+20    : addi                       : No_OpClass : 
1973000: system.cpu: T0 : 0x800002a0 @__init_libc+24    : blockcopy                  : No_OpClass : 
1974000: system.cpu: T0 : 0x800002a4 @__init_libc+28    : st                         : MemWrite :  A=0x7fffffffdebc
1975000: system.cpu: T0 : 0x800002a8 @__init_libc+32    : addi                       : No_OpClass : 
1976000: system.cpu: T0 : 0x800002ac @__init_libc+36    : add                        : No_OpClass : 
1977000: system.cpu: T0 : 0x800002b0 @__init_libc+40    : addi                       : No_OpClass : 
1978000: system.cpu: T0 : 0x800002b4 @__init_libc+44    : cmpu                       : No_OpClass : 
1979000: system.cpu: T0 : 0x800002b8 @__init_libc+48    : brn                        : No_OpClass : 
1980000: system.cpu: T0 : 0x80000290 @__init_libc+8    : addi.rb                    : No_OpClass : 
1981000: system.cpu: T0 : 0x80000294 @__init_libc+12    : blockcopy                  : No_OpClass : 
1982000: system.cpu: T0 : 0x80000298 @__init_libc+16    : add                        : No_OpClass : 
1983000: system.cpu: T0 : 0x8000029c @__init_libc+20    : addi                       : No_OpClass : 
1984000: system.cpu: T0 : 0x800002a0 @__init_libc+24    : blockcopy                  : No_OpClass : 
1985000: system.cpu: T0 : 0x800002a4 @__init_libc+28    : st                         : MemWrite :  A=0x7fffffffdebd
1986000: system.cpu: T0 : 0x800002a8 @__init_libc+32    : addi                       : No_OpClass : 
1987000: system.cpu: T0 : 0x800002ac @__init_libc+36    : add                        : No_OpClass : 
1988000: system.cpu: T0 : 0x800002b0 @__init_libc+40    : addi                       : No_OpClass : 
1989000: system.cpu: T0 : 0x800002b4 @__init_libc+44    : cmpu                       : No_OpClass : 
1990000: system.cpu: T0 : 0x800002b8 @__init_libc+48    : brn                        : No_OpClass : 
1991000: system.cpu: T0 : 0x80000290 @__init_libc+8    : addi.rb                    : No_OpClass : 
1992000: system.cpu: T0 : 0x80000294 @__init_libc+12    : blockcopy                  : No_OpClass : 
1993000: system.cpu: T0 : 0x80000298 @__init_libc+16    : add                        : No_OpClass : 
1994000: system.cpu: T0 : 0x8000029c @__init_libc+20    : addi                       : No_OpClass : 
1995000: system.cpu: T0 : 0x800002a0 @__init_libc+24    : blockcopy                  : No_OpClass : 
1996000: system.cpu: T0 : 0x800002a4 @__init_libc+28    : st                         : MemWrite :  A=0x7fffffffdebe
1997000: system.cpu: T0 : 0x800002a8 @__init_libc+32    : addi                       : No_OpClass : 
1998000: system.cpu: T0 : 0x800002ac @__init_libc+36    : add                        : No_OpClass : 
1999000: system.cpu: T0 : 0x800002b0 @__init_libc+40    : addi                       : No_OpClass : 
2000000: system.cpu: T0 : 0x800002b4 @__init_libc+44    : cmpu                       : No_OpClass : 
2001000: system.cpu: T0 : 0x800002b8 @__init_libc+48    : brn                        : No_OpClass : 
2002000: system.cpu: T0 : 0x80000290 @__init_libc+8    : addi.rb                    : No_OpClass : 
2003000: system.cpu: T0 : 0x80000294 @__init_libc+12    : blockcopy                  : No_OpClass : 
2004000: system.cpu: T0 : 0x80000298 @__init_libc+16    : add                        : No_OpClass : 
2005000: system.cpu: T0 : 0x8000029c @__init_libc+20    : addi                       : No_OpClass : 
2006000: system.cpu: T0 : 0x800002a0 @__init_libc+24    : blockcopy                  : No_OpClass : 
2007000: system.cpu: T0 : 0x800002a4 @__init_libc+28    : st                         : MemWrite :  A=0x7fffffffdebf
2008000: system.cpu: T0 : 0x800002a8 @__init_libc+32    : addi                       : No_OpClass : 
2009000: system.cpu: T0 : 0x800002ac @__init_libc+36    : add                        : No_OpClass : 
2010000: system.cpu: T0 : 0x800002b0 @__init_libc+40    : addi                       : No_OpClass : 
2011000: system.cpu: T0 : 0x800002b4 @__init_libc+44    : cmpu                       : No_OpClass : 
2012000: system.cpu: T0 : 0x800002b8 @__init_libc+48    : brn                        : No_OpClass : 
2013000: system.cpu: T0 : 0x80000290 @__init_libc+8    : addi.rb                    : No_OpClass : 
2014000: system.cpu: T0 : 0x80000294 @__init_libc+12    : blockcopy                  : No_OpClass : 
2015000: system.cpu: T0 : 0x80000298 @__init_libc+16    : add                        : No_OpClass : 
2016000: system.cpu: T0 : 0x8000029c @__init_libc+20    : addi                       : No_OpClass : 
2017000: system.cpu: T0 : 0x800002a0 @__init_libc+24    : blockcopy                  : No_OpClass : 
2018000: system.cpu: T0 : 0x800002a4 @__init_libc+28    : st                         : MemWrite :  A=0x7fffffffdec0
2019000: system.cpu: T0 : 0x800002a8 @__init_libc+32    : addi                       : No_OpClass : 
2020000: system.cpu: T0 : 0x800002ac @__init_libc+36    : add                        : No_OpClass : 
2021000: system.cpu: T0 : 0x800002b0 @__init_libc+40    : addi                       : No_OpClass : 
2022000: system.cpu: T0 : 0x800002b4 @__init_libc+44    : cmpu                       : No_OpClass : 
2023000: system.cpu: T0 : 0x800002b8 @__init_libc+48    : brn                        : No_OpClass : 
2024000: system.cpu: T0 : 0x80000290 @__init_libc+8    : addi.rb                    : No_OpClass : 
2025000: system.cpu: T0 : 0x80000294 @__init_libc+12    : blockcopy                  : No_OpClass : 
2026000: system.cpu: T0 : 0x80000298 @__init_libc+16    : add                        : No_OpClass : 
2027000: system.cpu: T0 : 0x8000029c @__init_libc+20    : addi                       : No_OpClass : 
2028000: system.cpu: T0 : 0x800002a0 @__init_libc+24    : blockcopy                  : No_OpClass : 
2029000: system.cpu: T0 : 0x800002a4 @__init_libc+28    : st                         : MemWrite :  A=0x7fffffffdec1
2030000: system.cpu: T0 : 0x800002a8 @__init_libc+32    : addi                       : No_OpClass : 
2031000: system.cpu: T0 : 0x800002ac @__init_libc+36    : add                        : No_OpClass : 
2032000: system.cpu: T0 : 0x800002b0 @__init_libc+40    : addi                       : No_OpClass : 
2033000: system.cpu: T0 : 0x800002b4 @__init_libc+44    : cmpu                       : No_OpClass : 
2034000: system.cpu: T0 : 0x800002b8 @__init_libc+48    : brn                        : No_OpClass : 
2035000: system.cpu: T0 : 0x80000290 @__init_libc+8    : addi.rb                    : No_OpClass : 
2036000: system.cpu: T0 : 0x80000294 @__init_libc+12    : blockcopy                  : No_OpClass : 
2037000: system.cpu: T0 : 0x80000298 @__init_libc+16    : add                        : No_OpClass : 
2038000: system.cpu: T0 : 0x8000029c @__init_libc+20    : addi                       : No_OpClass : 
2039000: system.cpu: T0 : 0x800002a0 @__init_libc+24    : blockcopy                  : No_OpClass : 
2040000: system.cpu: T0 : 0x800002a4 @__init_libc+28    : st                         : MemWrite :  A=0x7fffffffdec2
2041000: system.cpu: T0 : 0x800002a8 @__init_libc+32    : addi                       : No_OpClass : 
2042000: system.cpu: T0 : 0x800002ac @__init_libc+36    : add                        : No_OpClass : 
2043000: system.cpu: T0 : 0x800002b0 @__init_libc+40    : addi                       : No_OpClass : 
2044000: system.cpu: T0 : 0x800002b4 @__init_libc+44    : cmpu                       : No_OpClass : 
2045000: system.cpu: T0 : 0x800002b8 @__init_libc+48    : brn                        : No_OpClass : 
2046000: system.cpu: T0 : 0x80000290 @__init_libc+8    : addi.rb                    : No_OpClass : 
2047000: system.cpu: T0 : 0x80000294 @__init_libc+12    : blockcopy                  : No_OpClass : 
2048000: system.cpu: T0 : 0x80000298 @__init_libc+16    : add                        : No_OpClass : 
2049000: system.cpu: T0 : 0x8000029c @__init_libc+20    : addi                       : No_OpClass : 
2050000: system.cpu: T0 : 0x800002a0 @__init_libc+24    : blockcopy                  : No_OpClass : 
2051000: system.cpu: T0 : 0x800002a4 @__init_libc+28    : st                         : MemWrite :  A=0x7fffffffdec3
2052000: system.cpu: T0 : 0x800002a8 @__init_libc+32    : addi                       : No_OpClass : 
2053000: system.cpu: T0 : 0x800002ac @__init_libc+36    : add                        : No_OpClass : 
2054000: system.cpu: T0 : 0x800002b0 @__init_libc+40    : addi                       : No_OpClass : 
2055000: system.cpu: T0 : 0x800002b4 @__init_libc+44    : cmpu                       : No_OpClass : 
2056000: system.cpu: T0 : 0x800002b8 @__init_libc+48    : brn                        : No_OpClass : 
2057000: system.cpu: T0 : 0x80000290 @__init_libc+8    : addi.rb                    : No_OpClass : 
2058000: system.cpu: T0 : 0x80000294 @__init_libc+12    : blockcopy                  : No_OpClass : 
2059000: system.cpu: T0 : 0x80000298 @__init_libc+16    : add                        : No_OpClass : 
2060000: system.cpu: T0 : 0x8000029c @__init_libc+20    : addi                       : No_OpClass : 
2061000: system.cpu: T0 : 0x800002a0 @__init_libc+24    : blockcopy                  : No_OpClass : 
2062000: system.cpu: T0 : 0x800002a4 @__init_libc+28    : st                         : MemWrite :  A=0x7fffffffdec4
2063000: system.cpu: T0 : 0x800002a8 @__init_libc+32    : addi                       : No_OpClass : 
2064000: system.cpu: T0 : 0x800002ac @__init_libc+36    : add                        : No_OpClass : 
2065000: system.cpu: T0 : 0x800002b0 @__init_libc+40    : addi                       : No_OpClass : 
2066000: system.cpu: T0 : 0x800002b4 @__init_libc+44    : cmpu                       : No_OpClass : 
2067000: system.cpu: T0 : 0x800002b8 @__init_libc+48    : brn                        : No_OpClass : 
2068000: system.cpu: T0 : 0x80000290 @__init_libc+8    : addi.rb                    : No_OpClass : 
2069000: system.cpu: T0 : 0x80000294 @__init_libc+12    : blockcopy                  : No_OpClass : 
2070000: system.cpu: T0 : 0x80000298 @__init_libc+16    : add                        : No_OpClass : 
2071000: system.cpu: T0 : 0x8000029c @__init_libc+20    : addi                       : No_OpClass : 
2072000: system.cpu: T0 : 0x800002a0 @__init_libc+24    : blockcopy                  : No_OpClass : 
2073000: system.cpu: T0 : 0x800002a4 @__init_libc+28    : st                         : MemWrite :  A=0x7fffffffdec5
2074000: system.cpu: T0 : 0x800002a8 @__init_libc+32    : addi                       : No_OpClass : 
2075000: system.cpu: T0 : 0x800002ac @__init_libc+36    : add                        : No_OpClass : 
2076000: system.cpu: T0 : 0x800002b0 @__init_libc+40    : addi                       : No_OpClass : 
2077000: system.cpu: T0 : 0x800002b4 @__init_libc+44    : cmpu                       : No_OpClass : 
2078000: system.cpu: T0 : 0x800002b8 @__init_libc+48    : brn                        : No_OpClass : 
2079000: system.cpu: T0 : 0x80000290 @__init_libc+8    : addi.rb                    : No_OpClass : 
2080000: system.cpu: T0 : 0x80000294 @__init_libc+12    : blockcopy                  : No_OpClass : 
2081000: system.cpu: T0 : 0x80000298 @__init_libc+16    : add                        : No_OpClass : 
2082000: system.cpu: T0 : 0x8000029c @__init_libc+20    : addi                       : No_OpClass : 
2083000: system.cpu: T0 : 0x800002a0 @__init_libc+24    : blockcopy                  : No_OpClass : 
2084000: system.cpu: T0 : 0x800002a4 @__init_libc+28    : st                         : MemWrite :  A=0x7fffffffdec6
2085000: system.cpu: T0 : 0x800002a8 @__init_libc+32    : addi                       : No_OpClass : 
2086000: system.cpu: T0 : 0x800002ac @__init_libc+36    : add                        : No_OpClass : 
2087000: system.cpu: T0 : 0x800002b0 @__init_libc+40    : addi                       : No_OpClass : 
2088000: system.cpu: T0 : 0x800002b4 @__init_libc+44    : cmpu                       : No_OpClass : 
2089000: system.cpu: T0 : 0x800002b8 @__init_libc+48    : brn                        : No_OpClass : 
2090000: system.cpu: T0 : 0x80000290 @__init_libc+8    : addi.rb                    : No_OpClass : 
2091000: system.cpu: T0 : 0x80000294 @__init_libc+12    : blockcopy                  : No_OpClass : 
2092000: system.cpu: T0 : 0x80000298 @__init_libc+16    : add                        : No_OpClass : 
2093000: system.cpu: T0 : 0x8000029c @__init_libc+20    : addi                       : No_OpClass : 
2094000: system.cpu: T0 : 0x800002a0 @__init_libc+24    : blockcopy                  : No_OpClass : 
2095000: system.cpu: T0 : 0x800002a4 @__init_libc+28    : st                         : MemWrite :  A=0x7fffffffdec7
2096000: system.cpu: T0 : 0x800002a8 @__init_libc+32    : addi                       : No_OpClass : 
2097000: system.cpu: T0 : 0x800002ac @__init_libc+36    : add                        : No_OpClass : 
2098000: system.cpu: T0 : 0x800002b0 @__init_libc+40    : addi                       : No_OpClass : 
2099000: system.cpu: T0 : 0x800002b4 @__init_libc+44    : cmpu                       : No_OpClass : 
2100000: system.cpu: T0 : 0x800002b8 @__init_libc+48    : brn                        : No_OpClass : 
2101000: system.cpu: T0 : 0x80000290 @__init_libc+8    : addi.rb                    : No_OpClass : 
2102000: system.cpu: T0 : 0x80000294 @__init_libc+12    : blockcopy                  : No_OpClass : 
2103000: system.cpu: T0 : 0x80000298 @__init_libc+16    : add                        : No_OpClass : 
2104000: system.cpu: T0 : 0x8000029c @__init_libc+20    : addi                       : No_OpClass : 
2105000: system.cpu: T0 : 0x800002a0 @__init_libc+24    : blockcopy                  : No_OpClass : 
2106000: system.cpu: T0 : 0x800002a4 @__init_libc+28    : st                         : MemWrite :  A=0x7fffffffdec8
2107000: system.cpu: T0 : 0x800002a8 @__init_libc+32    : addi                       : No_OpClass : 
2108000: system.cpu: T0 : 0x800002ac @__init_libc+36    : add                        : No_OpClass : 
2109000: system.cpu: T0 : 0x800002b0 @__init_libc+40    : addi                       : No_OpClass : 
2110000: system.cpu: T0 : 0x800002b4 @__init_libc+44    : cmpu                       : No_OpClass : 
2111000: system.cpu: T0 : 0x800002b8 @__init_libc+48    : brn                        : No_OpClass : 
2112000: system.cpu: T0 : 0x80000290 @__init_libc+8    : addi.rb                    : No_OpClass : 
2113000: system.cpu: T0 : 0x80000294 @__init_libc+12    : blockcopy                  : No_OpClass : 
2114000: system.cpu: T0 : 0x80000298 @__init_libc+16    : add                        : No_OpClass : 
2115000: system.cpu: T0 : 0x8000029c @__init_libc+20    : addi                       : No_OpClass : 
2116000: system.cpu: T0 : 0x800002a0 @__init_libc+24    : blockcopy                  : No_OpClass : 
2117000: system.cpu: T0 : 0x800002a4 @__init_libc+28    : st                         : MemWrite :  A=0x7fffffffdec9
2118000: system.cpu: T0 : 0x800002a8 @__init_libc+32    : addi                       : No_OpClass : 
2119000: system.cpu: T0 : 0x800002ac @__init_libc+36    : add                        : No_OpClass : 
2120000: system.cpu: T0 : 0x800002b0 @__init_libc+40    : addi                       : No_OpClass : 
2121000: system.cpu: T0 : 0x800002b4 @__init_libc+44    : cmpu                       : No_OpClass : 
2122000: system.cpu: T0 : 0x800002b8 @__init_libc+48    : brn                        : No_OpClass : 
2123000: system.cpu: T0 : 0x80000290 @__init_libc+8    : addi.rb                    : No_OpClass : 
2124000: system.cpu: T0 : 0x80000294 @__init_libc+12    : blockcopy                  : No_OpClass : 
2125000: system.cpu: T0 : 0x80000298 @__init_libc+16    : add                        : No_OpClass : 
2126000: system.cpu: T0 : 0x8000029c @__init_libc+20    : addi                       : No_OpClass : 
2127000: system.cpu: T0 : 0x800002a0 @__init_libc+24    : blockcopy                  : No_OpClass : 
2128000: system.cpu: T0 : 0x800002a4 @__init_libc+28    : st                         : MemWrite :  A=0x7fffffffdeca
2129000: system.cpu: T0 : 0x800002a8 @__init_libc+32    : addi                       : No_OpClass : 
2130000: system.cpu: T0 : 0x800002ac @__init_libc+36    : add                        : No_OpClass : 
2131000: system.cpu: T0 : 0x800002b0 @__init_libc+40    : addi                       : No_OpClass : 
2132000: system.cpu: T0 : 0x800002b4 @__init_libc+44    : cmpu                       : No_OpClass : 
2133000: system.cpu: T0 : 0x800002b8 @__init_libc+48    : brn                        : No_OpClass : 
2134000: system.cpu: T0 : 0x80000290 @__init_libc+8    : addi.rb                    : No_OpClass : 
2135000: system.cpu: T0 : 0x80000294 @__init_libc+12    : blockcopy                  : No_OpClass : 
2136000: system.cpu: T0 : 0x80000298 @__init_libc+16    : add                        : No_OpClass : 
2137000: system.cpu: T0 : 0x8000029c @__init_libc+20    : addi                       : No_OpClass : 
2138000: system.cpu: T0 : 0x800002a0 @__init_libc+24    : blockcopy                  : No_OpClass : 
2139000: system.cpu: T0 : 0x800002a4 @__init_libc+28    : st                         : MemWrite :  A=0x7fffffffdecb
2140000: system.cpu: T0 : 0x800002a8 @__init_libc+32    : addi                       : No_OpClass : 
2141000: system.cpu: T0 : 0x800002ac @__init_libc+36    : add                        : No_OpClass : 
2142000: system.cpu: T0 : 0x800002b0 @__init_libc+40    : addi                       : No_OpClass : 
2143000: system.cpu: T0 : 0x800002b4 @__init_libc+44    : cmpu                       : No_OpClass : 
2144000: system.cpu: T0 : 0x800002b8 @__init_libc+48    : brn                        : No_OpClass : 
2145000: system.cpu: T0 : 0x80000290 @__init_libc+8    : addi.rb                    : No_OpClass : 
2146000: system.cpu: T0 : 0x80000294 @__init_libc+12    : blockcopy                  : No_OpClass : 
2147000: system.cpu: T0 : 0x80000298 @__init_libc+16    : add                        : No_OpClass : 
2148000: system.cpu: T0 : 0x8000029c @__init_libc+20    : addi                       : No_OpClass : 
2149000: system.cpu: T0 : 0x800002a0 @__init_libc+24    : blockcopy                  : No_OpClass : 
2150000: system.cpu: T0 : 0x800002a4 @__init_libc+28    : st                         : MemWrite :  A=0x7fffffffdecc
2151000: system.cpu: T0 : 0x800002a8 @__init_libc+32    : addi                       : No_OpClass : 
2152000: system.cpu: T0 : 0x800002ac @__init_libc+36    : add                        : No_OpClass : 
2153000: system.cpu: T0 : 0x800002b0 @__init_libc+40    : addi                       : No_OpClass : 
2154000: system.cpu: T0 : 0x800002b4 @__init_libc+44    : cmpu                       : No_OpClass : 
2155000: system.cpu: T0 : 0x800002b8 @__init_libc+48    : brn                        : No_OpClass : 
2156000: system.cpu: T0 : 0x80000290 @__init_libc+8    : addi.rb                    : No_OpClass : 
2157000: system.cpu: T0 : 0x80000294 @__init_libc+12    : blockcopy                  : No_OpClass : 
2158000: system.cpu: T0 : 0x80000298 @__init_libc+16    : add                        : No_OpClass : 
2159000: system.cpu: T0 : 0x8000029c @__init_libc+20    : addi                       : No_OpClass : 
2160000: system.cpu: T0 : 0x800002a0 @__init_libc+24    : blockcopy                  : No_OpClass : 
2161000: system.cpu: T0 : 0x800002a4 @__init_libc+28    : st                         : MemWrite :  A=0x7fffffffdecd
2162000: system.cpu: T0 : 0x800002a8 @__init_libc+32    : addi                       : No_OpClass : 
2163000: system.cpu: T0 : 0x800002ac @__init_libc+36    : add                        : No_OpClass : 
2164000: system.cpu: T0 : 0x800002b0 @__init_libc+40    : addi                       : No_OpClass : 
2165000: system.cpu: T0 : 0x800002b4 @__init_libc+44    : cmpu                       : No_OpClass : 
2166000: system.cpu: T0 : 0x800002b8 @__init_libc+48    : brn                        : No_OpClass : 
2167000: system.cpu: T0 : 0x80000290 @__init_libc+8    : addi.rb                    : No_OpClass : 
2168000: system.cpu: T0 : 0x80000294 @__init_libc+12    : blockcopy                  : No_OpClass : 
2169000: system.cpu: T0 : 0x80000298 @__init_libc+16    : add                        : No_OpClass : 
2170000: system.cpu: T0 : 0x8000029c @__init_libc+20    : addi                       : No_OpClass : 
2171000: system.cpu: T0 : 0x800002a0 @__init_libc+24    : blockcopy                  : No_OpClass : 
2172000: system.cpu: T0 : 0x800002a4 @__init_libc+28    : st                         : MemWrite :  A=0x7fffffffdece
2173000: system.cpu: T0 : 0x800002a8 @__init_libc+32    : addi                       : No_OpClass : 
2174000: system.cpu: T0 : 0x800002ac @__init_libc+36    : add                        : No_OpClass : 
2175000: system.cpu: T0 : 0x800002b0 @__init_libc+40    : addi                       : No_OpClass : 
2176000: system.cpu: T0 : 0x800002b4 @__init_libc+44    : cmpu                       : No_OpClass : 
2177000: system.cpu: T0 : 0x800002b8 @__init_libc+48    : brn                        : No_OpClass : 
2178000: system.cpu: T0 : 0x80000290 @__init_libc+8    : addi.rb                    : No_OpClass : 
2179000: system.cpu: T0 : 0x80000294 @__init_libc+12    : blockcopy                  : No_OpClass : 
2180000: system.cpu: T0 : 0x80000298 @__init_libc+16    : add                        : No_OpClass : 
2181000: system.cpu: T0 : 0x8000029c @__init_libc+20    : addi                       : No_OpClass : 
2182000: system.cpu: T0 : 0x800002a0 @__init_libc+24    : blockcopy                  : No_OpClass : 
2183000: system.cpu: T0 : 0x800002a4 @__init_libc+28    : st                         : MemWrite :  A=0x7fffffffdecf
2184000: system.cpu: T0 : 0x800002a8 @__init_libc+32    : addi                       : No_OpClass : 
2185000: system.cpu: T0 : 0x800002ac @__init_libc+36    : add                        : No_OpClass : 
2186000: system.cpu: T0 : 0x800002b0 @__init_libc+40    : addi                       : No_OpClass : 
2187000: system.cpu: T0 : 0x800002b4 @__init_libc+44    : cmpu                       : No_OpClass : 
2188000: system.cpu: T0 : 0x800002b8 @__init_libc+48    : brn                        : No_OpClass : 
2189000: system.cpu: T0 : 0x80000290 @__init_libc+8    : addi.rb                    : No_OpClass : 
2190000: system.cpu: T0 : 0x80000294 @__init_libc+12    : blockcopy                  : No_OpClass : 
2191000: system.cpu: T0 : 0x80000298 @__init_libc+16    : add                        : No_OpClass : 
2192000: system.cpu: T0 : 0x8000029c @__init_libc+20    : addi                       : No_OpClass : 
2193000: system.cpu: T0 : 0x800002a0 @__init_libc+24    : blockcopy                  : No_OpClass : 
2194000: system.cpu: T0 : 0x800002a4 @__init_libc+28    : st                         : MemWrite :  A=0x7fffffffded0
2195000: system.cpu: T0 : 0x800002a8 @__init_libc+32    : addi                       : No_OpClass : 
2196000: system.cpu: T0 : 0x800002ac @__init_libc+36    : add                        : No_OpClass : 
2197000: system.cpu: T0 : 0x800002b0 @__init_libc+40    : addi                       : No_OpClass : 
2198000: system.cpu: T0 : 0x800002b4 @__init_libc+44    : cmpu                       : No_OpClass : 
2199000: system.cpu: T0 : 0x800002b8 @__init_libc+48    : brn                        : No_OpClass : 
2200000: system.cpu: T0 : 0x80000290 @__init_libc+8    : addi.rb                    : No_OpClass : 
2201000: system.cpu: T0 : 0x80000294 @__init_libc+12    : blockcopy                  : No_OpClass : 
2202000: system.cpu: T0 : 0x80000298 @__init_libc+16    : add                        : No_OpClass : 
2203000: system.cpu: T0 : 0x8000029c @__init_libc+20    : addi                       : No_OpClass : 
2204000: system.cpu: T0 : 0x800002a0 @__init_libc+24    : blockcopy                  : No_OpClass : 
2205000: system.cpu: T0 : 0x800002a4 @__init_libc+28    : st                         : MemWrite :  A=0x7fffffffded1
2206000: system.cpu: T0 : 0x800002a8 @__init_libc+32    : addi                       : No_OpClass : 
2207000: system.cpu: T0 : 0x800002ac @__init_libc+36    : add                        : No_OpClass : 
2208000: system.cpu: T0 : 0x800002b0 @__init_libc+40    : addi                       : No_OpClass : 
2209000: system.cpu: T0 : 0x800002b4 @__init_libc+44    : cmpu                       : No_OpClass : 
2210000: system.cpu: T0 : 0x800002b8 @__init_libc+48    : brn                        : No_OpClass : 
2211000: system.cpu: T0 : 0x80000290 @__init_libc+8    : addi.rb                    : No_OpClass : 
2212000: system.cpu: T0 : 0x80000294 @__init_libc+12    : blockcopy                  : No_OpClass : 
2213000: system.cpu: T0 : 0x80000298 @__init_libc+16    : add                        : No_OpClass : 
2214000: system.cpu: T0 : 0x8000029c @__init_libc+20    : addi                       : No_OpClass : 
2215000: system.cpu: T0 : 0x800002a0 @__init_libc+24    : blockcopy                  : No_OpClass : 
2216000: system.cpu: T0 : 0x800002a4 @__init_libc+28    : st                         : MemWrite :  A=0x7fffffffded2
2217000: system.cpu: T0 : 0x800002a8 @__init_libc+32    : addi                       : No_OpClass : 
2218000: system.cpu: T0 : 0x800002ac @__init_libc+36    : add                        : No_OpClass : 
2219000: system.cpu: T0 : 0x800002b0 @__init_libc+40    : addi                       : No_OpClass : 
2220000: system.cpu: T0 : 0x800002b4 @__init_libc+44    : cmpu                       : No_OpClass : 
2221000: system.cpu: T0 : 0x800002b8 @__init_libc+48    : brn                        : No_OpClass : 
2222000: system.cpu: T0 : 0x80000290 @__init_libc+8    : addi.rb                    : No_OpClass : 
2223000: system.cpu: T0 : 0x80000294 @__init_libc+12    : blockcopy                  : No_OpClass : 
2224000: system.cpu: T0 : 0x80000298 @__init_libc+16    : add                        : No_OpClass : 
2225000: system.cpu: T0 : 0x8000029c @__init_libc+20    : addi                       : No_OpClass : 
2226000: system.cpu: T0 : 0x800002a0 @__init_libc+24    : blockcopy                  : No_OpClass : 
2227000: system.cpu: T0 : 0x800002a4 @__init_libc+28    : st                         : MemWrite :  A=0x7fffffffded3
2228000: system.cpu: T0 : 0x800002a8 @__init_libc+32    : addi                       : No_OpClass : 
2229000: system.cpu: T0 : 0x800002ac @__init_libc+36    : add                        : No_OpClass : 
2230000: system.cpu: T0 : 0x800002b0 @__init_libc+40    : addi                       : No_OpClass : 
2231000: system.cpu: T0 : 0x800002b4 @__init_libc+44    : cmpu                       : No_OpClass : 
2232000: system.cpu: T0 : 0x800002b8 @__init_libc+48    : brn                        : No_OpClass : 
2233000: system.cpu: T0 : 0x80000290 @__init_libc+8    : addi.rb                    : No_OpClass : 
2234000: system.cpu: T0 : 0x80000294 @__init_libc+12    : blockcopy                  : No_OpClass : 
2235000: system.cpu: T0 : 0x80000298 @__init_libc+16    : add                        : No_OpClass : 
2236000: system.cpu: T0 : 0x8000029c @__init_libc+20    : addi                       : No_OpClass : 
2237000: system.cpu: T0 : 0x800002a0 @__init_libc+24    : blockcopy                  : No_OpClass : 
2238000: system.cpu: T0 : 0x800002a4 @__init_libc+28    : st                         : MemWrite :  A=0x7fffffffded4
2239000: system.cpu: T0 : 0x800002a8 @__init_libc+32    : addi                       : No_OpClass : 
2240000: system.cpu: T0 : 0x800002ac @__init_libc+36    : add                        : No_OpClass : 
2241000: system.cpu: T0 : 0x800002b0 @__init_libc+40    : addi                       : No_OpClass : 
2242000: system.cpu: T0 : 0x800002b4 @__init_libc+44    : cmpu                       : No_OpClass : 
2243000: system.cpu: T0 : 0x800002b8 @__init_libc+48    : brn                        : No_OpClass : 
2244000: system.cpu: T0 : 0x80000290 @__init_libc+8    : addi.rb                    : No_OpClass : 
2245000: system.cpu: T0 : 0x80000294 @__init_libc+12    : blockcopy                  : No_OpClass : 
2246000: system.cpu: T0 : 0x80000298 @__init_libc+16    : add                        : No_OpClass : 
2247000: system.cpu: T0 : 0x8000029c @__init_libc+20    : addi                       : No_OpClass : 
2248000: system.cpu: T0 : 0x800002a0 @__init_libc+24    : blockcopy                  : No_OpClass : 
2249000: system.cpu: T0 : 0x800002a4 @__init_libc+28    : st                         : MemWrite :  A=0x7fffffffded5
2250000: system.cpu: T0 : 0x800002a8 @__init_libc+32    : addi                       : No_OpClass : 
2251000: system.cpu: T0 : 0x800002ac @__init_libc+36    : add                        : No_OpClass : 
2252000: system.cpu: T0 : 0x800002b0 @__init_libc+40    : addi                       : No_OpClass : 
2253000: system.cpu: T0 : 0x800002b4 @__init_libc+44    : cmpu                       : No_OpClass : 
2254000: system.cpu: T0 : 0x800002b8 @__init_libc+48    : brn                        : No_OpClass : 
2255000: system.cpu: T0 : 0x80000290 @__init_libc+8    : addi.rb                    : No_OpClass : 
2256000: system.cpu: T0 : 0x80000294 @__init_libc+12    : blockcopy                  : No_OpClass : 
2257000: system.cpu: T0 : 0x80000298 @__init_libc+16    : add                        : No_OpClass : 
2258000: system.cpu: T0 : 0x8000029c @__init_libc+20    : addi                       : No_OpClass : 
2259000: system.cpu: T0 : 0x800002a0 @__init_libc+24    : blockcopy                  : No_OpClass : 
2260000: system.cpu: T0 : 0x800002a4 @__init_libc+28    : st                         : MemWrite :  A=0x7fffffffded6
2261000: system.cpu: T0 : 0x800002a8 @__init_libc+32    : addi                       : No_OpClass : 
2262000: system.cpu: T0 : 0x800002ac @__init_libc+36    : add                        : No_OpClass : 
2263000: system.cpu: T0 : 0x800002b0 @__init_libc+40    : addi                       : No_OpClass : 
2264000: system.cpu: T0 : 0x800002b4 @__init_libc+44    : cmpu                       : No_OpClass : 
2265000: system.cpu: T0 : 0x800002b8 @__init_libc+48    : brn                        : No_OpClass : 
2266000: system.cpu: T0 : 0x80000290 @__init_libc+8    : addi.rb                    : No_OpClass : 
2267000: system.cpu: T0 : 0x80000294 @__init_libc+12    : blockcopy                  : No_OpClass : 
2268000: system.cpu: T0 : 0x80000298 @__init_libc+16    : add                        : No_OpClass : 
2269000: system.cpu: T0 : 0x8000029c @__init_libc+20    : addi                       : No_OpClass : 
2270000: system.cpu: T0 : 0x800002a0 @__init_libc+24    : blockcopy                  : No_OpClass : 
2271000: system.cpu: T0 : 0x800002a4 @__init_libc+28    : st                         : MemWrite :  A=0x7fffffffded7
2272000: system.cpu: T0 : 0x800002a8 @__init_libc+32    : addi                       : No_OpClass : 
2273000: system.cpu: T0 : 0x800002ac @__init_libc+36    : add                        : No_OpClass : 
2274000: system.cpu: T0 : 0x800002b0 @__init_libc+40    : addi                       : No_OpClass : 
2275000: system.cpu: T0 : 0x800002b4 @__init_libc+44    : cmpu                       : No_OpClass : 
2276000: system.cpu: T0 : 0x800002b8 @__init_libc+48    : brn                        : No_OpClass : 
2277000: system.cpu: T0 : 0x80000290 @__init_libc+8    : addi.rb                    : No_OpClass : 
2278000: system.cpu: T0 : 0x80000294 @__init_libc+12    : blockcopy                  : No_OpClass : 
2279000: system.cpu: T0 : 0x80000298 @__init_libc+16    : add                        : No_OpClass : 
2280000: system.cpu: T0 : 0x8000029c @__init_libc+20    : addi                       : No_OpClass : 
2281000: system.cpu: T0 : 0x800002a0 @__init_libc+24    : blockcopy                  : No_OpClass : 
2282000: system.cpu: T0 : 0x800002a4 @__init_libc+28    : st                         : MemWrite :  A=0x7fffffffded8
2283000: system.cpu: T0 : 0x800002a8 @__init_libc+32    : addi                       : No_OpClass : 
2284000: system.cpu: T0 : 0x800002ac @__init_libc+36    : add                        : No_OpClass : 
2285000: system.cpu: T0 : 0x800002b0 @__init_libc+40    : addi                       : No_OpClass : 
2286000: system.cpu: T0 : 0x800002b4 @__init_libc+44    : cmpu                       : No_OpClass : 
2287000: system.cpu: T0 : 0x800002b8 @__init_libc+48    : brn                        : No_OpClass : 
2288000: system.cpu: T0 : 0x80000290 @__init_libc+8    : addi.rb                    : No_OpClass : 
2289000: system.cpu: T0 : 0x80000294 @__init_libc+12    : blockcopy                  : No_OpClass : 
2290000: system.cpu: T0 : 0x80000298 @__init_libc+16    : add                        : No_OpClass : 
2291000: system.cpu: T0 : 0x8000029c @__init_libc+20    : addi                       : No_OpClass : 
2292000: system.cpu: T0 : 0x800002a0 @__init_libc+24    : blockcopy                  : No_OpClass : 
2293000: system.cpu: T0 : 0x800002a4 @__init_libc+28    : st                         : MemWrite :  A=0x7fffffffded9
2294000: system.cpu: T0 : 0x800002a8 @__init_libc+32    : addi                       : No_OpClass : 
2295000: system.cpu: T0 : 0x800002ac @__init_libc+36    : add                        : No_OpClass : 
2296000: system.cpu: T0 : 0x800002b0 @__init_libc+40    : addi                       : No_OpClass : 
2297000: system.cpu: T0 : 0x800002b4 @__init_libc+44    : cmpu                       : No_OpClass : 
2298000: system.cpu: T0 : 0x800002b8 @__init_libc+48    : brn                        : No_OpClass : 
2299000: system.cpu: T0 : 0x80000290 @__init_libc+8    : addi.rb                    : No_OpClass : 
2300000: system.cpu: T0 : 0x80000294 @__init_libc+12    : blockcopy                  : No_OpClass : 
2301000: system.cpu: T0 : 0x80000298 @__init_libc+16    : add                        : No_OpClass : 
2302000: system.cpu: T0 : 0x8000029c @__init_libc+20    : addi                       : No_OpClass : 
2303000: system.cpu: T0 : 0x800002a0 @__init_libc+24    : blockcopy                  : No_OpClass : 
2304000: system.cpu: T0 : 0x800002a4 @__init_libc+28    : st                         : MemWrite :  A=0x7fffffffdeda
2305000: system.cpu: T0 : 0x800002a8 @__init_libc+32    : addi                       : No_OpClass : 
2306000: system.cpu: T0 : 0x800002ac @__init_libc+36    : add                        : No_OpClass : 
2307000: system.cpu: T0 : 0x800002b0 @__init_libc+40    : addi                       : No_OpClass : 
2308000: system.cpu: T0 : 0x800002b4 @__init_libc+44    : cmpu                       : No_OpClass : 
2309000: system.cpu: T0 : 0x800002b8 @__init_libc+48    : brn                        : No_OpClass : 
2310000: system.cpu: T0 : 0x80000290 @__init_libc+8    : addi.rb                    : No_OpClass : 
2311000: system.cpu: T0 : 0x80000294 @__init_libc+12    : blockcopy                  : No_OpClass : 
2312000: system.cpu: T0 : 0x80000298 @__init_libc+16    : add                        : No_OpClass : 
2313000: system.cpu: T0 : 0x8000029c @__init_libc+20    : addi                       : No_OpClass : 
2314000: system.cpu: T0 : 0x800002a0 @__init_libc+24    : blockcopy                  : No_OpClass : 
2315000: system.cpu: T0 : 0x800002a4 @__init_libc+28    : st                         : MemWrite :  A=0x7fffffffdedb
2316000: system.cpu: T0 : 0x800002a8 @__init_libc+32    : addi                       : No_OpClass : 
2317000: system.cpu: T0 : 0x800002ac @__init_libc+36    : add                        : No_OpClass : 
2318000: system.cpu: T0 : 0x800002b0 @__init_libc+40    : addi                       : No_OpClass : 
2319000: system.cpu: T0 : 0x800002b4 @__init_libc+44    : cmpu                       : No_OpClass : 
2320000: system.cpu: T0 : 0x800002b8 @__init_libc+48    : brn                        : No_OpClass : 
2321000: system.cpu: T0 : 0x80000290 @__init_libc+8    : addi.rb                    : No_OpClass : 
2322000: system.cpu: T0 : 0x80000294 @__init_libc+12    : blockcopy                  : No_OpClass : 
2323000: system.cpu: T0 : 0x80000298 @__init_libc+16    : add                        : No_OpClass : 
2324000: system.cpu: T0 : 0x8000029c @__init_libc+20    : addi                       : No_OpClass : 
2325000: system.cpu: T0 : 0x800002a0 @__init_libc+24    : blockcopy                  : No_OpClass : 
2326000: system.cpu: T0 : 0x800002a4 @__init_libc+28    : st                         : MemWrite :  A=0x7fffffffdedc
2327000: system.cpu: T0 : 0x800002a8 @__init_libc+32    : addi                       : No_OpClass : 
2328000: system.cpu: T0 : 0x800002ac @__init_libc+36    : add                        : No_OpClass : 
2329000: system.cpu: T0 : 0x800002b0 @__init_libc+40    : addi                       : No_OpClass : 
2330000: system.cpu: T0 : 0x800002b4 @__init_libc+44    : cmpu                       : No_OpClass : 
2331000: system.cpu: T0 : 0x800002b8 @__init_libc+48    : brn                        : No_OpClass : 
2332000: system.cpu: T0 : 0x80000290 @__init_libc+8    : addi.rb                    : No_OpClass : 
2333000: system.cpu: T0 : 0x80000294 @__init_libc+12    : blockcopy                  : No_OpClass : 
2334000: system.cpu: T0 : 0x80000298 @__init_libc+16    : add                        : No_OpClass : 
2335000: system.cpu: T0 : 0x8000029c @__init_libc+20    : addi                       : No_OpClass : 
2336000: system.cpu: T0 : 0x800002a0 @__init_libc+24    : blockcopy                  : No_OpClass : 
2337000: system.cpu: T0 : 0x800002a4 @__init_libc+28    : st                         : MemWrite :  A=0x7fffffffdedd
2338000: system.cpu: T0 : 0x800002a8 @__init_libc+32    : addi                       : No_OpClass : 
2339000: system.cpu: T0 : 0x800002ac @__init_libc+36    : add                        : No_OpClass : 
2340000: system.cpu: T0 : 0x800002b0 @__init_libc+40    : addi                       : No_OpClass : 
2341000: system.cpu: T0 : 0x800002b4 @__init_libc+44    : cmpu                       : No_OpClass : 
2342000: system.cpu: T0 : 0x800002b8 @__init_libc+48    : brn                        : No_OpClass : 
2343000: system.cpu: T0 : 0x80000290 @__init_libc+8    : addi.rb                    : No_OpClass : 
2344000: system.cpu: T0 : 0x80000294 @__init_libc+12    : blockcopy                  : No_OpClass : 
2345000: system.cpu: T0 : 0x80000298 @__init_libc+16    : add                        : No_OpClass : 
2346000: system.cpu: T0 : 0x8000029c @__init_libc+20    : addi                       : No_OpClass : 
2347000: system.cpu: T0 : 0x800002a0 @__init_libc+24    : blockcopy                  : No_OpClass : 
2348000: system.cpu: T0 : 0x800002a4 @__init_libc+28    : st                         : MemWrite :  A=0x7fffffffdede
2349000: system.cpu: T0 : 0x800002a8 @__init_libc+32    : addi                       : No_OpClass : 
2350000: system.cpu: T0 : 0x800002ac @__init_libc+36    : add                        : No_OpClass : 
2351000: system.cpu: T0 : 0x800002b0 @__init_libc+40    : addi                       : No_OpClass : 
2352000: system.cpu: T0 : 0x800002b4 @__init_libc+44    : cmpu                       : No_OpClass : 
2353000: system.cpu: T0 : 0x800002b8 @__init_libc+48    : brn                        : No_OpClass : 
2354000: system.cpu: T0 : 0x80000290 @__init_libc+8    : addi.rb                    : No_OpClass : 
2355000: system.cpu: T0 : 0x80000294 @__init_libc+12    : blockcopy                  : No_OpClass : 
2356000: system.cpu: T0 : 0x80000298 @__init_libc+16    : add                        : No_OpClass : 
2357000: system.cpu: T0 : 0x8000029c @__init_libc+20    : addi                       : No_OpClass : 
2358000: system.cpu: T0 : 0x800002a0 @__init_libc+24    : blockcopy                  : No_OpClass : 
2359000: system.cpu: T0 : 0x800002a4 @__init_libc+28    : st                         : MemWrite :  A=0x7fffffffdedf
2360000: system.cpu: T0 : 0x800002a8 @__init_libc+32    : addi                       : No_OpClass : 
2361000: system.cpu: T0 : 0x800002ac @__init_libc+36    : add                        : No_OpClass : 
2362000: system.cpu: T0 : 0x800002b0 @__init_libc+40    : addi                       : No_OpClass : 
2363000: system.cpu: T0 : 0x800002b4 @__init_libc+44    : cmpu                       : No_OpClass : 
2364000: system.cpu: T0 : 0x800002b8 @__init_libc+48    : brn                        : No_OpClass : 
2365000: system.cpu: T0 : 0x80000290 @__init_libc+8    : addi.rb                    : No_OpClass : 
2366000: system.cpu: T0 : 0x80000294 @__init_libc+12    : blockcopy                  : No_OpClass : 
2367000: system.cpu: T0 : 0x80000298 @__init_libc+16    : add                        : No_OpClass : 
2368000: system.cpu: T0 : 0x8000029c @__init_libc+20    : addi                       : No_OpClass : 
2369000: system.cpu: T0 : 0x800002a0 @__init_libc+24    : blockcopy                  : No_OpClass : 
2370000: system.cpu: T0 : 0x800002a4 @__init_libc+28    : st                         : MemWrite :  A=0x7fffffffdee0
2371000: system.cpu: T0 : 0x800002a8 @__init_libc+32    : addi                       : No_OpClass : 
2372000: system.cpu: T0 : 0x800002ac @__init_libc+36    : add                        : No_OpClass : 
2373000: system.cpu: T0 : 0x800002b0 @__init_libc+40    : addi                       : No_OpClass : 
2374000: system.cpu: T0 : 0x800002b4 @__init_libc+44    : cmpu                       : No_OpClass : 
2375000: system.cpu: T0 : 0x800002b8 @__init_libc+48    : brn                        : No_OpClass : 
2376000: system.cpu: T0 : 0x80000290 @__init_libc+8    : addi.rb                    : No_OpClass : 
2377000: system.cpu: T0 : 0x80000294 @__init_libc+12    : blockcopy                  : No_OpClass : 
2378000: system.cpu: T0 : 0x80000298 @__init_libc+16    : add                        : No_OpClass : 
2379000: system.cpu: T0 : 0x8000029c @__init_libc+20    : addi                       : No_OpClass : 
2380000: system.cpu: T0 : 0x800002a0 @__init_libc+24    : blockcopy                  : No_OpClass : 
2381000: system.cpu: T0 : 0x800002a4 @__init_libc+28    : st                         : MemWrite :  A=0x7fffffffdee1
2382000: system.cpu: T0 : 0x800002a8 @__init_libc+32    : addi                       : No_OpClass : 
2383000: system.cpu: T0 : 0x800002ac @__init_libc+36    : add                        : No_OpClass : 
2384000: system.cpu: T0 : 0x800002b0 @__init_libc+40    : addi                       : No_OpClass : 
2385000: system.cpu: T0 : 0x800002b4 @__init_libc+44    : cmpu                       : No_OpClass : 
2386000: system.cpu: T0 : 0x800002b8 @__init_libc+48    : brn                        : No_OpClass : 
2387000: system.cpu: T0 : 0x80000290 @__init_libc+8    : addi.rb                    : No_OpClass : 
2388000: system.cpu: T0 : 0x80000294 @__init_libc+12    : blockcopy                  : No_OpClass : 
2389000: system.cpu: T0 : 0x80000298 @__init_libc+16    : add                        : No_OpClass : 
2390000: system.cpu: T0 : 0x8000029c @__init_libc+20    : addi                       : No_OpClass : 
2391000: system.cpu: T0 : 0x800002a0 @__init_libc+24    : blockcopy                  : No_OpClass : 
2392000: system.cpu: T0 : 0x800002a4 @__init_libc+28    : st                         : MemWrite :  A=0x7fffffffdee2
2393000: system.cpu: T0 : 0x800002a8 @__init_libc+32    : addi                       : No_OpClass : 
2394000: system.cpu: T0 : 0x800002ac @__init_libc+36    : add                        : No_OpClass : 
2395000: system.cpu: T0 : 0x800002b0 @__init_libc+40    : addi                       : No_OpClass : 
2396000: system.cpu: T0 : 0x800002b4 @__init_libc+44    : cmpu                       : No_OpClass : 
2397000: system.cpu: T0 : 0x800002b8 @__init_libc+48    : brn                        : No_OpClass : 
2398000: system.cpu: T0 : 0x80000290 @__init_libc+8    : addi.rb                    : No_OpClass : 
2399000: system.cpu: T0 : 0x80000294 @__init_libc+12    : blockcopy                  : No_OpClass : 
2400000: system.cpu: T0 : 0x80000298 @__init_libc+16    : add                        : No_OpClass : 
2401000: system.cpu: T0 : 0x8000029c @__init_libc+20    : addi                       : No_OpClass : 
2402000: system.cpu: T0 : 0x800002a0 @__init_libc+24    : blockcopy                  : No_OpClass : 
2403000: system.cpu: T0 : 0x800002a4 @__init_libc+28    : st                         : MemWrite :  A=0x7fffffffdee3
2404000: system.cpu: T0 : 0x800002a8 @__init_libc+32    : addi                       : No_OpClass : 
2405000: system.cpu: T0 : 0x800002ac @__init_libc+36    : add                        : No_OpClass : 
2406000: system.cpu: T0 : 0x800002b0 @__init_libc+40    : addi                       : No_OpClass : 
2407000: system.cpu: T0 : 0x800002b4 @__init_libc+44    : cmpu                       : No_OpClass : 
2408000: system.cpu: T0 : 0x800002b8 @__init_libc+48    : brn                        : No_OpClass : 
2409000: system.cpu: T0 : 0x80000290 @__init_libc+8    : addi.rb                    : No_OpClass : 
2410000: system.cpu: T0 : 0x80000294 @__init_libc+12    : blockcopy                  : No_OpClass : 
2411000: system.cpu: T0 : 0x80000298 @__init_libc+16    : add                        : No_OpClass : 
2412000: system.cpu: T0 : 0x8000029c @__init_libc+20    : addi                       : No_OpClass : 
2413000: system.cpu: T0 : 0x800002a0 @__init_libc+24    : blockcopy                  : No_OpClass : 
2414000: system.cpu: T0 : 0x800002a4 @__init_libc+28    : st                         : MemWrite :  A=0x7fffffffdee4
2415000: system.cpu: T0 : 0x800002a8 @__init_libc+32    : addi                       : No_OpClass : 
2416000: system.cpu: T0 : 0x800002ac @__init_libc+36    : add                        : No_OpClass : 
2417000: system.cpu: T0 : 0x800002b0 @__init_libc+40    : addi                       : No_OpClass : 
2418000: system.cpu: T0 : 0x800002b4 @__init_libc+44    : cmpu                       : No_OpClass : 
2419000: system.cpu: T0 : 0x800002b8 @__init_libc+48    : brn                        : No_OpClass : 
2420000: system.cpu: T0 : 0x80000290 @__init_libc+8    : addi.rb                    : No_OpClass : 
2421000: system.cpu: T0 : 0x80000294 @__init_libc+12    : blockcopy                  : No_OpClass : 
2422000: system.cpu: T0 : 0x80000298 @__init_libc+16    : add                        : No_OpClass : 
2423000: system.cpu: T0 : 0x8000029c @__init_libc+20    : addi                       : No_OpClass : 
2424000: system.cpu: T0 : 0x800002a0 @__init_libc+24    : blockcopy                  : No_OpClass : 
2425000: system.cpu: T0 : 0x800002a4 @__init_libc+28    : st                         : MemWrite :  A=0x7fffffffdee5
2426000: system.cpu: T0 : 0x800002a8 @__init_libc+32    : addi                       : No_OpClass : 
2427000: system.cpu: T0 : 0x800002ac @__init_libc+36    : add                        : No_OpClass : 
2428000: system.cpu: T0 : 0x800002b0 @__init_libc+40    : addi                       : No_OpClass : 
2429000: system.cpu: T0 : 0x800002b4 @__init_libc+44    : cmpu                       : No_OpClass : 
2430000: system.cpu: T0 : 0x800002b8 @__init_libc+48    : brn                        : No_OpClass : 
2431000: system.cpu: T0 : 0x80000290 @__init_libc+8    : addi.rb                    : No_OpClass : 
2432000: system.cpu: T0 : 0x80000294 @__init_libc+12    : blockcopy                  : No_OpClass : 
2433000: system.cpu: T0 : 0x80000298 @__init_libc+16    : add                        : No_OpClass : 
2434000: system.cpu: T0 : 0x8000029c @__init_libc+20    : addi                       : No_OpClass : 
2435000: system.cpu: T0 : 0x800002a0 @__init_libc+24    : blockcopy                  : No_OpClass : 
2436000: system.cpu: T0 : 0x800002a4 @__init_libc+28    : st                         : MemWrite :  A=0x7fffffffdee6
2437000: system.cpu: T0 : 0x800002a8 @__init_libc+32    : addi                       : No_OpClass : 
2438000: system.cpu: T0 : 0x800002ac @__init_libc+36    : add                        : No_OpClass : 
2439000: system.cpu: T0 : 0x800002b0 @__init_libc+40    : addi                       : No_OpClass : 
2440000: system.cpu: T0 : 0x800002b4 @__init_libc+44    : cmpu                       : No_OpClass : 
2441000: system.cpu: T0 : 0x800002b8 @__init_libc+48    : brn                        : No_OpClass : 
2442000: system.cpu: T0 : 0x80000290 @__init_libc+8    : addi.rb                    : No_OpClass : 
2443000: system.cpu: T0 : 0x80000294 @__init_libc+12    : blockcopy                  : No_OpClass : 
2444000: system.cpu: T0 : 0x80000298 @__init_libc+16    : add                        : No_OpClass : 
2445000: system.cpu: T0 : 0x8000029c @__init_libc+20    : addi                       : No_OpClass : 
2446000: system.cpu: T0 : 0x800002a0 @__init_libc+24    : blockcopy                  : No_OpClass : 
2447000: system.cpu: T0 : 0x800002a4 @__init_libc+28    : st                         : MemWrite :  A=0x7fffffffdee7
2448000: system.cpu: T0 : 0x800002a8 @__init_libc+32    : addi                       : No_OpClass : 
2449000: system.cpu: T0 : 0x800002ac @__init_libc+36    : add                        : No_OpClass : 
2450000: system.cpu: T0 : 0x800002b0 @__init_libc+40    : addi                       : No_OpClass : 
2451000: system.cpu: T0 : 0x800002b4 @__init_libc+44    : cmpu                       : No_OpClass : 
2452000: system.cpu: T0 : 0x800002b8 @__init_libc+48    : brn                        : No_OpClass : 
2453000: system.cpu: T0 : 0x80000290 @__init_libc+8    : addi.rb                    : No_OpClass : 
2454000: system.cpu: T0 : 0x80000294 @__init_libc+12    : blockcopy                  : No_OpClass : 
2455000: system.cpu: T0 : 0x80000298 @__init_libc+16    : add                        : No_OpClass : 
2456000: system.cpu: T0 : 0x8000029c @__init_libc+20    : addi                       : No_OpClass : 
2457000: system.cpu: T0 : 0x800002a0 @__init_libc+24    : blockcopy                  : No_OpClass : 
2458000: system.cpu: T0 : 0x800002a4 @__init_libc+28    : st                         : MemWrite :  A=0x7fffffffdee8
2459000: system.cpu: T0 : 0x800002a8 @__init_libc+32    : addi                       : No_OpClass : 
2460000: system.cpu: T0 : 0x800002ac @__init_libc+36    : add                        : No_OpClass : 
2461000: system.cpu: T0 : 0x800002b0 @__init_libc+40    : addi                       : No_OpClass : 
2462000: system.cpu: T0 : 0x800002b4 @__init_libc+44    : cmpu                       : No_OpClass : 
2463000: system.cpu: T0 : 0x800002b8 @__init_libc+48    : brn                        : No_OpClass : 
2464000: system.cpu: T0 : 0x80000290 @__init_libc+8    : addi.rb                    : No_OpClass : 
2465000: system.cpu: T0 : 0x80000294 @__init_libc+12    : blockcopy                  : No_OpClass : 
2466000: system.cpu: T0 : 0x80000298 @__init_libc+16    : add                        : No_OpClass : 
2467000: system.cpu: T0 : 0x8000029c @__init_libc+20    : addi                       : No_OpClass : 
2468000: system.cpu: T0 : 0x800002a0 @__init_libc+24    : blockcopy                  : No_OpClass : 
2469000: system.cpu: T0 : 0x800002a4 @__init_libc+28    : st                         : MemWrite :  A=0x7fffffffdee9
2470000: system.cpu: T0 : 0x800002a8 @__init_libc+32    : addi                       : No_OpClass : 
2471000: system.cpu: T0 : 0x800002ac @__init_libc+36    : add                        : No_OpClass : 
2472000: system.cpu: T0 : 0x800002b0 @__init_libc+40    : addi                       : No_OpClass : 
2473000: system.cpu: T0 : 0x800002b4 @__init_libc+44    : cmpu                       : No_OpClass : 
2474000: system.cpu: T0 : 0x800002b8 @__init_libc+48    : brn                        : No_OpClass : 
2475000: system.cpu: T0 : 0x80000290 @__init_libc+8    : addi.rb                    : No_OpClass : 
2476000: system.cpu: T0 : 0x80000294 @__init_libc+12    : blockcopy                  : No_OpClass : 
2477000: system.cpu: T0 : 0x80000298 @__init_libc+16    : add                        : No_OpClass : 
2478000: system.cpu: T0 : 0x8000029c @__init_libc+20    : addi                       : No_OpClass : 
2479000: system.cpu: T0 : 0x800002a0 @__init_libc+24    : blockcopy                  : No_OpClass : 
2480000: system.cpu: T0 : 0x800002a4 @__init_libc+28    : st                         : MemWrite :  A=0x7fffffffdeea
2481000: system.cpu: T0 : 0x800002a8 @__init_libc+32    : addi                       : No_OpClass : 
2482000: system.cpu: T0 : 0x800002ac @__init_libc+36    : add                        : No_OpClass : 
2483000: system.cpu: T0 : 0x800002b0 @__init_libc+40    : addi                       : No_OpClass : 
2484000: system.cpu: T0 : 0x800002b4 @__init_libc+44    : cmpu                       : No_OpClass : 
2485000: system.cpu: T0 : 0x800002b8 @__init_libc+48    : brn                        : No_OpClass : 
2486000: system.cpu: T0 : 0x80000290 @__init_libc+8    : addi.rb                    : No_OpClass : 
2487000: system.cpu: T0 : 0x80000294 @__init_libc+12    : blockcopy                  : No_OpClass : 
2488000: system.cpu: T0 : 0x80000298 @__init_libc+16    : add                        : No_OpClass : 
2489000: system.cpu: T0 : 0x8000029c @__init_libc+20    : addi                       : No_OpClass : 
2490000: system.cpu: T0 : 0x800002a0 @__init_libc+24    : blockcopy                  : No_OpClass : 
2491000: system.cpu: T0 : 0x800002a4 @__init_libc+28    : st                         : MemWrite :  A=0x7fffffffdeeb
2492000: system.cpu: T0 : 0x800002a8 @__init_libc+32    : addi                       : No_OpClass : 
2493000: system.cpu: T0 : 0x800002ac @__init_libc+36    : add                        : No_OpClass : 
2494000: system.cpu: T0 : 0x800002b0 @__init_libc+40    : addi                       : No_OpClass : 
2495000: system.cpu: T0 : 0x800002b4 @__init_libc+44    : cmpu                       : No_OpClass : 
2496000: system.cpu: T0 : 0x800002b8 @__init_libc+48    : brn                        : No_OpClass : 
2497000: system.cpu: T0 : 0x80000290 @__init_libc+8    : addi.rb                    : No_OpClass : 
2498000: system.cpu: T0 : 0x80000294 @__init_libc+12    : blockcopy                  : No_OpClass : 
2499000: system.cpu: T0 : 0x80000298 @__init_libc+16    : add                        : No_OpClass : 
2500000: system.cpu: T0 : 0x8000029c @__init_libc+20    : addi                       : No_OpClass : 
2501000: system.cpu: T0 : 0x800002a0 @__init_libc+24    : blockcopy                  : No_OpClass : 
2502000: system.cpu: T0 : 0x800002a4 @__init_libc+28    : st                         : MemWrite :  A=0x7fffffffdeec
2503000: system.cpu: T0 : 0x800002a8 @__init_libc+32    : addi                       : No_OpClass : 
2504000: system.cpu: T0 : 0x800002ac @__init_libc+36    : add                        : No_OpClass : 
2505000: system.cpu: T0 : 0x800002b0 @__init_libc+40    : addi                       : No_OpClass : 
2506000: system.cpu: T0 : 0x800002b4 @__init_libc+44    : cmpu                       : No_OpClass : 
2507000: system.cpu: T0 : 0x800002b8 @__init_libc+48    : brn                        : No_OpClass : 
2508000: system.cpu: T0 : 0x80000290 @__init_libc+8    : addi.rb                    : No_OpClass : 
2509000: system.cpu: T0 : 0x80000294 @__init_libc+12    : blockcopy                  : No_OpClass : 
2510000: system.cpu: T0 : 0x80000298 @__init_libc+16    : add                        : No_OpClass : 
2511000: system.cpu: T0 : 0x8000029c @__init_libc+20    : addi                       : No_OpClass : 
2512000: system.cpu: T0 : 0x800002a0 @__init_libc+24    : blockcopy                  : No_OpClass : 
2513000: system.cpu: T0 : 0x800002a4 @__init_libc+28    : st                         : MemWrite :  A=0x7fffffffdeed
2514000: system.cpu: T0 : 0x800002a8 @__init_libc+32    : addi                       : No_OpClass : 
2515000: system.cpu: T0 : 0x800002ac @__init_libc+36    : add                        : No_OpClass : 
2516000: system.cpu: T0 : 0x800002b0 @__init_libc+40    : addi                       : No_OpClass : 
2517000: system.cpu: T0 : 0x800002b4 @__init_libc+44    : cmpu                       : No_OpClass : 
2518000: system.cpu: T0 : 0x800002b8 @__init_libc+48    : brn                        : No_OpClass : 
2519000: system.cpu: T0 : 0x80000290 @__init_libc+8    : addi.rb                    : No_OpClass : 
2520000: system.cpu: T0 : 0x80000294 @__init_libc+12    : blockcopy                  : No_OpClass : 
2521000: system.cpu: T0 : 0x80000298 @__init_libc+16    : add                        : No_OpClass : 
2522000: system.cpu: T0 : 0x8000029c @__init_libc+20    : addi                       : No_OpClass : 
2523000: system.cpu: T0 : 0x800002a0 @__init_libc+24    : blockcopy                  : No_OpClass : 
2524000: system.cpu: T0 : 0x800002a4 @__init_libc+28    : st                         : MemWrite :  A=0x7fffffffdeee
2525000: system.cpu: T0 : 0x800002a8 @__init_libc+32    : addi                       : No_OpClass : 
2526000: system.cpu: T0 : 0x800002ac @__init_libc+36    : add                        : No_OpClass : 
2527000: system.cpu: T0 : 0x800002b0 @__init_libc+40    : addi                       : No_OpClass : 
2528000: system.cpu: T0 : 0x800002b4 @__init_libc+44    : cmpu                       : No_OpClass : 
2529000: system.cpu: T0 : 0x800002b8 @__init_libc+48    : brn                        : No_OpClass : 
2530000: system.cpu: T0 : 0x80000290 @__init_libc+8    : addi.rb                    : No_OpClass : 
2531000: system.cpu: T0 : 0x80000294 @__init_libc+12    : blockcopy                  : No_OpClass : 
2532000: system.cpu: T0 : 0x80000298 @__init_libc+16    : add                        : No_OpClass : 
2533000: system.cpu: T0 : 0x8000029c @__init_libc+20    : addi                       : No_OpClass : 
2534000: system.cpu: T0 : 0x800002a0 @__init_libc+24    : blockcopy                  : No_OpClass : 
2535000: system.cpu: T0 : 0x800002a4 @__init_libc+28    : st                         : MemWrite :  A=0x7fffffffdeef
2536000: system.cpu: T0 : 0x800002a8 @__init_libc+32    : addi                       : No_OpClass : 
2537000: system.cpu: T0 : 0x800002ac @__init_libc+36    : add                        : No_OpClass : 
2538000: system.cpu: T0 : 0x800002b0 @__init_libc+40    : addi                       : No_OpClass : 
2539000: system.cpu: T0 : 0x800002b4 @__init_libc+44    : cmpu                       : No_OpClass : 
2540000: system.cpu: T0 : 0x800002b8 @__init_libc+48    : brn                        : No_OpClass : 
2541000: system.cpu: T0 : 0x80000290 @__init_libc+8    : addi.rb                    : No_OpClass : 
2542000: system.cpu: T0 : 0x80000294 @__init_libc+12    : blockcopy                  : No_OpClass : 
2543000: system.cpu: T0 : 0x80000298 @__init_libc+16    : add                        : No_OpClass : 
2544000: system.cpu: T0 : 0x8000029c @__init_libc+20    : addi                       : No_OpClass : 
2545000: system.cpu: T0 : 0x800002a0 @__init_libc+24    : blockcopy                  : No_OpClass : 
2546000: system.cpu: T0 : 0x800002a4 @__init_libc+28    : st                         : MemWrite :  A=0x7fffffffdef0
2547000: system.cpu: T0 : 0x800002a8 @__init_libc+32    : addi                       : No_OpClass : 
2548000: system.cpu: T0 : 0x800002ac @__init_libc+36    : add                        : No_OpClass : 
2549000: system.cpu: T0 : 0x800002b0 @__init_libc+40    : addi                       : No_OpClass : 
2550000: system.cpu: T0 : 0x800002b4 @__init_libc+44    : cmpu                       : No_OpClass : 
2551000: system.cpu: T0 : 0x800002b8 @__init_libc+48    : brn                        : No_OpClass : 
2552000: system.cpu: T0 : 0x80000290 @__init_libc+8    : addi.rb                    : No_OpClass : 
2553000: system.cpu: T0 : 0x80000294 @__init_libc+12    : blockcopy                  : No_OpClass : 
2554000: system.cpu: T0 : 0x80000298 @__init_libc+16    : add                        : No_OpClass : 
2555000: system.cpu: T0 : 0x8000029c @__init_libc+20    : addi                       : No_OpClass : 
2556000: system.cpu: T0 : 0x800002a0 @__init_libc+24    : blockcopy                  : No_OpClass : 
2557000: system.cpu: T0 : 0x800002a4 @__init_libc+28    : st                         : MemWrite :  A=0x7fffffffdef1
2558000: system.cpu: T0 : 0x800002a8 @__init_libc+32    : addi                       : No_OpClass : 
2559000: system.cpu: T0 : 0x800002ac @__init_libc+36    : add                        : No_OpClass : 
2560000: system.cpu: T0 : 0x800002b0 @__init_libc+40    : addi                       : No_OpClass : 
2561000: system.cpu: T0 : 0x800002b4 @__init_libc+44    : cmpu                       : No_OpClass : 
2562000: system.cpu: T0 : 0x800002b8 @__init_libc+48    : brn                        : No_OpClass : 
2563000: system.cpu: T0 : 0x80000290 @__init_libc+8    : addi.rb                    : No_OpClass : 
2564000: system.cpu: T0 : 0x80000294 @__init_libc+12    : blockcopy                  : No_OpClass : 
2565000: system.cpu: T0 : 0x80000298 @__init_libc+16    : add                        : No_OpClass : 
2566000: system.cpu: T0 : 0x8000029c @__init_libc+20    : addi                       : No_OpClass : 
2567000: system.cpu: T0 : 0x800002a0 @__init_libc+24    : blockcopy                  : No_OpClass : 
2568000: system.cpu: T0 : 0x800002a4 @__init_libc+28    : st                         : MemWrite :  A=0x7fffffffdef2
2569000: system.cpu: T0 : 0x800002a8 @__init_libc+32    : addi                       : No_OpClass : 
2570000: system.cpu: T0 : 0x800002ac @__init_libc+36    : add                        : No_OpClass : 
2571000: system.cpu: T0 : 0x800002b0 @__init_libc+40    : addi                       : No_OpClass : 
2572000: system.cpu: T0 : 0x800002b4 @__init_libc+44    : cmpu                       : No_OpClass : 
2573000: system.cpu: T0 : 0x800002b8 @__init_libc+48    : brn                        : No_OpClass : 
2574000: system.cpu: T0 : 0x80000290 @__init_libc+8    : addi.rb                    : No_OpClass : 
2575000: system.cpu: T0 : 0x80000294 @__init_libc+12    : blockcopy                  : No_OpClass : 
2576000: system.cpu: T0 : 0x80000298 @__init_libc+16    : add                        : No_OpClass : 
2577000: system.cpu: T0 : 0x8000029c @__init_libc+20    : addi                       : No_OpClass : 
2578000: system.cpu: T0 : 0x800002a0 @__init_libc+24    : blockcopy                  : No_OpClass : 
2579000: system.cpu: T0 : 0x800002a4 @__init_libc+28    : st                         : MemWrite :  A=0x7fffffffdef3
2580000: system.cpu: T0 : 0x800002a8 @__init_libc+32    : addi                       : No_OpClass : 
2581000: system.cpu: T0 : 0x800002ac @__init_libc+36    : add                        : No_OpClass : 
2582000: system.cpu: T0 : 0x800002b0 @__init_libc+40    : addi                       : No_OpClass : 
2583000: system.cpu: T0 : 0x800002b4 @__init_libc+44    : cmpu                       : No_OpClass : 
2584000: system.cpu: T0 : 0x800002b8 @__init_libc+48    : brn                        : No_OpClass : 
2585000: system.cpu: T0 : 0x80000290 @__init_libc+8    : addi.rb                    : No_OpClass : 
2586000: system.cpu: T0 : 0x80000294 @__init_libc+12    : blockcopy                  : No_OpClass : 
2587000: system.cpu: T0 : 0x80000298 @__init_libc+16    : add                        : No_OpClass : 
2588000: system.cpu: T0 : 0x8000029c @__init_libc+20    : addi                       : No_OpClass : 
2589000: system.cpu: T0 : 0x800002a0 @__init_libc+24    : blockcopy                  : No_OpClass : 
2590000: system.cpu: T0 : 0x800002a4 @__init_libc+28    : st                         : MemWrite :  A=0x7fffffffdef4
2591000: system.cpu: T0 : 0x800002a8 @__init_libc+32    : addi                       : No_OpClass : 
2592000: system.cpu: T0 : 0x800002ac @__init_libc+36    : add                        : No_OpClass : 
2593000: system.cpu: T0 : 0x800002b0 @__init_libc+40    : addi                       : No_OpClass : 
2594000: system.cpu: T0 : 0x800002b4 @__init_libc+44    : cmpu                       : No_OpClass : 
2595000: system.cpu: T0 : 0x800002b8 @__init_libc+48    : brn                        : No_OpClass : 
2596000: system.cpu: T0 : 0x80000290 @__init_libc+8    : addi.rb                    : No_OpClass : 
2597000: system.cpu: T0 : 0x80000294 @__init_libc+12    : blockcopy                  : No_OpClass : 
2598000: system.cpu: T0 : 0x80000298 @__init_libc+16    : add                        : No_OpClass : 
2599000: system.cpu: T0 : 0x8000029c @__init_libc+20    : addi                       : No_OpClass : 
2600000: system.cpu: T0 : 0x800002a0 @__init_libc+24    : blockcopy                  : No_OpClass : 
2601000: system.cpu: T0 : 0x800002a4 @__init_libc+28    : st                         : MemWrite :  A=0x7fffffffdef5
2602000: system.cpu: T0 : 0x800002a8 @__init_libc+32    : addi                       : No_OpClass : 
2603000: system.cpu: T0 : 0x800002ac @__init_libc+36    : add                        : No_OpClass : 
2604000: system.cpu: T0 : 0x800002b0 @__init_libc+40    : addi                       : No_OpClass : 
2605000: system.cpu: T0 : 0x800002b4 @__init_libc+44    : cmpu                       : No_OpClass : 
2606000: system.cpu: T0 : 0x800002b8 @__init_libc+48    : brn                        : No_OpClass : 
2607000: system.cpu: T0 : 0x80000290 @__init_libc+8    : addi.rb                    : No_OpClass : 
2608000: system.cpu: T0 : 0x80000294 @__init_libc+12    : blockcopy                  : No_OpClass : 
2609000: system.cpu: T0 : 0x80000298 @__init_libc+16    : add                        : No_OpClass : 
2610000: system.cpu: T0 : 0x8000029c @__init_libc+20    : addi                       : No_OpClass : 
2611000: system.cpu: T0 : 0x800002a0 @__init_libc+24    : blockcopy                  : No_OpClass : 
2612000: system.cpu: T0 : 0x800002a4 @__init_libc+28    : st                         : MemWrite :  A=0x7fffffffdef6
2613000: system.cpu: T0 : 0x800002a8 @__init_libc+32    : addi                       : No_OpClass : 
2614000: system.cpu: T0 : 0x800002ac @__init_libc+36    : add                        : No_OpClass : 
2615000: system.cpu: T0 : 0x800002b0 @__init_libc+40    : addi                       : No_OpClass : 
2616000: system.cpu: T0 : 0x800002b4 @__init_libc+44    : cmpu                       : No_OpClass : 
2617000: system.cpu: T0 : 0x800002b8 @__init_libc+48    : brn                        : No_OpClass : 
2618000: system.cpu: T0 : 0x80000290 @__init_libc+8    : addi.rb                    : No_OpClass : 
2619000: system.cpu: T0 : 0x80000294 @__init_libc+12    : blockcopy                  : No_OpClass : 
2620000: system.cpu: T0 : 0x80000298 @__init_libc+16    : add                        : No_OpClass : 
2621000: system.cpu: T0 : 0x8000029c @__init_libc+20    : addi                       : No_OpClass : 
2622000: system.cpu: T0 : 0x800002a0 @__init_libc+24    : blockcopy                  : No_OpClass : 
2623000: system.cpu: T0 : 0x800002a4 @__init_libc+28    : st                         : MemWrite :  A=0x7fffffffdef7
2624000: system.cpu: T0 : 0x800002a8 @__init_libc+32    : addi                       : No_OpClass : 
2625000: system.cpu: T0 : 0x800002ac @__init_libc+36    : add                        : No_OpClass : 
2626000: system.cpu: T0 : 0x800002b0 @__init_libc+40    : addi                       : No_OpClass : 
2627000: system.cpu: T0 : 0x800002b4 @__init_libc+44    : cmpu                       : No_OpClass : 
2628000: system.cpu: T0 : 0x800002b8 @__init_libc+48    : brn                        : No_OpClass : 
2629000: system.cpu: T0 : 0x80000290 @__init_libc+8    : addi.rb                    : No_OpClass : 
2630000: system.cpu: T0 : 0x80000294 @__init_libc+12    : blockcopy                  : No_OpClass : 
2631000: system.cpu: T0 : 0x80000298 @__init_libc+16    : add                        : No_OpClass : 
2632000: system.cpu: T0 : 0x8000029c @__init_libc+20    : addi                       : No_OpClass : 
2633000: system.cpu: T0 : 0x800002a0 @__init_libc+24    : blockcopy                  : No_OpClass : 
2634000: system.cpu: T0 : 0x800002a4 @__init_libc+28    : st                         : MemWrite :  A=0x7fffffffdef8
2635000: system.cpu: T0 : 0x800002a8 @__init_libc+32    : addi                       : No_OpClass : 
2636000: system.cpu: T0 : 0x800002ac @__init_libc+36    : add                        : No_OpClass : 
2637000: system.cpu: T0 : 0x800002b0 @__init_libc+40    : addi                       : No_OpClass : 
2638000: system.cpu: T0 : 0x800002b4 @__init_libc+44    : cmpu                       : No_OpClass : 
2639000: system.cpu: T0 : 0x800002b8 @__init_libc+48    : brn                        : No_OpClass : 
2640000: system.cpu: T0 : 0x80000290 @__init_libc+8    : addi.rb                    : No_OpClass : 
2641000: system.cpu: T0 : 0x80000294 @__init_libc+12    : blockcopy                  : No_OpClass : 
2642000: system.cpu: T0 : 0x80000298 @__init_libc+16    : add                        : No_OpClass : 
2643000: system.cpu: T0 : 0x8000029c @__init_libc+20    : addi                       : No_OpClass : 
2644000: system.cpu: T0 : 0x800002a0 @__init_libc+24    : blockcopy                  : No_OpClass : 
2645000: system.cpu: T0 : 0x800002a4 @__init_libc+28    : st                         : MemWrite :  A=0x7fffffffdef9
2646000: system.cpu: T0 : 0x800002a8 @__init_libc+32    : addi                       : No_OpClass : 
2647000: system.cpu: T0 : 0x800002ac @__init_libc+36    : add                        : No_OpClass : 
2648000: system.cpu: T0 : 0x800002b0 @__init_libc+40    : addi                       : No_OpClass : 
2649000: system.cpu: T0 : 0x800002b4 @__init_libc+44    : cmpu                       : No_OpClass : 
2650000: system.cpu: T0 : 0x800002b8 @__init_libc+48    : brn                        : No_OpClass : 
2651000: system.cpu: T0 : 0x80000290 @__init_libc+8    : addi.rb                    : No_OpClass : 
2652000: system.cpu: T0 : 0x80000294 @__init_libc+12    : blockcopy                  : No_OpClass : 
2653000: system.cpu: T0 : 0x80000298 @__init_libc+16    : add                        : No_OpClass : 
2654000: system.cpu: T0 : 0x8000029c @__init_libc+20    : addi                       : No_OpClass : 
2655000: system.cpu: T0 : 0x800002a0 @__init_libc+24    : blockcopy                  : No_OpClass : 
2656000: system.cpu: T0 : 0x800002a4 @__init_libc+28    : st                         : MemWrite :  A=0x7fffffffdefa
2657000: system.cpu: T0 : 0x800002a8 @__init_libc+32    : addi                       : No_OpClass : 
2658000: system.cpu: T0 : 0x800002ac @__init_libc+36    : add                        : No_OpClass : 
2659000: system.cpu: T0 : 0x800002b0 @__init_libc+40    : addi                       : No_OpClass : 
2660000: system.cpu: T0 : 0x800002b4 @__init_libc+44    : cmpu                       : No_OpClass : 
2661000: system.cpu: T0 : 0x800002b8 @__init_libc+48    : brn                        : No_OpClass : 
2662000: system.cpu: T0 : 0x80000290 @__init_libc+8    : addi.rb                    : No_OpClass : 
2663000: system.cpu: T0 : 0x80000294 @__init_libc+12    : blockcopy                  : No_OpClass : 
2664000: system.cpu: T0 : 0x80000298 @__init_libc+16    : add                        : No_OpClass : 
2665000: system.cpu: T0 : 0x8000029c @__init_libc+20    : addi                       : No_OpClass : 
2666000: system.cpu: T0 : 0x800002a0 @__init_libc+24    : blockcopy                  : No_OpClass : 
2667000: system.cpu: T0 : 0x800002a4 @__init_libc+28    : st                         : MemWrite :  A=0x7fffffffdefb
2668000: system.cpu: T0 : 0x800002a8 @__init_libc+32    : addi                       : No_OpClass : 
2669000: system.cpu: T0 : 0x800002ac @__init_libc+36    : add                        : No_OpClass : 
2670000: system.cpu: T0 : 0x800002b0 @__init_libc+40    : addi                       : No_OpClass : 
2671000: system.cpu: T0 : 0x800002b4 @__init_libc+44    : cmpu                       : No_OpClass : 
2672000: system.cpu: T0 : 0x800002b8 @__init_libc+48    : brn                        : No_OpClass : 
2673000: system.cpu: T0 : 0x80000290 @__init_libc+8    : addi.rb                    : No_OpClass : 
2674000: system.cpu: T0 : 0x80000294 @__init_libc+12    : blockcopy                  : No_OpClass : 
2675000: system.cpu: T0 : 0x80000298 @__init_libc+16    : add                        : No_OpClass : 
2676000: system.cpu: T0 : 0x8000029c @__init_libc+20    : addi                       : No_OpClass : 
2677000: system.cpu: T0 : 0x800002a0 @__init_libc+24    : blockcopy                  : No_OpClass : 
2678000: system.cpu: T0 : 0x800002a4 @__init_libc+28    : st                         : MemWrite :  A=0x7fffffffdefc
2679000: system.cpu: T0 : 0x800002a8 @__init_libc+32    : addi                       : No_OpClass : 
2680000: system.cpu: T0 : 0x800002ac @__init_libc+36    : add                        : No_OpClass : 
2681000: system.cpu: T0 : 0x800002b0 @__init_libc+40    : addi                       : No_OpClass : 
2682000: system.cpu: T0 : 0x800002b4 @__init_libc+44    : cmpu                       : No_OpClass : 
2683000: system.cpu: T0 : 0x800002b8 @__init_libc+48    : brn                        : No_OpClass : 
2684000: system.cpu: T0 : 0x80000290 @__init_libc+8    : addi.rb                    : No_OpClass : 
2685000: system.cpu: T0 : 0x80000294 @__init_libc+12    : blockcopy                  : No_OpClass : 
2686000: system.cpu: T0 : 0x80000298 @__init_libc+16    : add                        : No_OpClass : 
2687000: system.cpu: T0 : 0x8000029c @__init_libc+20    : addi                       : No_OpClass : 
2688000: system.cpu: T0 : 0x800002a0 @__init_libc+24    : blockcopy                  : No_OpClass : 
2689000: system.cpu: T0 : 0x800002a4 @__init_libc+28    : st                         : MemWrite :  A=0x7fffffffdefd
2690000: system.cpu: T0 : 0x800002a8 @__init_libc+32    : addi                       : No_OpClass : 
2691000: system.cpu: T0 : 0x800002ac @__init_libc+36    : add                        : No_OpClass : 
2692000: system.cpu: T0 : 0x800002b0 @__init_libc+40    : addi                       : No_OpClass : 
2693000: system.cpu: T0 : 0x800002b4 @__init_libc+44    : cmpu                       : No_OpClass : 
2694000: system.cpu: T0 : 0x800002b8 @__init_libc+48    : brn                        : No_OpClass : 
2695000: system.cpu: T0 : 0x80000290 @__init_libc+8    : addi.rb                    : No_OpClass : 
2696000: system.cpu: T0 : 0x80000294 @__init_libc+12    : blockcopy                  : No_OpClass : 
2697000: system.cpu: T0 : 0x80000298 @__init_libc+16    : add                        : No_OpClass : 
2698000: system.cpu: T0 : 0x8000029c @__init_libc+20    : addi                       : No_OpClass : 
2699000: system.cpu: T0 : 0x800002a0 @__init_libc+24    : blockcopy                  : No_OpClass : 
2700000: system.cpu: T0 : 0x800002a4 @__init_libc+28    : st                         : MemWrite :  A=0x7fffffffdefe
2701000: system.cpu: T0 : 0x800002a8 @__init_libc+32    : addi                       : No_OpClass : 
2702000: system.cpu: T0 : 0x800002ac @__init_libc+36    : add                        : No_OpClass : 
2703000: system.cpu: T0 : 0x800002b0 @__init_libc+40    : addi                       : No_OpClass : 
2704000: system.cpu: T0 : 0x800002b4 @__init_libc+44    : cmpu                       : No_OpClass : 
2705000: system.cpu: T0 : 0x800002b8 @__init_libc+48    : brn                        : No_OpClass : 
2706000: system.cpu: T0 : 0x80000290 @__init_libc+8    : addi.rb                    : No_OpClass : 
2707000: system.cpu: T0 : 0x80000294 @__init_libc+12    : blockcopy                  : No_OpClass : 
2708000: system.cpu: T0 : 0x80000298 @__init_libc+16    : add                        : No_OpClass : 
2709000: system.cpu: T0 : 0x8000029c @__init_libc+20    : addi                       : No_OpClass : 
2710000: system.cpu: T0 : 0x800002a0 @__init_libc+24    : blockcopy                  : No_OpClass : 
2711000: system.cpu: T0 : 0x800002a4 @__init_libc+28    : st                         : MemWrite :  A=0x7fffffffdeff
2712000: system.cpu: T0 : 0x800002a8 @__init_libc+32    : addi                       : No_OpClass : 
2713000: system.cpu: T0 : 0x800002ac @__init_libc+36    : add                        : No_OpClass : 
2714000: system.cpu: T0 : 0x800002b0 @__init_libc+40    : addi                       : No_OpClass : 
2715000: system.cpu: T0 : 0x800002b4 @__init_libc+44    : cmpu                       : No_OpClass : 
2716000: system.cpu: T0 : 0x800002b8 @__init_libc+48    : brn                        : No_OpClass : 
2717000: system.cpu: T0 : 0x80000290 @__init_libc+8    : addi.rb                    : No_OpClass : 
2718000: system.cpu: T0 : 0x80000294 @__init_libc+12    : blockcopy                  : No_OpClass : 
2719000: system.cpu: T0 : 0x80000298 @__init_libc+16    : add                        : No_OpClass : 
2720000: system.cpu: T0 : 0x8000029c @__init_libc+20    : addi                       : No_OpClass : 
2721000: system.cpu: T0 : 0x800002a0 @__init_libc+24    : blockcopy                  : No_OpClass : 
2722000: system.cpu: T0 : 0x800002a4 @__init_libc+28    : st                         : MemWrite :  A=0x7fffffffdf00
2723000: system.cpu: T0 : 0x800002a8 @__init_libc+32    : addi                       : No_OpClass : 
2724000: system.cpu: T0 : 0x800002ac @__init_libc+36    : add                        : No_OpClass : 
2725000: system.cpu: T0 : 0x800002b0 @__init_libc+40    : addi                       : No_OpClass : 
2726000: system.cpu: T0 : 0x800002b4 @__init_libc+44    : cmpu                       : No_OpClass : 
2727000: system.cpu: T0 : 0x800002b8 @__init_libc+48    : brn                        : No_OpClass : 
2728000: system.cpu: T0 : 0x80000290 @__init_libc+8    : addi.rb                    : No_OpClass : 
2729000: system.cpu: T0 : 0x80000294 @__init_libc+12    : blockcopy                  : No_OpClass : 
2730000: system.cpu: T0 : 0x80000298 @__init_libc+16    : add                        : No_OpClass : 
2731000: system.cpu: T0 : 0x8000029c @__init_libc+20    : addi                       : No_OpClass : 
2732000: system.cpu: T0 : 0x800002a0 @__init_libc+24    : blockcopy                  : No_OpClass : 
2733000: system.cpu: T0 : 0x800002a4 @__init_libc+28    : st                         : MemWrite :  A=0x7fffffffdf01
2734000: system.cpu: T0 : 0x800002a8 @__init_libc+32    : addi                       : No_OpClass : 
2735000: system.cpu: T0 : 0x800002ac @__init_libc+36    : add                        : No_OpClass : 
2736000: system.cpu: T0 : 0x800002b0 @__init_libc+40    : addi                       : No_OpClass : 
2737000: system.cpu: T0 : 0x800002b4 @__init_libc+44    : cmpu                       : No_OpClass : 
2738000: system.cpu: T0 : 0x800002b8 @__init_libc+48    : brn                        : No_OpClass : 
2739000: system.cpu: T0 : 0x80000290 @__init_libc+8    : addi.rb                    : No_OpClass : 
2740000: system.cpu: T0 : 0x80000294 @__init_libc+12    : blockcopy                  : No_OpClass : 
2741000: system.cpu: T0 : 0x80000298 @__init_libc+16    : add                        : No_OpClass : 
2742000: system.cpu: T0 : 0x8000029c @__init_libc+20    : addi                       : No_OpClass : 
2743000: system.cpu: T0 : 0x800002a0 @__init_libc+24    : blockcopy                  : No_OpClass : 
2744000: system.cpu: T0 : 0x800002a4 @__init_libc+28    : st                         : MemWrite :  A=0x7fffffffdf02
2745000: system.cpu: T0 : 0x800002a8 @__init_libc+32    : addi                       : No_OpClass : 
2746000: system.cpu: T0 : 0x800002ac @__init_libc+36    : add                        : No_OpClass : 
2747000: system.cpu: T0 : 0x800002b0 @__init_libc+40    : addi                       : No_OpClass : 
2748000: system.cpu: T0 : 0x800002b4 @__init_libc+44    : cmpu                       : No_OpClass : 
2749000: system.cpu: T0 : 0x800002b8 @__init_libc+48    : brn                        : No_OpClass : 
2750000: system.cpu: T0 : 0x80000290 @__init_libc+8    : addi.rb                    : No_OpClass : 
2751000: system.cpu: T0 : 0x80000294 @__init_libc+12    : blockcopy                  : No_OpClass : 
2752000: system.cpu: T0 : 0x80000298 @__init_libc+16    : add                        : No_OpClass : 
2753000: system.cpu: T0 : 0x8000029c @__init_libc+20    : addi                       : No_OpClass : 
2754000: system.cpu: T0 : 0x800002a0 @__init_libc+24    : blockcopy                  : No_OpClass : 
2755000: system.cpu: T0 : 0x800002a4 @__init_libc+28    : st                         : MemWrite :  A=0x7fffffffdf03
2756000: system.cpu: T0 : 0x800002a8 @__init_libc+32    : addi                       : No_OpClass : 
2757000: system.cpu: T0 : 0x800002ac @__init_libc+36    : add                        : No_OpClass : 
2758000: system.cpu: T0 : 0x800002b0 @__init_libc+40    : addi                       : No_OpClass : 
2759000: system.cpu: T0 : 0x800002b4 @__init_libc+44    : cmpu                       : No_OpClass : 
2760000: system.cpu: T0 : 0x800002b8 @__init_libc+48    : brn                        : No_OpClass : 
2761000: system.cpu: T0 : 0x80000290 @__init_libc+8    : addi.rb                    : No_OpClass : 
2762000: system.cpu: T0 : 0x80000294 @__init_libc+12    : blockcopy                  : No_OpClass : 
2763000: system.cpu: T0 : 0x80000298 @__init_libc+16    : add                        : No_OpClass : 
2764000: system.cpu: T0 : 0x8000029c @__init_libc+20    : addi                       : No_OpClass : 
2765000: system.cpu: T0 : 0x800002a0 @__init_libc+24    : blockcopy                  : No_OpClass : 
2766000: system.cpu: T0 : 0x800002a4 @__init_libc+28    : st                         : MemWrite :  A=0x7fffffffdf04
2767000: system.cpu: T0 : 0x800002a8 @__init_libc+32    : addi                       : No_OpClass : 
2768000: system.cpu: T0 : 0x800002ac @__init_libc+36    : add                        : No_OpClass : 
2769000: system.cpu: T0 : 0x800002b0 @__init_libc+40    : addi                       : No_OpClass : 
2770000: system.cpu: T0 : 0x800002b4 @__init_libc+44    : cmpu                       : No_OpClass : 
2771000: system.cpu: T0 : 0x800002b8 @__init_libc+48    : brn                        : No_OpClass : 
2772000: system.cpu: T0 : 0x80000290 @__init_libc+8    : addi.rb                    : No_OpClass : 
2773000: system.cpu: T0 : 0x80000294 @__init_libc+12    : blockcopy                  : No_OpClass : 
2774000: system.cpu: T0 : 0x80000298 @__init_libc+16    : add                        : No_OpClass : 
2775000: system.cpu: T0 : 0x8000029c @__init_libc+20    : addi                       : No_OpClass : 
2776000: system.cpu: T0 : 0x800002a0 @__init_libc+24    : blockcopy                  : No_OpClass : 
2777000: system.cpu: T0 : 0x800002a4 @__init_libc+28    : st                         : MemWrite :  A=0x7fffffffdf05
2778000: system.cpu: T0 : 0x800002a8 @__init_libc+32    : addi                       : No_OpClass : 
2779000: system.cpu: T0 : 0x800002ac @__init_libc+36    : add                        : No_OpClass : 
2780000: system.cpu: T0 : 0x800002b0 @__init_libc+40    : addi                       : No_OpClass : 
2781000: system.cpu: T0 : 0x800002b4 @__init_libc+44    : cmpu                       : No_OpClass : 
2782000: system.cpu: T0 : 0x800002b8 @__init_libc+48    : brn                        : No_OpClass : 
2783000: system.cpu: T0 : 0x80000290 @__init_libc+8    : addi.rb                    : No_OpClass : 
2784000: system.cpu: T0 : 0x80000294 @__init_libc+12    : blockcopy                  : No_OpClass : 
2785000: system.cpu: T0 : 0x80000298 @__init_libc+16    : add                        : No_OpClass : 
2786000: system.cpu: T0 : 0x8000029c @__init_libc+20    : addi                       : No_OpClass : 
2787000: system.cpu: T0 : 0x800002a0 @__init_libc+24    : blockcopy                  : No_OpClass : 
2788000: system.cpu: T0 : 0x800002a4 @__init_libc+28    : st                         : MemWrite :  A=0x7fffffffdf06
2789000: system.cpu: T0 : 0x800002a8 @__init_libc+32    : addi                       : No_OpClass : 
2790000: system.cpu: T0 : 0x800002ac @__init_libc+36    : add                        : No_OpClass : 
2791000: system.cpu: T0 : 0x800002b0 @__init_libc+40    : addi                       : No_OpClass : 
2792000: system.cpu: T0 : 0x800002b4 @__init_libc+44    : cmpu                       : No_OpClass : 
2793000: system.cpu: T0 : 0x800002b8 @__init_libc+48    : brn                        : No_OpClass : 
2794000: system.cpu: T0 : 0x80000290 @__init_libc+8    : addi.rb                    : No_OpClass : 
2795000: system.cpu: T0 : 0x80000294 @__init_libc+12    : blockcopy                  : No_OpClass : 
2796000: system.cpu: T0 : 0x80000298 @__init_libc+16    : add                        : No_OpClass : 
2797000: system.cpu: T0 : 0x8000029c @__init_libc+20    : addi                       : No_OpClass : 
2798000: system.cpu: T0 : 0x800002a0 @__init_libc+24    : blockcopy                  : No_OpClass : 
2799000: system.cpu: T0 : 0x800002a4 @__init_libc+28    : st                         : MemWrite :  A=0x7fffffffdf07
2800000: system.cpu: T0 : 0x800002a8 @__init_libc+32    : addi                       : No_OpClass : 
2801000: system.cpu: T0 : 0x800002ac @__init_libc+36    : add                        : No_OpClass : 
2802000: system.cpu: T0 : 0x800002b0 @__init_libc+40    : addi                       : No_OpClass : 
2803000: system.cpu: T0 : 0x800002b4 @__init_libc+44    : cmpu                       : No_OpClass : 
2804000: system.cpu: T0 : 0x800002b8 @__init_libc+48    : brn                        : No_OpClass : 
2805000: system.cpu: T0 : 0x80000290 @__init_libc+8    : addi.rb                    : No_OpClass : 
2806000: system.cpu: T0 : 0x80000294 @__init_libc+12    : blockcopy                  : No_OpClass : 
2807000: system.cpu: T0 : 0x80000298 @__init_libc+16    : add                        : No_OpClass : 
2808000: system.cpu: T0 : 0x8000029c @__init_libc+20    : addi                       : No_OpClass : 
2809000: system.cpu: T0 : 0x800002a0 @__init_libc+24    : blockcopy                  : No_OpClass : 
2810000: system.cpu: T0 : 0x800002a4 @__init_libc+28    : st                         : MemWrite :  A=0x7fffffffdf08
2811000: system.cpu: T0 : 0x800002a8 @__init_libc+32    : addi                       : No_OpClass : 
2812000: system.cpu: T0 : 0x800002ac @__init_libc+36    : add                        : No_OpClass : 
2813000: system.cpu: T0 : 0x800002b0 @__init_libc+40    : addi                       : No_OpClass : 
2814000: system.cpu: T0 : 0x800002b4 @__init_libc+44    : cmpu                       : No_OpClass : 
2815000: system.cpu: T0 : 0x800002b8 @__init_libc+48    : brn                        : No_OpClass : 
2816000: system.cpu: T0 : 0x80000290 @__init_libc+8    : addi.rb                    : No_OpClass : 
2817000: system.cpu: T0 : 0x80000294 @__init_libc+12    : blockcopy                  : No_OpClass : 
2818000: system.cpu: T0 : 0x80000298 @__init_libc+16    : add                        : No_OpClass : 
2819000: system.cpu: T0 : 0x8000029c @__init_libc+20    : addi                       : No_OpClass : 
2820000: system.cpu: T0 : 0x800002a0 @__init_libc+24    : blockcopy                  : No_OpClass : 
2821000: system.cpu: T0 : 0x800002a4 @__init_libc+28    : st                         : MemWrite :  A=0x7fffffffdf09
2822000: system.cpu: T0 : 0x800002a8 @__init_libc+32    : addi                       : No_OpClass : 
2823000: system.cpu: T0 : 0x800002ac @__init_libc+36    : add                        : No_OpClass : 
2824000: system.cpu: T0 : 0x800002b0 @__init_libc+40    : addi                       : No_OpClass : 
2825000: system.cpu: T0 : 0x800002b4 @__init_libc+44    : cmpu                       : No_OpClass : 
2826000: system.cpu: T0 : 0x800002b8 @__init_libc+48    : brn                        : No_OpClass : 
2827000: system.cpu: T0 : 0x80000290 @__init_libc+8    : addi.rb                    : No_OpClass : 
2828000: system.cpu: T0 : 0x80000294 @__init_libc+12    : blockcopy                  : No_OpClass : 
2829000: system.cpu: T0 : 0x80000298 @__init_libc+16    : add                        : No_OpClass : 
2830000: system.cpu: T0 : 0x8000029c @__init_libc+20    : addi                       : No_OpClass : 
2831000: system.cpu: T0 : 0x800002a0 @__init_libc+24    : blockcopy                  : No_OpClass : 
2832000: system.cpu: T0 : 0x800002a4 @__init_libc+28    : st                         : MemWrite :  A=0x7fffffffdf0a
2833000: system.cpu: T0 : 0x800002a8 @__init_libc+32    : addi                       : No_OpClass : 
2834000: system.cpu: T0 : 0x800002ac @__init_libc+36    : add                        : No_OpClass : 
2835000: system.cpu: T0 : 0x800002b0 @__init_libc+40    : addi                       : No_OpClass : 
2836000: system.cpu: T0 : 0x800002b4 @__init_libc+44    : cmpu                       : No_OpClass : 
2837000: system.cpu: T0 : 0x800002b8 @__init_libc+48    : brn                        : No_OpClass : 
2838000: system.cpu: T0 : 0x80000290 @__init_libc+8    : addi.rb                    : No_OpClass : 
2839000: system.cpu: T0 : 0x80000294 @__init_libc+12    : blockcopy                  : No_OpClass : 
2840000: system.cpu: T0 : 0x80000298 @__init_libc+16    : add                        : No_OpClass : 
2841000: system.cpu: T0 : 0x8000029c @__init_libc+20    : addi                       : No_OpClass : 
2842000: system.cpu: T0 : 0x800002a0 @__init_libc+24    : blockcopy                  : No_OpClass : 
2843000: system.cpu: T0 : 0x800002a4 @__init_libc+28    : st                         : MemWrite :  A=0x7fffffffdf0b
2844000: system.cpu: T0 : 0x800002a8 @__init_libc+32    : addi                       : No_OpClass : 
2845000: system.cpu: T0 : 0x800002ac @__init_libc+36    : add                        : No_OpClass : 
2846000: system.cpu: T0 : 0x800002b0 @__init_libc+40    : addi                       : No_OpClass : 
2847000: system.cpu: T0 : 0x800002b4 @__init_libc+44    : cmpu                       : No_OpClass : 
2848000: system.cpu: T0 : 0x800002b8 @__init_libc+48    : brn                        : No_OpClass : 
2849000: system.cpu: T0 : 0x80000290 @__init_libc+8    : addi.rb                    : No_OpClass : 
2850000: system.cpu: T0 : 0x80000294 @__init_libc+12    : blockcopy                  : No_OpClass : 
2851000: system.cpu: T0 : 0x80000298 @__init_libc+16    : add                        : No_OpClass : 
2852000: system.cpu: T0 : 0x8000029c @__init_libc+20    : addi                       : No_OpClass : 
2853000: system.cpu: T0 : 0x800002a0 @__init_libc+24    : blockcopy                  : No_OpClass : 
2854000: system.cpu: T0 : 0x800002a4 @__init_libc+28    : st                         : MemWrite :  A=0x7fffffffdf0c
2855000: system.cpu: T0 : 0x800002a8 @__init_libc+32    : addi                       : No_OpClass : 
2856000: system.cpu: T0 : 0x800002ac @__init_libc+36    : add                        : No_OpClass : 
2857000: system.cpu: T0 : 0x800002b0 @__init_libc+40    : addi                       : No_OpClass : 
2858000: system.cpu: T0 : 0x800002b4 @__init_libc+44    : cmpu                       : No_OpClass : 
2859000: system.cpu: T0 : 0x800002b8 @__init_libc+48    : brn                        : No_OpClass : 
2860000: system.cpu: T0 : 0x80000290 @__init_libc+8    : addi.rb                    : No_OpClass : 
2861000: system.cpu: T0 : 0x80000294 @__init_libc+12    : blockcopy                  : No_OpClass : 
2862000: system.cpu: T0 : 0x80000298 @__init_libc+16    : add                        : No_OpClass : 
2863000: system.cpu: T0 : 0x8000029c @__init_libc+20    : addi                       : No_OpClass : 
2864000: system.cpu: T0 : 0x800002a0 @__init_libc+24    : blockcopy                  : No_OpClass : 
2865000: system.cpu: T0 : 0x800002a4 @__init_libc+28    : st                         : MemWrite :  A=0x7fffffffdf0d
2866000: system.cpu: T0 : 0x800002a8 @__init_libc+32    : addi                       : No_OpClass : 
2867000: system.cpu: T0 : 0x800002ac @__init_libc+36    : add                        : No_OpClass : 
2868000: system.cpu: T0 : 0x800002b0 @__init_libc+40    : addi                       : No_OpClass : 
2869000: system.cpu: T0 : 0x800002b4 @__init_libc+44    : cmpu                       : No_OpClass : 
2870000: system.cpu: T0 : 0x800002b8 @__init_libc+48    : brn                        : No_OpClass : 
2871000: system.cpu: T0 : 0x80000290 @__init_libc+8    : addi.rb                    : No_OpClass : 
2872000: system.cpu: T0 : 0x80000294 @__init_libc+12    : blockcopy                  : No_OpClass : 
2873000: system.cpu: T0 : 0x80000298 @__init_libc+16    : add                        : No_OpClass : 
2874000: system.cpu: T0 : 0x8000029c @__init_libc+20    : addi                       : No_OpClass : 
2875000: system.cpu: T0 : 0x800002a0 @__init_libc+24    : blockcopy                  : No_OpClass : 
2876000: system.cpu: T0 : 0x800002a4 @__init_libc+28    : st                         : MemWrite :  A=0x7fffffffdf0e
2877000: system.cpu: T0 : 0x800002a8 @__init_libc+32    : addi                       : No_OpClass : 
2878000: system.cpu: T0 : 0x800002ac @__init_libc+36    : add                        : No_OpClass : 
2879000: system.cpu: T0 : 0x800002b0 @__init_libc+40    : addi                       : No_OpClass : 
2880000: system.cpu: T0 : 0x800002b4 @__init_libc+44    : cmpu                       : No_OpClass : 
2881000: system.cpu: T0 : 0x800002b8 @__init_libc+48    : brn                        : No_OpClass : 
2882000: system.cpu: T0 : 0x80000290 @__init_libc+8    : addi.rb                    : No_OpClass : 
2883000: system.cpu: T0 : 0x80000294 @__init_libc+12    : blockcopy                  : No_OpClass : 
2884000: system.cpu: T0 : 0x80000298 @__init_libc+16    : add                        : No_OpClass : 
2885000: system.cpu: T0 : 0x8000029c @__init_libc+20    : addi                       : No_OpClass : 
2886000: system.cpu: T0 : 0x800002a0 @__init_libc+24    : blockcopy                  : No_OpClass : 
2887000: system.cpu: T0 : 0x800002a4 @__init_libc+28    : st                         : MemWrite :  A=0x7fffffffdf0f
2888000: system.cpu: T0 : 0x800002a8 @__init_libc+32    : addi                       : No_OpClass : 
2889000: system.cpu: T0 : 0x800002ac @__init_libc+36    : add                        : No_OpClass : 
2890000: system.cpu: T0 : 0x800002b0 @__init_libc+40    : addi                       : No_OpClass : 
2891000: system.cpu: T0 : 0x800002b4 @__init_libc+44    : cmpu                       : No_OpClass : 
2892000: system.cpu: T0 : 0x800002b8 @__init_libc+48    : brn                        : No_OpClass : 
2893000: system.cpu: T0 : 0x80000290 @__init_libc+8    : addi.rb                    : No_OpClass : 
2894000: system.cpu: T0 : 0x80000294 @__init_libc+12    : blockcopy                  : No_OpClass : 
2895000: system.cpu: T0 : 0x80000298 @__init_libc+16    : add                        : No_OpClass : 
2896000: system.cpu: T0 : 0x8000029c @__init_libc+20    : addi                       : No_OpClass : 
2897000: system.cpu: T0 : 0x800002a0 @__init_libc+24    : blockcopy                  : No_OpClass : 
2898000: system.cpu: T0 : 0x800002a4 @__init_libc+28    : st                         : MemWrite :  A=0x7fffffffdf10
2899000: system.cpu: T0 : 0x800002a8 @__init_libc+32    : addi                       : No_OpClass : 
2900000: system.cpu: T0 : 0x800002ac @__init_libc+36    : add                        : No_OpClass : 
2901000: system.cpu: T0 : 0x800002b0 @__init_libc+40    : addi                       : No_OpClass : 
2902000: system.cpu: T0 : 0x800002b4 @__init_libc+44    : cmpu                       : No_OpClass : 
2903000: system.cpu: T0 : 0x800002b8 @__init_libc+48    : brn                        : No_OpClass : 
2904000: system.cpu: T0 : 0x80000290 @__init_libc+8    : addi.rb                    : No_OpClass : 
2905000: system.cpu: T0 : 0x80000294 @__init_libc+12    : blockcopy                  : No_OpClass : 
2906000: system.cpu: T0 : 0x80000298 @__init_libc+16    : add                        : No_OpClass : 
2907000: system.cpu: T0 : 0x8000029c @__init_libc+20    : addi                       : No_OpClass : 
2908000: system.cpu: T0 : 0x800002a0 @__init_libc+24    : blockcopy                  : No_OpClass : 
2909000: system.cpu: T0 : 0x800002a4 @__init_libc+28    : st                         : MemWrite :  A=0x7fffffffdf11
2910000: system.cpu: T0 : 0x800002a8 @__init_libc+32    : addi                       : No_OpClass : 
2911000: system.cpu: T0 : 0x800002ac @__init_libc+36    : add                        : No_OpClass : 
2912000: system.cpu: T0 : 0x800002b0 @__init_libc+40    : addi                       : No_OpClass : 
2913000: system.cpu: T0 : 0x800002b4 @__init_libc+44    : cmpu                       : No_OpClass : 
2914000: system.cpu: T0 : 0x800002b8 @__init_libc+48    : brn                        : No_OpClass : 
2915000: system.cpu: T0 : 0x80000290 @__init_libc+8    : addi.rb                    : No_OpClass : 
2916000: system.cpu: T0 : 0x80000294 @__init_libc+12    : blockcopy                  : No_OpClass : 
2917000: system.cpu: T0 : 0x80000298 @__init_libc+16    : add                        : No_OpClass : 
2918000: system.cpu: T0 : 0x8000029c @__init_libc+20    : addi                       : No_OpClass : 
2919000: system.cpu: T0 : 0x800002a0 @__init_libc+24    : blockcopy                  : No_OpClass : 
2920000: system.cpu: T0 : 0x800002a4 @__init_libc+28    : st                         : MemWrite :  A=0x7fffffffdf12
2921000: system.cpu: T0 : 0x800002a8 @__init_libc+32    : addi                       : No_OpClass : 
2922000: system.cpu: T0 : 0x800002ac @__init_libc+36    : add                        : No_OpClass : 
2923000: system.cpu: T0 : 0x800002b0 @__init_libc+40    : addi                       : No_OpClass : 
2924000: system.cpu: T0 : 0x800002b4 @__init_libc+44    : cmpu                       : No_OpClass : 
2925000: system.cpu: T0 : 0x800002b8 @__init_libc+48    : brn                        : No_OpClass : 
2926000: system.cpu: T0 : 0x80000290 @__init_libc+8    : addi.rb                    : No_OpClass : 
2927000: system.cpu: T0 : 0x80000294 @__init_libc+12    : blockcopy                  : No_OpClass : 
2928000: system.cpu: T0 : 0x80000298 @__init_libc+16    : add                        : No_OpClass : 
2929000: system.cpu: T0 : 0x8000029c @__init_libc+20    : addi                       : No_OpClass : 
2930000: system.cpu: T0 : 0x800002a0 @__init_libc+24    : blockcopy                  : No_OpClass : 
2931000: system.cpu: T0 : 0x800002a4 @__init_libc+28    : st                         : MemWrite :  A=0x7fffffffdf13
2932000: system.cpu: T0 : 0x800002a8 @__init_libc+32    : addi                       : No_OpClass : 
2933000: system.cpu: T0 : 0x800002ac @__init_libc+36    : add                        : No_OpClass : 
2934000: system.cpu: T0 : 0x800002b0 @__init_libc+40    : addi                       : No_OpClass : 
2935000: system.cpu: T0 : 0x800002b4 @__init_libc+44    : cmpu                       : No_OpClass : 
2936000: system.cpu: T0 : 0x800002b8 @__init_libc+48    : brn                        : No_OpClass : 
2937000: system.cpu: T0 : 0x80000290 @__init_libc+8    : addi.rb                    : No_OpClass : 
2938000: system.cpu: T0 : 0x80000294 @__init_libc+12    : blockcopy                  : No_OpClass : 
2939000: system.cpu: T0 : 0x80000298 @__init_libc+16    : add                        : No_OpClass : 
2940000: system.cpu: T0 : 0x8000029c @__init_libc+20    : addi                       : No_OpClass : 
2941000: system.cpu: T0 : 0x800002a0 @__init_libc+24    : blockcopy                  : No_OpClass : 
2942000: system.cpu: T0 : 0x800002a4 @__init_libc+28    : st                         : MemWrite :  A=0x7fffffffdf14
2943000: system.cpu: T0 : 0x800002a8 @__init_libc+32    : addi                       : No_OpClass : 
2944000: system.cpu: T0 : 0x800002ac @__init_libc+36    : add                        : No_OpClass : 
2945000: system.cpu: T0 : 0x800002b0 @__init_libc+40    : addi                       : No_OpClass : 
2946000: system.cpu: T0 : 0x800002b4 @__init_libc+44    : cmpu                       : No_OpClass : 
2947000: system.cpu: T0 : 0x800002b8 @__init_libc+48    : brn                        : No_OpClass : 
2948000: system.cpu: T0 : 0x80000290 @__init_libc+8    : addi.rb                    : No_OpClass : 
2949000: system.cpu: T0 : 0x80000294 @__init_libc+12    : blockcopy                  : No_OpClass : 
2950000: system.cpu: T0 : 0x80000298 @__init_libc+16    : add                        : No_OpClass : 
2951000: system.cpu: T0 : 0x8000029c @__init_libc+20    : addi                       : No_OpClass : 
2952000: system.cpu: T0 : 0x800002a0 @__init_libc+24    : blockcopy                  : No_OpClass : 
2953000: system.cpu: T0 : 0x800002a4 @__init_libc+28    : st                         : MemWrite :  A=0x7fffffffdf15
2954000: system.cpu: T0 : 0x800002a8 @__init_libc+32    : addi                       : No_OpClass : 
2955000: system.cpu: T0 : 0x800002ac @__init_libc+36    : add                        : No_OpClass : 
2956000: system.cpu: T0 : 0x800002b0 @__init_libc+40    : addi                       : No_OpClass : 
2957000: system.cpu: T0 : 0x800002b4 @__init_libc+44    : cmpu                       : No_OpClass : 
2958000: system.cpu: T0 : 0x800002b8 @__init_libc+48    : brn                        : No_OpClass : 
2959000: system.cpu: T0 : 0x80000290 @__init_libc+8    : addi.rb                    : No_OpClass : 
2960000: system.cpu: T0 : 0x80000294 @__init_libc+12    : blockcopy                  : No_OpClass : 
2961000: system.cpu: T0 : 0x80000298 @__init_libc+16    : add                        : No_OpClass : 
2962000: system.cpu: T0 : 0x8000029c @__init_libc+20    : addi                       : No_OpClass : 
2963000: system.cpu: T0 : 0x800002a0 @__init_libc+24    : blockcopy                  : No_OpClass : 
2964000: system.cpu: T0 : 0x800002a4 @__init_libc+28    : st                         : MemWrite :  A=0x7fffffffdf16
2965000: system.cpu: T0 : 0x800002a8 @__init_libc+32    : addi                       : No_OpClass : 
2966000: system.cpu: T0 : 0x800002ac @__init_libc+36    : add                        : No_OpClass : 
2967000: system.cpu: T0 : 0x800002b0 @__init_libc+40    : addi                       : No_OpClass : 
2968000: system.cpu: T0 : 0x800002b4 @__init_libc+44    : cmpu                       : No_OpClass : 
2969000: system.cpu: T0 : 0x800002b8 @__init_libc+48    : brn                        : No_OpClass : 
2970000: system.cpu: T0 : 0x80000290 @__init_libc+8    : addi.rb                    : No_OpClass : 
2971000: system.cpu: T0 : 0x80000294 @__init_libc+12    : blockcopy                  : No_OpClass : 
2972000: system.cpu: T0 : 0x80000298 @__init_libc+16    : add                        : No_OpClass : 
2973000: system.cpu: T0 : 0x8000029c @__init_libc+20    : addi                       : No_OpClass : 
2974000: system.cpu: T0 : 0x800002a0 @__init_libc+24    : blockcopy                  : No_OpClass : 
2975000: system.cpu: T0 : 0x800002a4 @__init_libc+28    : st                         : MemWrite :  A=0x7fffffffdf17
2976000: system.cpu: T0 : 0x800002a8 @__init_libc+32    : addi                       : No_OpClass : 
2977000: system.cpu: T0 : 0x800002ac @__init_libc+36    : add                        : No_OpClass : 
2978000: system.cpu: T0 : 0x800002b0 @__init_libc+40    : addi                       : No_OpClass : 
2979000: system.cpu: T0 : 0x800002b4 @__init_libc+44    : cmpu                       : No_OpClass : 
2980000: system.cpu: T0 : 0x800002b8 @__init_libc+48    : brn                        : No_OpClass : 
2981000: system.cpu: T0 : 0x80000290 @__init_libc+8    : addi.rb                    : No_OpClass : 
2982000: system.cpu: T0 : 0x80000294 @__init_libc+12    : blockcopy                  : No_OpClass : 
2983000: system.cpu: T0 : 0x80000298 @__init_libc+16    : add                        : No_OpClass : 
2984000: system.cpu: T0 : 0x8000029c @__init_libc+20    : addi                       : No_OpClass : 
2985000: system.cpu: T0 : 0x800002a0 @__init_libc+24    : blockcopy                  : No_OpClass : 
2986000: system.cpu: T0 : 0x800002a4 @__init_libc+28    : st                         : MemWrite :  A=0x7fffffffdf18
2987000: system.cpu: T0 : 0x800002a8 @__init_libc+32    : addi                       : No_OpClass : 
2988000: system.cpu: T0 : 0x800002ac @__init_libc+36    : add                        : No_OpClass : 
2989000: system.cpu: T0 : 0x800002b0 @__init_libc+40    : addi                       : No_OpClass : 
2990000: system.cpu: T0 : 0x800002b4 @__init_libc+44    : cmpu                       : No_OpClass : 
2991000: system.cpu: T0 : 0x800002b8 @__init_libc+48    : brn                        : No_OpClass : 
2992000: system.cpu: T0 : 0x80000290 @__init_libc+8    : addi.rb                    : No_OpClass : 
2993000: system.cpu: T0 : 0x80000294 @__init_libc+12    : blockcopy                  : No_OpClass : 
2994000: system.cpu: T0 : 0x80000298 @__init_libc+16    : add                        : No_OpClass : 
2995000: system.cpu: T0 : 0x8000029c @__init_libc+20    : addi                       : No_OpClass : 
2996000: system.cpu: T0 : 0x800002a0 @__init_libc+24    : blockcopy                  : No_OpClass : 
2997000: system.cpu: T0 : 0x800002a4 @__init_libc+28    : st                         : MemWrite :  A=0x7fffffffdf19
2998000: system.cpu: T0 : 0x800002a8 @__init_libc+32    : addi                       : No_OpClass : 
2999000: system.cpu: T0 : 0x800002ac @__init_libc+36    : add                        : No_OpClass : 
3000000: system.cpu: T0 : 0x800002b0 @__init_libc+40    : addi                       : No_OpClass : 
3001000: system.cpu: T0 : 0x800002b4 @__init_libc+44    : cmpu                       : No_OpClass : 
3002000: system.cpu: T0 : 0x800002b8 @__init_libc+48    : brn                        : No_OpClass : 
3003000: system.cpu: T0 : 0x80000290 @__init_libc+8    : addi.rb                    : No_OpClass : 
3004000: system.cpu: T0 : 0x80000294 @__init_libc+12    : blockcopy                  : No_OpClass : 
3005000: system.cpu: T0 : 0x80000298 @__init_libc+16    : add                        : No_OpClass : 
3006000: system.cpu: T0 : 0x8000029c @__init_libc+20    : addi                       : No_OpClass : 
3007000: system.cpu: T0 : 0x800002a0 @__init_libc+24    : blockcopy                  : No_OpClass : 
3008000: system.cpu: T0 : 0x800002a4 @__init_libc+28    : st                         : MemWrite :  A=0x7fffffffdf1a
3009000: system.cpu: T0 : 0x800002a8 @__init_libc+32    : addi                       : No_OpClass : 
3010000: system.cpu: T0 : 0x800002ac @__init_libc+36    : add                        : No_OpClass : 
3011000: system.cpu: T0 : 0x800002b0 @__init_libc+40    : addi                       : No_OpClass : 
3012000: system.cpu: T0 : 0x800002b4 @__init_libc+44    : cmpu                       : No_OpClass : 
3013000: system.cpu: T0 : 0x800002b8 @__init_libc+48    : brn                        : No_OpClass : 
3014000: system.cpu: T0 : 0x80000290 @__init_libc+8    : addi.rb                    : No_OpClass : 
3015000: system.cpu: T0 : 0x80000294 @__init_libc+12    : blockcopy                  : No_OpClass : 
3016000: system.cpu: T0 : 0x80000298 @__init_libc+16    : add                        : No_OpClass : 
3017000: system.cpu: T0 : 0x8000029c @__init_libc+20    : addi                       : No_OpClass : 
3018000: system.cpu: T0 : 0x800002a0 @__init_libc+24    : blockcopy                  : No_OpClass : 
3019000: system.cpu: T0 : 0x800002a4 @__init_libc+28    : st                         : MemWrite :  A=0x7fffffffdf1b
3020000: system.cpu: T0 : 0x800002a8 @__init_libc+32    : addi                       : No_OpClass : 
3021000: system.cpu: T0 : 0x800002ac @__init_libc+36    : add                        : No_OpClass : 
3022000: system.cpu: T0 : 0x800002b0 @__init_libc+40    : addi                       : No_OpClass : 
3023000: system.cpu: T0 : 0x800002b4 @__init_libc+44    : cmpu                       : No_OpClass : 
3024000: system.cpu: T0 : 0x800002b8 @__init_libc+48    : brn                        : No_OpClass : 
3025000: system.cpu: T0 : 0x80000290 @__init_libc+8    : addi.rb                    : No_OpClass : 
3026000: system.cpu: T0 : 0x80000294 @__init_libc+12    : blockcopy                  : No_OpClass : 
3027000: system.cpu: T0 : 0x80000298 @__init_libc+16    : add                        : No_OpClass : 
3028000: system.cpu: T0 : 0x8000029c @__init_libc+20    : addi                       : No_OpClass : 
3029000: system.cpu: T0 : 0x800002a0 @__init_libc+24    : blockcopy                  : No_OpClass : 
3030000: system.cpu: T0 : 0x800002a4 @__init_libc+28    : st                         : MemWrite :  A=0x7fffffffdf1c
3031000: system.cpu: T0 : 0x800002a8 @__init_libc+32    : addi                       : No_OpClass : 
3032000: system.cpu: T0 : 0x800002ac @__init_libc+36    : add                        : No_OpClass : 
3033000: system.cpu: T0 : 0x800002b0 @__init_libc+40    : addi                       : No_OpClass : 
3034000: system.cpu: T0 : 0x800002b4 @__init_libc+44    : cmpu                       : No_OpClass : 
3035000: system.cpu: T0 : 0x800002b8 @__init_libc+48    : brn                        : No_OpClass : 
3036000: system.cpu: T0 : 0x80000290 @__init_libc+8    : addi.rb                    : No_OpClass : 
3037000: system.cpu: T0 : 0x80000294 @__init_libc+12    : blockcopy                  : No_OpClass : 
3038000: system.cpu: T0 : 0x80000298 @__init_libc+16    : add                        : No_OpClass : 
3039000: system.cpu: T0 : 0x8000029c @__init_libc+20    : addi                       : No_OpClass : 
3040000: system.cpu: T0 : 0x800002a0 @__init_libc+24    : blockcopy                  : No_OpClass : 
3041000: system.cpu: T0 : 0x800002a4 @__init_libc+28    : st                         : MemWrite :  A=0x7fffffffdf1d
3042000: system.cpu: T0 : 0x800002a8 @__init_libc+32    : addi                       : No_OpClass : 
3043000: system.cpu: T0 : 0x800002ac @__init_libc+36    : add                        : No_OpClass : 
3044000: system.cpu: T0 : 0x800002b0 @__init_libc+40    : addi                       : No_OpClass : 
3045000: system.cpu: T0 : 0x800002b4 @__init_libc+44    : cmpu                       : No_OpClass : 
3046000: system.cpu: T0 : 0x800002b8 @__init_libc+48    : brn                        : No_OpClass : 
3047000: system.cpu: T0 : 0x80000290 @__init_libc+8    : addi.rb                    : No_OpClass : 
3048000: system.cpu: T0 : 0x80000294 @__init_libc+12    : blockcopy                  : No_OpClass : 
3049000: system.cpu: T0 : 0x80000298 @__init_libc+16    : add                        : No_OpClass : 
3050000: system.cpu: T0 : 0x8000029c @__init_libc+20    : addi                       : No_OpClass : 
3051000: system.cpu: T0 : 0x800002a0 @__init_libc+24    : blockcopy                  : No_OpClass : 
3052000: system.cpu: T0 : 0x800002a4 @__init_libc+28    : st                         : MemWrite :  A=0x7fffffffdf1e
3053000: system.cpu: T0 : 0x800002a8 @__init_libc+32    : addi                       : No_OpClass : 
3054000: system.cpu: T0 : 0x800002ac @__init_libc+36    : add                        : No_OpClass : 
3055000: system.cpu: T0 : 0x800002b0 @__init_libc+40    : addi                       : No_OpClass : 
3056000: system.cpu: T0 : 0x800002b4 @__init_libc+44    : cmpu                       : No_OpClass : 
3057000: system.cpu: T0 : 0x800002b8 @__init_libc+48    : brn                        : No_OpClass : 
3058000: system.cpu: T0 : 0x80000290 @__init_libc+8    : addi.rb                    : No_OpClass : 
3059000: system.cpu: T0 : 0x80000294 @__init_libc+12    : blockcopy                  : No_OpClass : 
3060000: system.cpu: T0 : 0x80000298 @__init_libc+16    : add                        : No_OpClass : 
3061000: system.cpu: T0 : 0x8000029c @__init_libc+20    : addi                       : No_OpClass : 
3062000: system.cpu: T0 : 0x800002a0 @__init_libc+24    : blockcopy                  : No_OpClass : 
3063000: system.cpu: T0 : 0x800002a4 @__init_libc+28    : st                         : MemWrite :  A=0x7fffffffdf1f
3064000: system.cpu: T0 : 0x800002a8 @__init_libc+32    : addi                       : No_OpClass : 
3065000: system.cpu: T0 : 0x800002ac @__init_libc+36    : add                        : No_OpClass : 
3066000: system.cpu: T0 : 0x800002b0 @__init_libc+40    : addi                       : No_OpClass : 
3067000: system.cpu: T0 : 0x800002b4 @__init_libc+44    : cmpu                       : No_OpClass : 
3068000: system.cpu: T0 : 0x800002b8 @__init_libc+48    : brn                        : No_OpClass : 
3069000: system.cpu: T0 : 0x80000290 @__init_libc+8    : addi.rb                    : No_OpClass : 
3070000: system.cpu: T0 : 0x80000294 @__init_libc+12    : blockcopy                  : No_OpClass : 
3071000: system.cpu: T0 : 0x80000298 @__init_libc+16    : add                        : No_OpClass : 
3072000: system.cpu: T0 : 0x8000029c @__init_libc+20    : addi                       : No_OpClass : 
3073000: system.cpu: T0 : 0x800002a0 @__init_libc+24    : blockcopy                  : No_OpClass : 
3074000: system.cpu: T0 : 0x800002a4 @__init_libc+28    : st                         : MemWrite :  A=0x7fffffffdf20
3075000: system.cpu: T0 : 0x800002a8 @__init_libc+32    : addi                       : No_OpClass : 
3076000: system.cpu: T0 : 0x800002ac @__init_libc+36    : add                        : No_OpClass : 
3077000: system.cpu: T0 : 0x800002b0 @__init_libc+40    : addi                       : No_OpClass : 
3078000: system.cpu: T0 : 0x800002b4 @__init_libc+44    : cmpu                       : No_OpClass : 
3079000: system.cpu: T0 : 0x800002b8 @__init_libc+48    : brn                        : No_OpClass : 
3080000: system.cpu: T0 : 0x80000290 @__init_libc+8    : addi.rb                    : No_OpClass : 
3081000: system.cpu: T0 : 0x80000294 @__init_libc+12    : blockcopy                  : No_OpClass : 
3082000: system.cpu: T0 : 0x80000298 @__init_libc+16    : add                        : No_OpClass : 
3083000: system.cpu: T0 : 0x8000029c @__init_libc+20    : addi                       : No_OpClass : 
3084000: system.cpu: T0 : 0x800002a0 @__init_libc+24    : blockcopy                  : No_OpClass : 
3085000: system.cpu: T0 : 0x800002a4 @__init_libc+28    : st                         : MemWrite :  A=0x7fffffffdf21
3086000: system.cpu: T0 : 0x800002a8 @__init_libc+32    : addi                       : No_OpClass : 
3087000: system.cpu: T0 : 0x800002ac @__init_libc+36    : add                        : No_OpClass : 
3088000: system.cpu: T0 : 0x800002b0 @__init_libc+40    : addi                       : No_OpClass : 
3089000: system.cpu: T0 : 0x800002b4 @__init_libc+44    : cmpu                       : No_OpClass : 
3090000: system.cpu: T0 : 0x800002b8 @__init_libc+48    : brn                        : No_OpClass : 
3091000: system.cpu: T0 : 0x80000290 @__init_libc+8    : addi.rb                    : No_OpClass : 
3092000: system.cpu: T0 : 0x80000294 @__init_libc+12    : blockcopy                  : No_OpClass : 
3093000: system.cpu: T0 : 0x80000298 @__init_libc+16    : add                        : No_OpClass : 
3094000: system.cpu: T0 : 0x8000029c @__init_libc+20    : addi                       : No_OpClass : 
3095000: system.cpu: T0 : 0x800002a0 @__init_libc+24    : blockcopy                  : No_OpClass : 
3096000: system.cpu: T0 : 0x800002a4 @__init_libc+28    : st                         : MemWrite :  A=0x7fffffffdf22
3097000: system.cpu: T0 : 0x800002a8 @__init_libc+32    : addi                       : No_OpClass : 
3098000: system.cpu: T0 : 0x800002ac @__init_libc+36    : add                        : No_OpClass : 
3099000: system.cpu: T0 : 0x800002b0 @__init_libc+40    : addi                       : No_OpClass : 
3100000: system.cpu: T0 : 0x800002b4 @__init_libc+44    : cmpu                       : No_OpClass : 
3101000: system.cpu: T0 : 0x800002b8 @__init_libc+48    : brn                        : No_OpClass : 
3102000: system.cpu: T0 : 0x80000290 @__init_libc+8    : addi.rb                    : No_OpClass : 
3103000: system.cpu: T0 : 0x80000294 @__init_libc+12    : blockcopy                  : No_OpClass : 
3104000: system.cpu: T0 : 0x80000298 @__init_libc+16    : add                        : No_OpClass : 
3105000: system.cpu: T0 : 0x8000029c @__init_libc+20    : addi                       : No_OpClass : 
3106000: system.cpu: T0 : 0x800002a0 @__init_libc+24    : blockcopy                  : No_OpClass : 
3107000: system.cpu: T0 : 0x800002a4 @__init_libc+28    : st                         : MemWrite :  A=0x7fffffffdf23
3108000: system.cpu: T0 : 0x800002a8 @__init_libc+32    : addi                       : No_OpClass : 
3109000: system.cpu: T0 : 0x800002ac @__init_libc+36    : add                        : No_OpClass : 
3110000: system.cpu: T0 : 0x800002b0 @__init_libc+40    : addi                       : No_OpClass : 
3111000: system.cpu: T0 : 0x800002b4 @__init_libc+44    : cmpu                       : No_OpClass : 
3112000: system.cpu: T0 : 0x800002b8 @__init_libc+48    : brn                        : No_OpClass : 
3113000: system.cpu: T0 : 0x80000290 @__init_libc+8    : addi.rb                    : No_OpClass : 
3114000: system.cpu: T0 : 0x80000294 @__init_libc+12    : blockcopy                  : No_OpClass : 
3115000: system.cpu: T0 : 0x80000298 @__init_libc+16    : add                        : No_OpClass : 
3116000: system.cpu: T0 : 0x8000029c @__init_libc+20    : addi                       : No_OpClass : 
3117000: system.cpu: T0 : 0x800002a0 @__init_libc+24    : blockcopy                  : No_OpClass : 
3118000: system.cpu: T0 : 0x800002a4 @__init_libc+28    : st                         : MemWrite :  A=0x7fffffffdf24
3119000: system.cpu: T0 : 0x800002a8 @__init_libc+32    : addi                       : No_OpClass : 
3120000: system.cpu: T0 : 0x800002ac @__init_libc+36    : add                        : No_OpClass : 
3121000: system.cpu: T0 : 0x800002b0 @__init_libc+40    : addi                       : No_OpClass : 
3122000: system.cpu: T0 : 0x800002b4 @__init_libc+44    : cmpu                       : No_OpClass : 
3123000: system.cpu: T0 : 0x800002b8 @__init_libc+48    : brn                        : No_OpClass : 
3124000: system.cpu: T0 : 0x80000290 @__init_libc+8    : addi.rb                    : No_OpClass : 
3125000: system.cpu: T0 : 0x80000294 @__init_libc+12    : blockcopy                  : No_OpClass : 
3126000: system.cpu: T0 : 0x80000298 @__init_libc+16    : add                        : No_OpClass : 
3127000: system.cpu: T0 : 0x8000029c @__init_libc+20    : addi                       : No_OpClass : 
3128000: system.cpu: T0 : 0x800002a0 @__init_libc+24    : blockcopy                  : No_OpClass : 
3129000: system.cpu: T0 : 0x800002a4 @__init_libc+28    : st                         : MemWrite :  A=0x7fffffffdf25
3130000: system.cpu: T0 : 0x800002a8 @__init_libc+32    : addi                       : No_OpClass : 
3131000: system.cpu: T0 : 0x800002ac @__init_libc+36    : add                        : No_OpClass : 
3132000: system.cpu: T0 : 0x800002b0 @__init_libc+40    : addi                       : No_OpClass : 
3133000: system.cpu: T0 : 0x800002b4 @__init_libc+44    : cmpu                       : No_OpClass : 
3134000: system.cpu: T0 : 0x800002b8 @__init_libc+48    : brn                        : No_OpClass : 
3135000: system.cpu: T0 : 0x80000290 @__init_libc+8    : addi.rb                    : No_OpClass : 
3136000: system.cpu: T0 : 0x80000294 @__init_libc+12    : blockcopy                  : No_OpClass : 
3137000: system.cpu: T0 : 0x80000298 @__init_libc+16    : add                        : No_OpClass : 
3138000: system.cpu: T0 : 0x8000029c @__init_libc+20    : addi                       : No_OpClass : 
3139000: system.cpu: T0 : 0x800002a0 @__init_libc+24    : blockcopy                  : No_OpClass : 
3140000: system.cpu: T0 : 0x800002a4 @__init_libc+28    : st                         : MemWrite :  A=0x7fffffffdf26
3141000: system.cpu: T0 : 0x800002a8 @__init_libc+32    : addi                       : No_OpClass : 
3142000: system.cpu: T0 : 0x800002ac @__init_libc+36    : add                        : No_OpClass : 
3143000: system.cpu: T0 : 0x800002b0 @__init_libc+40    : addi                       : No_OpClass : 
3144000: system.cpu: T0 : 0x800002b4 @__init_libc+44    : cmpu                       : No_OpClass : 
3145000: system.cpu: T0 : 0x800002b8 @__init_libc+48    : brn                        : No_OpClass : 
3146000: system.cpu: T0 : 0x80000290 @__init_libc+8    : addi.rb                    : No_OpClass : 
3147000: system.cpu: T0 : 0x80000294 @__init_libc+12    : blockcopy                  : No_OpClass : 
3148000: system.cpu: T0 : 0x80000298 @__init_libc+16    : add                        : No_OpClass : 
3149000: system.cpu: T0 : 0x8000029c @__init_libc+20    : addi                       : No_OpClass : 
3150000: system.cpu: T0 : 0x800002a0 @__init_libc+24    : blockcopy                  : No_OpClass : 
3151000: system.cpu: T0 : 0x800002a4 @__init_libc+28    : st                         : MemWrite :  A=0x7fffffffdf27
3152000: system.cpu: T0 : 0x800002a8 @__init_libc+32    : addi                       : No_OpClass : 
3153000: system.cpu: T0 : 0x800002ac @__init_libc+36    : add                        : No_OpClass : 
3154000: system.cpu: T0 : 0x800002b0 @__init_libc+40    : addi                       : No_OpClass : 
3155000: system.cpu: T0 : 0x800002b4 @__init_libc+44    : cmpu                       : No_OpClass : 
3156000: system.cpu: T0 : 0x800002b8 @__init_libc+48    : brn                        : No_OpClass : 
3157000: system.cpu: T0 : 0x80000290 @__init_libc+8    : addi.rb                    : No_OpClass : 
3158000: system.cpu: T0 : 0x80000294 @__init_libc+12    : blockcopy                  : No_OpClass : 
3159000: system.cpu: T0 : 0x80000298 @__init_libc+16    : add                        : No_OpClass : 
3160000: system.cpu: T0 : 0x8000029c @__init_libc+20    : addi                       : No_OpClass : 
3161000: system.cpu: T0 : 0x800002a0 @__init_libc+24    : blockcopy                  : No_OpClass : 
3162000: system.cpu: T0 : 0x800002a4 @__init_libc+28    : st                         : MemWrite :  A=0x7fffffffdf28
3163000: system.cpu: T0 : 0x800002a8 @__init_libc+32    : addi                       : No_OpClass : 
3164000: system.cpu: T0 : 0x800002ac @__init_libc+36    : add                        : No_OpClass : 
3165000: system.cpu: T0 : 0x800002b0 @__init_libc+40    : addi                       : No_OpClass : 
3166000: system.cpu: T0 : 0x800002b4 @__init_libc+44    : cmpu                       : No_OpClass : 
3167000: system.cpu: T0 : 0x800002b8 @__init_libc+48    : brn                        : No_OpClass : 
3168000: system.cpu: T0 : 0x80000290 @__init_libc+8    : addi.rb                    : No_OpClass : 
3169000: system.cpu: T0 : 0x80000294 @__init_libc+12    : blockcopy                  : No_OpClass : 
3170000: system.cpu: T0 : 0x80000298 @__init_libc+16    : add                        : No_OpClass : 
3171000: system.cpu: T0 : 0x8000029c @__init_libc+20    : addi                       : No_OpClass : 
3172000: system.cpu: T0 : 0x800002a0 @__init_libc+24    : blockcopy                  : No_OpClass : 
3173000: system.cpu: T0 : 0x800002a4 @__init_libc+28    : st                         : MemWrite :  A=0x7fffffffdf29
3174000: system.cpu: T0 : 0x800002a8 @__init_libc+32    : addi                       : No_OpClass : 
3175000: system.cpu: T0 : 0x800002ac @__init_libc+36    : add                        : No_OpClass : 
3176000: system.cpu: T0 : 0x800002b0 @__init_libc+40    : addi                       : No_OpClass : 
3177000: system.cpu: T0 : 0x800002b4 @__init_libc+44    : cmpu                       : No_OpClass : 
3178000: system.cpu: T0 : 0x800002b8 @__init_libc+48    : brn                        : No_OpClass : 
3179000: system.cpu: T0 : 0x80000290 @__init_libc+8    : addi.rb                    : No_OpClass : 
3180000: system.cpu: T0 : 0x80000294 @__init_libc+12    : blockcopy                  : No_OpClass : 
3181000: system.cpu: T0 : 0x80000298 @__init_libc+16    : add                        : No_OpClass : 
3182000: system.cpu: T0 : 0x8000029c @__init_libc+20    : addi                       : No_OpClass : 
3183000: system.cpu: T0 : 0x800002a0 @__init_libc+24    : blockcopy                  : No_OpClass : 
3184000: system.cpu: T0 : 0x800002a4 @__init_libc+28    : st                         : MemWrite :  A=0x7fffffffdf2a
3185000: system.cpu: T0 : 0x800002a8 @__init_libc+32    : addi                       : No_OpClass : 
3186000: system.cpu: T0 : 0x800002ac @__init_libc+36    : add                        : No_OpClass : 
3187000: system.cpu: T0 : 0x800002b0 @__init_libc+40    : addi                       : No_OpClass : 
3188000: system.cpu: T0 : 0x800002b4 @__init_libc+44    : cmpu                       : No_OpClass : 
3189000: system.cpu: T0 : 0x800002b8 @__init_libc+48    : brn                        : No_OpClass : 
3190000: system.cpu: T0 : 0x80000290 @__init_libc+8    : addi.rb                    : No_OpClass : 
3191000: system.cpu: T0 : 0x80000294 @__init_libc+12    : blockcopy                  : No_OpClass : 
3192000: system.cpu: T0 : 0x80000298 @__init_libc+16    : add                        : No_OpClass : 
3193000: system.cpu: T0 : 0x8000029c @__init_libc+20    : addi                       : No_OpClass : 
3194000: system.cpu: T0 : 0x800002a0 @__init_libc+24    : blockcopy                  : No_OpClass : 
3195000: system.cpu: T0 : 0x800002a4 @__init_libc+28    : st                         : MemWrite :  A=0x7fffffffdf2b
3196000: system.cpu: T0 : 0x800002a8 @__init_libc+32    : addi                       : No_OpClass : 
3197000: system.cpu: T0 : 0x800002ac @__init_libc+36    : add                        : No_OpClass : 
3198000: system.cpu: T0 : 0x800002b0 @__init_libc+40    : addi                       : No_OpClass : 
3199000: system.cpu: T0 : 0x800002b4 @__init_libc+44    : cmpu                       : No_OpClass : 
3200000: system.cpu: T0 : 0x800002b8 @__init_libc+48    : brn                        : No_OpClass : 
3201000: system.cpu: T0 : 0x80000290 @__init_libc+8    : addi.rb                    : No_OpClass : 
3202000: system.cpu: T0 : 0x80000294 @__init_libc+12    : blockcopy                  : No_OpClass : 
3203000: system.cpu: T0 : 0x80000298 @__init_libc+16    : add                        : No_OpClass : 
3204000: system.cpu: T0 : 0x8000029c @__init_libc+20    : addi                       : No_OpClass : 
3205000: system.cpu: T0 : 0x800002a0 @__init_libc+24    : blockcopy                  : No_OpClass : 
3206000: system.cpu: T0 : 0x800002a4 @__init_libc+28    : st                         : MemWrite :  A=0x7fffffffdf2c
3207000: system.cpu: T0 : 0x800002a8 @__init_libc+32    : addi                       : No_OpClass : 
3208000: system.cpu: T0 : 0x800002ac @__init_libc+36    : add                        : No_OpClass : 
3209000: system.cpu: T0 : 0x800002b0 @__init_libc+40    : addi                       : No_OpClass : 
3210000: system.cpu: T0 : 0x800002b4 @__init_libc+44    : cmpu                       : No_OpClass : 
3211000: system.cpu: T0 : 0x800002b8 @__init_libc+48    : brn                        : No_OpClass : 
3212000: system.cpu: T0 : 0x80000290 @__init_libc+8    : addi.rb                    : No_OpClass : 
3213000: system.cpu: T0 : 0x80000294 @__init_libc+12    : blockcopy                  : No_OpClass : 
3214000: system.cpu: T0 : 0x80000298 @__init_libc+16    : add                        : No_OpClass : 
3215000: system.cpu: T0 : 0x8000029c @__init_libc+20    : addi                       : No_OpClass : 
3216000: system.cpu: T0 : 0x800002a0 @__init_libc+24    : blockcopy                  : No_OpClass : 
3217000: system.cpu: T0 : 0x800002a4 @__init_libc+28    : st                         : MemWrite :  A=0x7fffffffdf2d
3218000: system.cpu: T0 : 0x800002a8 @__init_libc+32    : addi                       : No_OpClass : 
3219000: system.cpu: T0 : 0x800002ac @__init_libc+36    : add                        : No_OpClass : 
3220000: system.cpu: T0 : 0x800002b0 @__init_libc+40    : addi                       : No_OpClass : 
3221000: system.cpu: T0 : 0x800002b4 @__init_libc+44    : cmpu                       : No_OpClass : 
3222000: system.cpu: T0 : 0x800002b8 @__init_libc+48    : brn                        : No_OpClass : 
3223000: system.cpu: T0 : 0x80000290 @__init_libc+8    : addi.rb                    : No_OpClass : 
3224000: system.cpu: T0 : 0x80000294 @__init_libc+12    : blockcopy                  : No_OpClass : 
3225000: system.cpu: T0 : 0x80000298 @__init_libc+16    : add                        : No_OpClass : 
3226000: system.cpu: T0 : 0x8000029c @__init_libc+20    : addi                       : No_OpClass : 
3227000: system.cpu: T0 : 0x800002a0 @__init_libc+24    : blockcopy                  : No_OpClass : 
3228000: system.cpu: T0 : 0x800002a4 @__init_libc+28    : st                         : MemWrite :  A=0x7fffffffdf2e
3229000: system.cpu: T0 : 0x800002a8 @__init_libc+32    : addi                       : No_OpClass : 
3230000: system.cpu: T0 : 0x800002ac @__init_libc+36    : add                        : No_OpClass : 
3231000: system.cpu: T0 : 0x800002b0 @__init_libc+40    : addi                       : No_OpClass : 
3232000: system.cpu: T0 : 0x800002b4 @__init_libc+44    : cmpu                       : No_OpClass : 
3233000: system.cpu: T0 : 0x800002b8 @__init_libc+48    : brn                        : No_OpClass : 
3234000: system.cpu: T0 : 0x80000290 @__init_libc+8    : addi.rb                    : No_OpClass : 
3235000: system.cpu: T0 : 0x80000294 @__init_libc+12    : blockcopy                  : No_OpClass : 
3236000: system.cpu: T0 : 0x80000298 @__init_libc+16    : add                        : No_OpClass : 
3237000: system.cpu: T0 : 0x8000029c @__init_libc+20    : addi                       : No_OpClass : 
3238000: system.cpu: T0 : 0x800002a0 @__init_libc+24    : blockcopy                  : No_OpClass : 
3239000: system.cpu: T0 : 0x800002a4 @__init_libc+28    : st                         : MemWrite :  A=0x7fffffffdf2f
3240000: system.cpu: T0 : 0x800002a8 @__init_libc+32    : addi                       : No_OpClass : 
3241000: system.cpu: T0 : 0x800002ac @__init_libc+36    : add                        : No_OpClass : 
3242000: system.cpu: T0 : 0x800002b0 @__init_libc+40    : addi                       : No_OpClass : 
3243000: system.cpu: T0 : 0x800002b4 @__init_libc+44    : cmpu                       : No_OpClass : 
3244000: system.cpu: T0 : 0x800002b8 @__init_libc+48    : brn                        : No_OpClass : 
3245000: system.cpu: T0 : 0x80000290 @__init_libc+8    : addi.rb                    : No_OpClass : 
3246000: system.cpu: T0 : 0x80000294 @__init_libc+12    : blockcopy                  : No_OpClass : 
3247000: system.cpu: T0 : 0x80000298 @__init_libc+16    : add                        : No_OpClass : 
3248000: system.cpu: T0 : 0x8000029c @__init_libc+20    : addi                       : No_OpClass : 
3249000: system.cpu: T0 : 0x800002a0 @__init_libc+24    : blockcopy                  : No_OpClass : 
3250000: system.cpu: T0 : 0x800002a4 @__init_libc+28    : st                         : MemWrite :  A=0x7fffffffdf30
3251000: system.cpu: T0 : 0x800002a8 @__init_libc+32    : addi                       : No_OpClass : 
3252000: system.cpu: T0 : 0x800002ac @__init_libc+36    : add                        : No_OpClass : 
3253000: system.cpu: T0 : 0x800002b0 @__init_libc+40    : addi                       : No_OpClass : 
3254000: system.cpu: T0 : 0x800002b4 @__init_libc+44    : cmpu                       : No_OpClass : 
3255000: system.cpu: T0 : 0x800002b8 @__init_libc+48    : brn                        : No_OpClass : 
3256000: system.cpu: T0 : 0x80000290 @__init_libc+8    : addi.rb                    : No_OpClass : 
3257000: system.cpu: T0 : 0x80000294 @__init_libc+12    : blockcopy                  : No_OpClass : 
3258000: system.cpu: T0 : 0x80000298 @__init_libc+16    : add                        : No_OpClass : 
3259000: system.cpu: T0 : 0x8000029c @__init_libc+20    : addi                       : No_OpClass : 
3260000: system.cpu: T0 : 0x800002a0 @__init_libc+24    : blockcopy                  : No_OpClass : 
3261000: system.cpu: T0 : 0x800002a4 @__init_libc+28    : st                         : MemWrite :  A=0x7fffffffdf31
3262000: system.cpu: T0 : 0x800002a8 @__init_libc+32    : addi                       : No_OpClass : 
3263000: system.cpu: T0 : 0x800002ac @__init_libc+36    : add                        : No_OpClass : 
3264000: system.cpu: T0 : 0x800002b0 @__init_libc+40    : addi                       : No_OpClass : 
3265000: system.cpu: T0 : 0x800002b4 @__init_libc+44    : cmpu                       : No_OpClass : 
3266000: system.cpu: T0 : 0x800002b8 @__init_libc+48    : brn                        : No_OpClass : 
3267000: system.cpu: T0 : 0x80000290 @__init_libc+8    : addi.rb                    : No_OpClass : 
3268000: system.cpu: T0 : 0x80000294 @__init_libc+12    : blockcopy                  : No_OpClass : 
3269000: system.cpu: T0 : 0x80000298 @__init_libc+16    : add                        : No_OpClass : 
3270000: system.cpu: T0 : 0x8000029c @__init_libc+20    : addi                       : No_OpClass : 
3271000: system.cpu: T0 : 0x800002a0 @__init_libc+24    : blockcopy                  : No_OpClass : 
3272000: system.cpu: T0 : 0x800002a4 @__init_libc+28    : st                         : MemWrite :  A=0x7fffffffdf32
3273000: system.cpu: T0 : 0x800002a8 @__init_libc+32    : addi                       : No_OpClass : 
3274000: system.cpu: T0 : 0x800002ac @__init_libc+36    : add                        : No_OpClass : 
3275000: system.cpu: T0 : 0x800002b0 @__init_libc+40    : addi                       : No_OpClass : 
3276000: system.cpu: T0 : 0x800002b4 @__init_libc+44    : cmpu                       : No_OpClass : 
3277000: system.cpu: T0 : 0x800002b8 @__init_libc+48    : brn                        : No_OpClass : 
3278000: system.cpu: T0 : 0x80000290 @__init_libc+8    : addi.rb                    : No_OpClass : 
3279000: system.cpu: T0 : 0x80000294 @__init_libc+12    : blockcopy                  : No_OpClass : 
3280000: system.cpu: T0 : 0x80000298 @__init_libc+16    : add                        : No_OpClass : 
3281000: system.cpu: T0 : 0x8000029c @__init_libc+20    : addi                       : No_OpClass : 
3282000: system.cpu: T0 : 0x800002a0 @__init_libc+24    : blockcopy                  : No_OpClass : 
3283000: system.cpu: T0 : 0x800002a4 @__init_libc+28    : st                         : MemWrite :  A=0x7fffffffdf33
3284000: system.cpu: T0 : 0x800002a8 @__init_libc+32    : addi                       : No_OpClass : 
3285000: system.cpu: T0 : 0x800002ac @__init_libc+36    : add                        : No_OpClass : 
3286000: system.cpu: T0 : 0x800002b0 @__init_libc+40    : addi                       : No_OpClass : 
3287000: system.cpu: T0 : 0x800002b4 @__init_libc+44    : cmpu                       : No_OpClass : 
3288000: system.cpu: T0 : 0x800002b8 @__init_libc+48    : brn                        : No_OpClass : 
3289000: system.cpu: T0 : 0x80000290 @__init_libc+8    : addi.rb                    : No_OpClass : 
3290000: system.cpu: T0 : 0x80000294 @__init_libc+12    : blockcopy                  : No_OpClass : 
3291000: system.cpu: T0 : 0x80000298 @__init_libc+16    : add                        : No_OpClass : 
3292000: system.cpu: T0 : 0x8000029c @__init_libc+20    : addi                       : No_OpClass : 
3293000: system.cpu: T0 : 0x800002a0 @__init_libc+24    : blockcopy                  : No_OpClass : 
3294000: system.cpu: T0 : 0x800002a4 @__init_libc+28    : st                         : MemWrite :  A=0x7fffffffdf34
3295000: system.cpu: T0 : 0x800002a8 @__init_libc+32    : addi                       : No_OpClass : 
3296000: system.cpu: T0 : 0x800002ac @__init_libc+36    : add                        : No_OpClass : 
3297000: system.cpu: T0 : 0x800002b0 @__init_libc+40    : addi                       : No_OpClass : 
3298000: system.cpu: T0 : 0x800002b4 @__init_libc+44    : cmpu                       : No_OpClass : 
3299000: system.cpu: T0 : 0x800002b8 @__init_libc+48    : brn                        : No_OpClass : 
3300000: system.cpu: T0 : 0x80000290 @__init_libc+8    : addi.rb                    : No_OpClass : 
3301000: system.cpu: T0 : 0x80000294 @__init_libc+12    : blockcopy                  : No_OpClass : 
3302000: system.cpu: T0 : 0x80000298 @__init_libc+16    : add                        : No_OpClass : 
3303000: system.cpu: T0 : 0x8000029c @__init_libc+20    : addi                       : No_OpClass : 
3304000: system.cpu: T0 : 0x800002a0 @__init_libc+24    : blockcopy                  : No_OpClass : 
3305000: system.cpu: T0 : 0x800002a4 @__init_libc+28    : st                         : MemWrite :  A=0x7fffffffdf35
3306000: system.cpu: T0 : 0x800002a8 @__init_libc+32    : addi                       : No_OpClass : 
3307000: system.cpu: T0 : 0x800002ac @__init_libc+36    : add                        : No_OpClass : 
3308000: system.cpu: T0 : 0x800002b0 @__init_libc+40    : addi                       : No_OpClass : 
3309000: system.cpu: T0 : 0x800002b4 @__init_libc+44    : cmpu                       : No_OpClass : 
3310000: system.cpu: T0 : 0x800002b8 @__init_libc+48    : brn                        : No_OpClass : 
3311000: system.cpu: T0 : 0x80000290 @__init_libc+8    : addi.rb                    : No_OpClass : 
3312000: system.cpu: T0 : 0x80000294 @__init_libc+12    : blockcopy                  : No_OpClass : 
3313000: system.cpu: T0 : 0x80000298 @__init_libc+16    : add                        : No_OpClass : 
3314000: system.cpu: T0 : 0x8000029c @__init_libc+20    : addi                       : No_OpClass : 
3315000: system.cpu: T0 : 0x800002a0 @__init_libc+24    : blockcopy                  : No_OpClass : 
3316000: system.cpu: T0 : 0x800002a4 @__init_libc+28    : st                         : MemWrite :  A=0x7fffffffdf36
3317000: system.cpu: T0 : 0x800002a8 @__init_libc+32    : addi                       : No_OpClass : 
3318000: system.cpu: T0 : 0x800002ac @__init_libc+36    : add                        : No_OpClass : 
3319000: system.cpu: T0 : 0x800002b0 @__init_libc+40    : addi                       : No_OpClass : 
3320000: system.cpu: T0 : 0x800002b4 @__init_libc+44    : cmpu                       : No_OpClass : 
3321000: system.cpu: T0 : 0x800002b8 @__init_libc+48    : brn                        : No_OpClass : 
3322000: system.cpu: T0 : 0x80000290 @__init_libc+8    : addi.rb                    : No_OpClass : 
3323000: system.cpu: T0 : 0x80000294 @__init_libc+12    : blockcopy                  : No_OpClass : 
3324000: system.cpu: T0 : 0x80000298 @__init_libc+16    : add                        : No_OpClass : 
3325000: system.cpu: T0 : 0x8000029c @__init_libc+20    : addi                       : No_OpClass : 
3326000: system.cpu: T0 : 0x800002a0 @__init_libc+24    : blockcopy                  : No_OpClass : 
3327000: system.cpu: T0 : 0x800002a4 @__init_libc+28    : st                         : MemWrite :  A=0x7fffffffdf37
3328000: system.cpu: T0 : 0x800002a8 @__init_libc+32    : addi                       : No_OpClass : 
3329000: system.cpu: T0 : 0x800002ac @__init_libc+36    : add                        : No_OpClass : 
3330000: system.cpu: T0 : 0x800002b0 @__init_libc+40    : addi                       : No_OpClass : 
3331000: system.cpu: T0 : 0x800002b4 @__init_libc+44    : cmpu                       : No_OpClass : 
3332000: system.cpu: T0 : 0x800002b8 @__init_libc+48    : brn                        : No_OpClass : 
3333000: system.cpu: T0 : 0x80000290 @__init_libc+8    : addi.rb                    : No_OpClass : 
3334000: system.cpu: T0 : 0x80000294 @__init_libc+12    : blockcopy                  : No_OpClass : 
3335000: system.cpu: T0 : 0x80000298 @__init_libc+16    : add                        : No_OpClass : 
3336000: system.cpu: T0 : 0x8000029c @__init_libc+20    : addi                       : No_OpClass : 
3337000: system.cpu: T0 : 0x800002a0 @__init_libc+24    : blockcopy                  : No_OpClass : 
3338000: system.cpu: T0 : 0x800002a4 @__init_libc+28    : st                         : MemWrite :  A=0x7fffffffdf38
3339000: system.cpu: T0 : 0x800002a8 @__init_libc+32    : addi                       : No_OpClass : 
3340000: system.cpu: T0 : 0x800002ac @__init_libc+36    : add                        : No_OpClass : 
3341000: system.cpu: T0 : 0x800002b0 @__init_libc+40    : addi                       : No_OpClass : 
3342000: system.cpu: T0 : 0x800002b4 @__init_libc+44    : cmpu                       : No_OpClass : 
3343000: system.cpu: T0 : 0x800002b8 @__init_libc+48    : brn                        : No_OpClass : 
3344000: system.cpu: T0 : 0x80000290 @__init_libc+8    : addi.rb                    : No_OpClass : 
3345000: system.cpu: T0 : 0x80000294 @__init_libc+12    : blockcopy                  : No_OpClass : 
3346000: system.cpu: T0 : 0x80000298 @__init_libc+16    : add                        : No_OpClass : 
3347000: system.cpu: T0 : 0x8000029c @__init_libc+20    : addi                       : No_OpClass : 
3348000: system.cpu: T0 : 0x800002a0 @__init_libc+24    : blockcopy                  : No_OpClass : 
3349000: system.cpu: T0 : 0x800002a4 @__init_libc+28    : st                         : MemWrite :  A=0x7fffffffdf39
3350000: system.cpu: T0 : 0x800002a8 @__init_libc+32    : addi                       : No_OpClass : 
3351000: system.cpu: T0 : 0x800002ac @__init_libc+36    : add                        : No_OpClass : 
3352000: system.cpu: T0 : 0x800002b0 @__init_libc+40    : addi                       : No_OpClass : 
3353000: system.cpu: T0 : 0x800002b4 @__init_libc+44    : cmpu                       : No_OpClass : 
3354000: system.cpu: T0 : 0x800002b8 @__init_libc+48    : brn                        : No_OpClass : 
3355000: system.cpu: T0 : 0x80000290 @__init_libc+8    : addi.rb                    : No_OpClass : 
3356000: system.cpu: T0 : 0x80000294 @__init_libc+12    : blockcopy                  : No_OpClass : 
3357000: system.cpu: T0 : 0x80000298 @__init_libc+16    : add                        : No_OpClass : 
3358000: system.cpu: T0 : 0x8000029c @__init_libc+20    : addi                       : No_OpClass : 
3359000: system.cpu: T0 : 0x800002a0 @__init_libc+24    : blockcopy                  : No_OpClass : 
3360000: system.cpu: T0 : 0x800002a4 @__init_libc+28    : st                         : MemWrite :  A=0x7fffffffdf3a
3361000: system.cpu: T0 : 0x800002a8 @__init_libc+32    : addi                       : No_OpClass : 
3362000: system.cpu: T0 : 0x800002ac @__init_libc+36    : add                        : No_OpClass : 
3363000: system.cpu: T0 : 0x800002b0 @__init_libc+40    : addi                       : No_OpClass : 
3364000: system.cpu: T0 : 0x800002b4 @__init_libc+44    : cmpu                       : No_OpClass : 
3365000: system.cpu: T0 : 0x800002b8 @__init_libc+48    : brn                        : No_OpClass : 
3366000: system.cpu: T0 : 0x80000290 @__init_libc+8    : addi.rb                    : No_OpClass : 
3367000: system.cpu: T0 : 0x80000294 @__init_libc+12    : blockcopy                  : No_OpClass : 
3368000: system.cpu: T0 : 0x80000298 @__init_libc+16    : add                        : No_OpClass : 
3369000: system.cpu: T0 : 0x8000029c @__init_libc+20    : addi                       : No_OpClass : 
3370000: system.cpu: T0 : 0x800002a0 @__init_libc+24    : blockcopy                  : No_OpClass : 
3371000: system.cpu: T0 : 0x800002a4 @__init_libc+28    : st                         : MemWrite :  A=0x7fffffffdf3b
3372000: system.cpu: T0 : 0x800002a8 @__init_libc+32    : addi                       : No_OpClass : 
3373000: system.cpu: T0 : 0x800002ac @__init_libc+36    : add                        : No_OpClass : 
3374000: system.cpu: T0 : 0x800002b0 @__init_libc+40    : addi                       : No_OpClass : 
3375000: system.cpu: T0 : 0x800002b4 @__init_libc+44    : cmpu                       : No_OpClass : 
3376000: system.cpu: T0 : 0x800002b8 @__init_libc+48    : brn                        : No_OpClass : 
3377000: system.cpu: T0 : 0x80000290 @__init_libc+8    : addi.rb                    : No_OpClass : 
3378000: system.cpu: T0 : 0x80000294 @__init_libc+12    : blockcopy                  : No_OpClass : 
3379000: system.cpu: T0 : 0x80000298 @__init_libc+16    : add                        : No_OpClass : 
3380000: system.cpu: T0 : 0x8000029c @__init_libc+20    : addi                       : No_OpClass : 
3381000: system.cpu: T0 : 0x800002a0 @__init_libc+24    : blockcopy                  : No_OpClass : 
3382000: system.cpu: T0 : 0x800002a4 @__init_libc+28    : st                         : MemWrite :  A=0x7fffffffdf3c
3383000: system.cpu: T0 : 0x800002a8 @__init_libc+32    : addi                       : No_OpClass : 
3384000: system.cpu: T0 : 0x800002ac @__init_libc+36    : add                        : No_OpClass : 
3385000: system.cpu: T0 : 0x800002b0 @__init_libc+40    : addi                       : No_OpClass : 
3386000: system.cpu: T0 : 0x800002b4 @__init_libc+44    : cmpu                       : No_OpClass : 
3387000: system.cpu: T0 : 0x800002b8 @__init_libc+48    : brn                        : No_OpClass : 
3388000: system.cpu: T0 : 0x80000290 @__init_libc+8    : addi.rb                    : No_OpClass : 
3389000: system.cpu: T0 : 0x80000294 @__init_libc+12    : blockcopy                  : No_OpClass : 
3390000: system.cpu: T0 : 0x80000298 @__init_libc+16    : add                        : No_OpClass : 
3391000: system.cpu: T0 : 0x8000029c @__init_libc+20    : addi                       : No_OpClass : 
3392000: system.cpu: T0 : 0x800002a0 @__init_libc+24    : blockcopy                  : No_OpClass : 
3393000: system.cpu: T0 : 0x800002a4 @__init_libc+28    : st                         : MemWrite :  A=0x7fffffffdf3d
3394000: system.cpu: T0 : 0x800002a8 @__init_libc+32    : addi                       : No_OpClass : 
3395000: system.cpu: T0 : 0x800002ac @__init_libc+36    : add                        : No_OpClass : 
3396000: system.cpu: T0 : 0x800002b0 @__init_libc+40    : addi                       : No_OpClass : 
3397000: system.cpu: T0 : 0x800002b4 @__init_libc+44    : cmpu                       : No_OpClass : 
3398000: system.cpu: T0 : 0x800002b8 @__init_libc+48    : brn                        : No_OpClass : 
3399000: system.cpu: T0 : 0x80000290 @__init_libc+8    : addi.rb                    : No_OpClass : 
3400000: system.cpu: T0 : 0x80000294 @__init_libc+12    : blockcopy                  : No_OpClass : 
3401000: system.cpu: T0 : 0x80000298 @__init_libc+16    : add                        : No_OpClass : 
3402000: system.cpu: T0 : 0x8000029c @__init_libc+20    : addi                       : No_OpClass : 
3403000: system.cpu: T0 : 0x800002a0 @__init_libc+24    : blockcopy                  : No_OpClass : 
3404000: system.cpu: T0 : 0x800002a4 @__init_libc+28    : st                         : MemWrite :  A=0x7fffffffdf3e
3405000: system.cpu: T0 : 0x800002a8 @__init_libc+32    : addi                       : No_OpClass : 
3406000: system.cpu: T0 : 0x800002ac @__init_libc+36    : add                        : No_OpClass : 
3407000: system.cpu: T0 : 0x800002b0 @__init_libc+40    : addi                       : No_OpClass : 
3408000: system.cpu: T0 : 0x800002b4 @__init_libc+44    : cmpu                       : No_OpClass : 
3409000: system.cpu: T0 : 0x800002b8 @__init_libc+48    : brn                        : No_OpClass : 
3410000: system.cpu: T0 : 0x80000290 @__init_libc+8    : addi.rb                    : No_OpClass : 
3411000: system.cpu: T0 : 0x80000294 @__init_libc+12    : blockcopy                  : No_OpClass : 
3412000: system.cpu: T0 : 0x80000298 @__init_libc+16    : add                        : No_OpClass : 
3413000: system.cpu: T0 : 0x8000029c @__init_libc+20    : addi                       : No_OpClass : 
3414000: system.cpu: T0 : 0x800002a0 @__init_libc+24    : blockcopy                  : No_OpClass : 
3415000: system.cpu: T0 : 0x800002a4 @__init_libc+28    : st                         : MemWrite :  A=0x7fffffffdf3f
3416000: system.cpu: T0 : 0x800002a8 @__init_libc+32    : addi                       : No_OpClass : 
3417000: system.cpu: T0 : 0x800002ac @__init_libc+36    : add                        : No_OpClass : 
3418000: system.cpu: T0 : 0x800002b0 @__init_libc+40    : addi                       : No_OpClass : 
3419000: system.cpu: T0 : 0x800002b4 @__init_libc+44    : cmpu                       : No_OpClass : 
3420000: system.cpu: T0 : 0x800002b8 @__init_libc+48    : brn                        : No_OpClass : 
3421000: system.cpu: T0 : 0x800002bc @__init_libc+52    : jump 0                     : No_OpClass : 
3422000: system.cpu: T0 : 0x800002c0 @__init_libc+56    : rela                       : No_OpClass : 
3423000: system.cpu: T0 : 0x800002c4 @__init_libc+60    : addi.rb                    : No_OpClass : 
3424000: system.cpu: T0 : 0x800002c8 @__init_libc+64    : blockcopy                  : No_OpClass : 
3425000: system.cpu: T0 : 0x800002cc @__init_libc+68    : st                         : MemWrite :  A=0x80008010
3426000: system.cpu: T0 : 0x800002d0 @__init_libc+72    : blockcopy                  : No_OpClass : 
3427000: system.cpu: T0 : 0x800002d4 @__init_libc+76    : addi                       : No_OpClass : 
3428000: system.cpu: T0 : 0x800002d8 @__init_libc+80    : add                        : No_OpClass : 
3429000: system.cpu: T0 : 0x800002dc @__init_libc+84    : blockcopy                  : No_OpClass : 
3430000: system.cpu: T0 : 0x800002e0 @__init_libc+88    : ld                         : MemRead :  A=0x7fffffffdf78
3431000: system.cpu: T0 : 0x800002e4 @__init_libc+92    : addi                       : No_OpClass : 
3432000: system.cpu: T0 : 0x800002e8 @__init_libc+96    : brnz                       : No_OpClass : 
3433000: system.cpu: T0 : 0x800002ec @__init_libc+100    : jump 0                     : No_OpClass : 
3434000: system.cpu: T0 : 0x800002f0 @__init_libc+104    : rela                       : No_OpClass : 
3435000: system.cpu: T0 : 0x800002f4 @__init_libc+108    : addi.rb                    : No_OpClass : 
3436000: system.cpu: T0 : 0x800002f8 @__init_libc+112    : st                         : MemWrite :  A=0x800081b8
3437000: system.cpu: T0 : 0x800002fc @__init_libc+116    : addi                       : No_OpClass : 
3438000: system.cpu: T0 : 0x80000300 @__init_libc+120    : blockcopy                  : No_OpClass : 
3439000: system.cpu: T0 : 0x80000304 @__init_libc+124    : ld                         : MemRead :  A=0x7fffffffdf80
3440000: system.cpu: T0 : 0x80000308 @__init_libc+128    : brz                        : No_OpClass : 
3441000: system.cpu: T0 : 0x8000030c @__init_libc+132    : jump 0                     : No_OpClass : 
3442000: system.cpu: T0 : 0x80000310 @__init_libc+136    : add                        : No_OpClass : 
3443000: system.cpu: T0 : 0x80000314 @__init_libc+140    : jump 16                    : No_OpClass : 
3444000: system.cpu: T0 : 0x80000358 @__init_libc+208    : addi                       : No_OpClass : 
3445000: system.cpu: T0 : 0x8000035c @__init_libc+212    : cmpu                       : No_OpClass : 
3446000: system.cpu: T0 : 0x80000360 @__init_libc+216    : brp                        : No_OpClass : 
3447000: system.cpu: T0 : 0x80000364 @__init_libc+220    : jump -20                   : No_OpClass : 
3448000: system.cpu: T0 : 0x80000318 @__init_libc+144    : addi                       : No_OpClass : 
3449000: system.cpu: T0 : 0x8000031c @__init_libc+148    : shlu                       : No_OpClass : 
3450000: system.cpu: T0 : 0x80000320 @__init_libc+152    : addi.rb                    : No_OpClass : 
3451000: system.cpu: T0 : 0x80000324 @__init_libc+156    : blockcopy                  : No_OpClass : 
3452000: system.cpu: T0 : 0x80000328 @__init_libc+160    : add                        : No_OpClass : 
3453000: system.cpu: T0 : 0x8000032c @__init_libc+164    : blockcopy                  : No_OpClass : 
3454000: system.cpu: T0 : 0x80000330 @__init_libc+168    : ld                         : MemRead :  A=0x7fffffffdf88
3455000: system.cpu: T0 : 0x80000334 @__init_libc+172    : blockcopy                  : No_OpClass : 
3456000: system.cpu: T0 : 0x80000338 @__init_libc+176    : st                         : MemWrite :  A=0x7fffffffde40
3457000: system.cpu: T0 : 0x8000033c @__init_libc+180    : addi                       : No_OpClass : 
3458000: system.cpu: T0 : 0x80000340 @__init_libc+184    : add                        : No_OpClass : 
3459000: system.cpu: T0 : 0x80000344 @__init_libc+188    : blockcopy                  : No_OpClass : 
3460000: system.cpu: T0 : 0x80000348 @__init_libc+192    : ld                         : MemRead :  A=0x7fffffffdf90
3461000: system.cpu: T0 : 0x8000034c @__init_libc+196    : addi                       : No_OpClass : 
3462000: system.cpu: T0 : 0x80000350 @__init_libc+200    : brnz                       : No_OpClass : 
3463000: system.cpu: T0 : 0x80000358 @__init_libc+208    : addi                       : No_OpClass : 
3464000: system.cpu: T0 : 0x8000035c @__init_libc+212    : cmpu                       : No_OpClass : 
3465000: system.cpu: T0 : 0x80000360 @__init_libc+216    : brp                        : No_OpClass : 
3466000: system.cpu: T0 : 0x80000364 @__init_libc+220    : jump -20                   : No_OpClass : 
3467000: system.cpu: T0 : 0x80000318 @__init_libc+144    : addi                       : No_OpClass : 
3468000: system.cpu: T0 : 0x8000031c @__init_libc+148    : shlu                       : No_OpClass : 
3469000: system.cpu: T0 : 0x80000320 @__init_libc+152    : addi.rb                    : No_OpClass : 
3470000: system.cpu: T0 : 0x80000324 @__init_libc+156    : blockcopy                  : No_OpClass : 
3471000: system.cpu: T0 : 0x80000328 @__init_libc+160    : add                        : No_OpClass : 
3472000: system.cpu: T0 : 0x8000032c @__init_libc+164    : blockcopy                  : No_OpClass : 
3473000: system.cpu: T0 : 0x80000330 @__init_libc+168    : ld                         : MemRead :  A=0x7fffffffdf98
3474000: system.cpu: T0 : 0x80000334 @__init_libc+172    : blockcopy                  : No_OpClass : 
3475000: system.cpu: T0 : 0x80000338 @__init_libc+176    : st                         : MemWrite :  A=0x7fffffffde68
3476000: system.cpu: T0 : 0x8000033c @__init_libc+180    : addi                       : No_OpClass : 
3477000: system.cpu: T0 : 0x80000340 @__init_libc+184    : add                        : No_OpClass : 
3478000: system.cpu: T0 : 0x80000344 @__init_libc+188    : blockcopy                  : No_OpClass : 
3479000: system.cpu: T0 : 0x80000348 @__init_libc+192    : ld                         : MemRead :  A=0x7fffffffdfa0
3480000: system.cpu: T0 : 0x8000034c @__init_libc+196    : addi                       : No_OpClass : 
3481000: system.cpu: T0 : 0x80000350 @__init_libc+200    : brnz                       : No_OpClass : 
3482000: system.cpu: T0 : 0x80000358 @__init_libc+208    : addi                       : No_OpClass : 
3483000: system.cpu: T0 : 0x8000035c @__init_libc+212    : cmpu                       : No_OpClass : 
3484000: system.cpu: T0 : 0x80000360 @__init_libc+216    : brp                        : No_OpClass : 
3485000: system.cpu: T0 : 0x80000364 @__init_libc+220    : jump -20                   : No_OpClass : 
3486000: system.cpu: T0 : 0x80000318 @__init_libc+144    : addi                       : No_OpClass : 
3487000: system.cpu: T0 : 0x8000031c @__init_libc+148    : shlu                       : No_OpClass : 
3488000: system.cpu: T0 : 0x80000320 @__init_libc+152    : addi.rb                    : No_OpClass : 
3489000: system.cpu: T0 : 0x80000324 @__init_libc+156    : blockcopy                  : No_OpClass : 
3490000: system.cpu: T0 : 0x80000328 @__init_libc+160    : add                        : No_OpClass : 
3491000: system.cpu: T0 : 0x8000032c @__init_libc+164    : blockcopy                  : No_OpClass : 
3492000: system.cpu: T0 : 0x80000330 @__init_libc+168    : ld                         : MemRead :  A=0x7fffffffdfa8
3493000: system.cpu: T0 : 0x80000334 @__init_libc+172    : blockcopy                  : No_OpClass : 
3494000: system.cpu: T0 : 0x80000338 @__init_libc+176    : st                         : MemWrite :  A=0x7fffffffde70
3495000: system.cpu: T0 : 0x8000033c @__init_libc+180    : addi                       : No_OpClass : 
3496000: system.cpu: T0 : 0x80000340 @__init_libc+184    : add                        : No_OpClass : 
3497000: system.cpu: T0 : 0x80000344 @__init_libc+188    : blockcopy                  : No_OpClass : 
3498000: system.cpu: T0 : 0x80000348 @__init_libc+192    : ld                         : MemRead :  A=0x7fffffffdfb0
3499000: system.cpu: T0 : 0x8000034c @__init_libc+196    : addi                       : No_OpClass : 
3500000: system.cpu: T0 : 0x80000350 @__init_libc+200    : brnz                       : No_OpClass : 
3501000: system.cpu: T0 : 0x80000358 @__init_libc+208    : addi                       : No_OpClass : 
3502000: system.cpu: T0 : 0x8000035c @__init_libc+212    : cmpu                       : No_OpClass : 
3503000: system.cpu: T0 : 0x80000360 @__init_libc+216    : brp                        : No_OpClass : 
3504000: system.cpu: T0 : 0x80000364 @__init_libc+220    : jump -20                   : No_OpClass : 
3505000: system.cpu: T0 : 0x80000318 @__init_libc+144    : addi                       : No_OpClass : 
3506000: system.cpu: T0 : 0x8000031c @__init_libc+148    : shlu                       : No_OpClass : 
3507000: system.cpu: T0 : 0x80000320 @__init_libc+152    : addi.rb                    : No_OpClass : 
3508000: system.cpu: T0 : 0x80000324 @__init_libc+156    : blockcopy                  : No_OpClass : 
3509000: system.cpu: T0 : 0x80000328 @__init_libc+160    : add                        : No_OpClass : 
3510000: system.cpu: T0 : 0x8000032c @__init_libc+164    : blockcopy                  : No_OpClass : 
3511000: system.cpu: T0 : 0x80000330 @__init_libc+168    : ld                         : MemRead :  A=0x7fffffffdfb8
3512000: system.cpu: T0 : 0x80000334 @__init_libc+172    : blockcopy                  : No_OpClass : 
3513000: system.cpu: T0 : 0x80000338 @__init_libc+176    : st                         : MemWrite :  A=0x7fffffffde78
3514000: system.cpu: T0 : 0x8000033c @__init_libc+180    : addi                       : No_OpClass : 
3515000: system.cpu: T0 : 0x80000340 @__init_libc+184    : add                        : No_OpClass : 
3516000: system.cpu: T0 : 0x80000344 @__init_libc+188    : blockcopy                  : No_OpClass : 
3517000: system.cpu: T0 : 0x80000348 @__init_libc+192    : ld                         : MemRead :  A=0x7fffffffdfc0
3518000: system.cpu: T0 : 0x8000034c @__init_libc+196    : addi                       : No_OpClass : 
3519000: system.cpu: T0 : 0x80000350 @__init_libc+200    : brnz                       : No_OpClass : 
3520000: system.cpu: T0 : 0x80000358 @__init_libc+208    : addi                       : No_OpClass : 
3521000: system.cpu: T0 : 0x8000035c @__init_libc+212    : cmpu                       : No_OpClass : 
3522000: system.cpu: T0 : 0x80000360 @__init_libc+216    : brp                        : No_OpClass : 
3523000: system.cpu: T0 : 0x80000364 @__init_libc+220    : jump -20                   : No_OpClass : 
3524000: system.cpu: T0 : 0x80000318 @__init_libc+144    : addi                       : No_OpClass : 
3525000: system.cpu: T0 : 0x8000031c @__init_libc+148    : shlu                       : No_OpClass : 
3526000: system.cpu: T0 : 0x80000320 @__init_libc+152    : addi.rb                    : No_OpClass : 
3527000: system.cpu: T0 : 0x80000324 @__init_libc+156    : blockcopy                  : No_OpClass : 
3528000: system.cpu: T0 : 0x80000328 @__init_libc+160    : add                        : No_OpClass : 
3529000: system.cpu: T0 : 0x8000032c @__init_libc+164    : blockcopy                  : No_OpClass : 
3530000: system.cpu: T0 : 0x80000330 @__init_libc+168    : ld                         : MemRead :  A=0x7fffffffdfc8
3531000: system.cpu: T0 : 0x80000334 @__init_libc+172    : blockcopy                  : No_OpClass : 
3532000: system.cpu: T0 : 0x80000338 @__init_libc+176    : st                         : MemWrite :  A=0x7fffffffde80
3533000: system.cpu: T0 : 0x8000033c @__init_libc+180    : addi                       : No_OpClass : 
3534000: system.cpu: T0 : 0x80000340 @__init_libc+184    : add                        : No_OpClass : 
3535000: system.cpu: T0 : 0x80000344 @__init_libc+188    : blockcopy                  : No_OpClass : 
3536000: system.cpu: T0 : 0x80000348 @__init_libc+192    : ld                         : MemRead :  A=0x7fffffffdfd0
3537000: system.cpu: T0 : 0x8000034c @__init_libc+196    : addi                       : No_OpClass : 
3538000: system.cpu: T0 : 0x80000350 @__init_libc+200    : brnz                       : No_OpClass : 
3539000: system.cpu: T0 : 0x80000358 @__init_libc+208    : addi                       : No_OpClass : 
3540000: system.cpu: T0 : 0x8000035c @__init_libc+212    : cmpu                       : No_OpClass : 
3541000: system.cpu: T0 : 0x80000360 @__init_libc+216    : brp                        : No_OpClass : 
3542000: system.cpu: T0 : 0x80000364 @__init_libc+220    : jump -20                   : No_OpClass : 
3543000: system.cpu: T0 : 0x80000318 @__init_libc+144    : addi                       : No_OpClass : 
3544000: system.cpu: T0 : 0x8000031c @__init_libc+148    : shlu                       : No_OpClass : 
3545000: system.cpu: T0 : 0x80000320 @__init_libc+152    : addi.rb                    : No_OpClass : 
3546000: system.cpu: T0 : 0x80000324 @__init_libc+156    : blockcopy                  : No_OpClass : 
3547000: system.cpu: T0 : 0x80000328 @__init_libc+160    : add                        : No_OpClass : 
3548000: system.cpu: T0 : 0x8000032c @__init_libc+164    : blockcopy                  : No_OpClass : 
3549000: system.cpu: T0 : 0x80000330 @__init_libc+168    : ld                         : MemRead :  A=0x7fffffffdfd8
3550000: system.cpu: T0 : 0x80000334 @__init_libc+172    : blockcopy                  : No_OpClass : 
3551000: system.cpu: T0 : 0x80000338 @__init_libc+176    : st                         : MemWrite :  A=0x7fffffffdec8
3552000: system.cpu: T0 : 0x8000033c @__init_libc+180    : addi                       : No_OpClass : 
3553000: system.cpu: T0 : 0x80000340 @__init_libc+184    : add                        : No_OpClass : 
3554000: system.cpu: T0 : 0x80000344 @__init_libc+188    : blockcopy                  : No_OpClass : 
3555000: system.cpu: T0 : 0x80000348 @__init_libc+192    : ld                         : MemRead :  A=0x7fffffffdfe0
3556000: system.cpu: T0 : 0x8000034c @__init_libc+196    : addi                       : No_OpClass : 
3557000: system.cpu: T0 : 0x80000350 @__init_libc+200    : brnz                       : No_OpClass : 
3558000: system.cpu: T0 : 0x80000358 @__init_libc+208    : addi                       : No_OpClass : 
3559000: system.cpu: T0 : 0x8000035c @__init_libc+212    : cmpu                       : No_OpClass : 
3560000: system.cpu: T0 : 0x80000360 @__init_libc+216    : brp                        : No_OpClass : 
3561000: system.cpu: T0 : 0x80000364 @__init_libc+220    : jump -20                   : No_OpClass : 
3562000: system.cpu: T0 : 0x80000318 @__init_libc+144    : addi                       : No_OpClass : 
3563000: system.cpu: T0 : 0x8000031c @__init_libc+148    : shlu                       : No_OpClass : 
3564000: system.cpu: T0 : 0x80000320 @__init_libc+152    : addi.rb                    : No_OpClass : 
3565000: system.cpu: T0 : 0x80000324 @__init_libc+156    : blockcopy                  : No_OpClass : 
3566000: system.cpu: T0 : 0x80000328 @__init_libc+160    : add                        : No_OpClass : 
3567000: system.cpu: T0 : 0x8000032c @__init_libc+164    : blockcopy                  : No_OpClass : 
3568000: system.cpu: T0 : 0x80000330 @__init_libc+168    : ld                         : MemRead :  A=0x7fffffffdfe8
3569000: system.cpu: T0 : 0x80000334 @__init_libc+172    : blockcopy                  : No_OpClass : 
3570000: system.cpu: T0 : 0x80000338 @__init_libc+176    : st                         : MemWrite :  A=0x7fffffffded8
3571000: system.cpu: T0 : 0x8000033c @__init_libc+180    : addi                       : No_OpClass : 
3572000: system.cpu: T0 : 0x80000340 @__init_libc+184    : add                        : No_OpClass : 
3573000: system.cpu: T0 : 0x80000344 @__init_libc+188    : blockcopy                  : No_OpClass : 
3574000: system.cpu: T0 : 0x80000348 @__init_libc+192    : ld                         : MemRead :  A=0x7fffffffdff0
3575000: system.cpu: T0 : 0x8000034c @__init_libc+196    : addi                       : No_OpClass : 
3576000: system.cpu: T0 : 0x80000350 @__init_libc+200    : brnz                       : No_OpClass : 
3577000: system.cpu: T0 : 0x80000354 @__init_libc+204    : jump 4                     : No_OpClass : 
3578000: system.cpu: T0 : 0x80000368 @__init_libc+224    : rela                       : No_OpClass : 
3579000: system.cpu: T0 : 0x8000036c @__init_libc+228    : addi.rb                    : No_OpClass : 
3580000: system.cpu: T0 : 0x80000370 @__init_libc+232    : ld                         : MemRead :  A=0x7fffffffde90
3581000: system.cpu: T0 : 0x80000374 @__init_libc+236    : st                         : MemWrite :  A=0x80008218
3582000: system.cpu: T0 : 0x80000378 @__init_libc+240    : ld                         : MemRead :  A=0x7fffffffdf10
3583000: system.cpu: T0 : 0x8000037c @__init_libc+244    : brz                        : No_OpClass : 
3584000: system.cpu: T0 : 0x80000390 @__init_libc+264    : addi                       : No_OpClass : 
3585000: system.cpu: T0 : 0x80000394 @__init_libc+268    : blockcopy                  : No_OpClass : 
3586000: system.cpu: T0 : 0x80000398 @__init_libc+272    : cmps                       : No_OpClass : 
3587000: system.cpu: T0 : 0x8000039c @__init_libc+276    : sub                        : No_OpClass : 
3588000: system.cpu: T0 : 0x800003a0 @__init_libc+280    : orr                        : No_OpClass : 
3589000: system.cpu: T0 : 0x800003a4 @__init_libc+284    : addi                       : No_OpClass : 
3590000: system.cpu: T0 : 0x800003a8 @__init_libc+288    : xor                        : No_OpClass : 
3591000: system.cpu: T0 : 0x800003ac @__init_libc+292    : addi                       : No_OpClass : 
3592000: system.cpu: T0 : 0x800003b0 @__init_libc+296    : shru                       : No_OpClass : 
3593000: system.cpu: T0 : 0x800003b4 @__init_libc+300    : ld                         : MemRead :  A=0x7fffffffdf08
3594000: system.cpu: T0 : 0x800003b8 @__init_libc+304    : csz                        : No_OpClass : 
3595000: system.cpu: T0 : 0x800003bc @__init_libc+308    : rela                       : No_OpClass : 
3596000: system.cpu: T0 : 0x800003c0 @__init_libc+312    : addi.rb                    : No_OpClass : 
3597000: system.cpu: T0 : 0x800003c4 @__init_libc+316    : ld                         : MemRead :  A=0x7fffffffde40
3598000: system.cpu: T0 : 0x800003c8 @__init_libc+320    : st                         : MemWrite :  A=0x800081e0
3599000: system.cpu: T0 : 0x800003cc @__init_libc+324    : cmps                       : No_OpClass : 
3600000: system.cpu: T0 : 0x800003d0 @__init_libc+328    : sub                        : No_OpClass : 
3601000: system.cpu: T0 : 0x800003d4 @__init_libc+332    : orr                        : No_OpClass : 
3602000: system.cpu: T0 : 0x800003d8 @__init_libc+336    : xor                        : No_OpClass : 
3603000: system.cpu: T0 : 0x800003dc @__init_libc+340    : shru                       : No_OpClass : 
3604000: system.cpu: T0 : 0x800003e0 @__init_libc+344    : rela                       : No_OpClass : 
3605000: system.cpu: T0 : 0x800003e4 @__init_libc+348    : addi.rb                    : No_OpClass : 
3606000: system.cpu: T0 : 0x800003e8 @__init_libc+352    : blockcopy                  : No_OpClass : 
3607000: system.cpu: T0 : 0x800003ec @__init_libc+356    : csz                        : No_OpClass : 
3608000: system.cpu: T0 : 0x800003f0 @__init_libc+360    : rela                       : No_OpClass : 
3609000: system.cpu: T0 : 0x800003f4 @__init_libc+364    : addi.rb                    : No_OpClass : 
3610000: system.cpu: T0 : 0x800003f8 @__init_libc+368    : st                         : MemWrite :  A=0x800081a8
3611000: system.cpu: T0 : 0x800003fc @__init_libc+372    : rela                       : No_OpClass : 
3612000: system.cpu: T0 : 0x80000400 @__init_libc+376    : addi.rb                    : No_OpClass : 
3613000: system.cpu: T0 : 0x80000404 @__init_libc+380    : st                         : MemWrite :  A=0x800081a0
3614000: system.cpu: T0 : 0x80000408 @__init_libc+384    : addi                       : No_OpClass : 
3615000: system.cpu: T0 : 0x8000040c @__init_libc+388    : add                        : No_OpClass : 
3616000: system.cpu: T0 : 0x80000410 @__init_libc+392    : blockcopy                  : No_OpClass : 
3617000: system.cpu: T0 : 0x80000414 @__init_libc+396    : ld                         : MemRead :  A=0x800000b8
3618000: system.cpu: T0 : 0x80000418 @__init_libc+400    : addi                       : No_OpClass : 
3619000: system.cpu: T0 : 0x8000041c @__init_libc+404    : breq                       : No_OpClass : 
3620000: system.cpu: T0 : 0x80000420 @__init_libc+408    : jump 0                     : No_OpClass : 
3621000: system.cpu: T0 : 0x80000424 @__init_libc+412    : brz                        : No_OpClass : 
3622000: system.cpu: T0 : 0x80000428 @__init_libc+416    : jump 3                     : No_OpClass : 
3623000: system.cpu: T0 : 0x80000438 @__init_libc+432    : addi                       : No_OpClass : 
3624000: system.cpu: T0 : 0x8000043c @__init_libc+436    : add                        : No_OpClass : 
3625000: system.cpu: T0 : 0x80000440 @__init_libc+440    : jump -13                   : No_OpClass : 
3626000: system.cpu: T0 : 0x80000410 @__init_libc+392    : blockcopy                  : No_OpClass : 
3627000: system.cpu: T0 : 0x80000414 @__init_libc+396    : ld                         : MemRead :  A=0x800000b9
3628000: system.cpu: T0 : 0x80000418 @__init_libc+400    : addi                       : No_OpClass : 
3629000: system.cpu: T0 : 0x8000041c @__init_libc+404    : breq                       : No_OpClass : 
3630000: system.cpu: T0 : 0x80000420 @__init_libc+408    : jump 0                     : No_OpClass : 
3631000: system.cpu: T0 : 0x80000424 @__init_libc+412    : brz                        : No_OpClass : 
3632000: system.cpu: T0 : 0x80000428 @__init_libc+416    : jump 3                     : No_OpClass : 
3633000: system.cpu: T0 : 0x80000438 @__init_libc+432    : addi                       : No_OpClass : 
3634000: system.cpu: T0 : 0x8000043c @__init_libc+436    : add                        : No_OpClass : 
3635000: system.cpu: T0 : 0x80000440 @__init_libc+440    : jump -13                   : No_OpClass : 
3636000: system.cpu: T0 : 0x80000410 @__init_libc+392    : blockcopy                  : No_OpClass : 
3637000: system.cpu: T0 : 0x80000414 @__init_libc+396    : ld                         : MemRead :  A=0x800000ba
3638000: system.cpu: T0 : 0x80000418 @__init_libc+400    : addi                       : No_OpClass : 
3639000: system.cpu: T0 : 0x8000041c @__init_libc+404    : breq                       : No_OpClass : 
3640000: system.cpu: T0 : 0x80000420 @__init_libc+408    : jump 0                     : No_OpClass : 
3641000: system.cpu: T0 : 0x80000424 @__init_libc+412    : brz                        : No_OpClass : 
3642000: system.cpu: T0 : 0x80000428 @__init_libc+416    : jump 3                     : No_OpClass : 
3643000: system.cpu: T0 : 0x80000438 @__init_libc+432    : addi                       : No_OpClass : 
3644000: system.cpu: T0 : 0x8000043c @__init_libc+436    : add                        : No_OpClass : 
3645000: system.cpu: T0 : 0x80000440 @__init_libc+440    : jump -13                   : No_OpClass : 
3646000: system.cpu: T0 : 0x80000410 @__init_libc+392    : blockcopy                  : No_OpClass : 
3647000: system.cpu: T0 : 0x80000414 @__init_libc+396    : ld                         : MemRead :  A=0x800000bb
3648000: system.cpu: T0 : 0x80000418 @__init_libc+400    : addi                       : No_OpClass : 
3649000: system.cpu: T0 : 0x8000041c @__init_libc+404    : breq                       : No_OpClass : 
3650000: system.cpu: T0 : 0x80000420 @__init_libc+408    : jump 0                     : No_OpClass : 
3651000: system.cpu: T0 : 0x80000424 @__init_libc+412    : brz                        : No_OpClass : 
3652000: system.cpu: T0 : 0x80000428 @__init_libc+416    : jump 3                     : No_OpClass : 
3653000: system.cpu: T0 : 0x80000438 @__init_libc+432    : addi                       : No_OpClass : 
3654000: system.cpu: T0 : 0x8000043c @__init_libc+436    : add                        : No_OpClass : 
3655000: system.cpu: T0 : 0x80000440 @__init_libc+440    : jump -13                   : No_OpClass : 
3656000: system.cpu: T0 : 0x80000410 @__init_libc+392    : blockcopy                  : No_OpClass : 
3657000: system.cpu: T0 : 0x80000414 @__init_libc+396    : ld                         : MemRead :  A=0x800000bc
3658000: system.cpu: T0 : 0x80000418 @__init_libc+400    : addi                       : No_OpClass : 
3659000: system.cpu: T0 : 0x8000041c @__init_libc+404    : breq                       : No_OpClass : 
3660000: system.cpu: T0 : 0x80000420 @__init_libc+408    : jump 0                     : No_OpClass : 
3661000: system.cpu: T0 : 0x80000424 @__init_libc+412    : brz                        : No_OpClass : 
3662000: system.cpu: T0 : 0x80000444 @__init_libc+444    : addi.rb                    : No_OpClass : 
3663000: system.cpu: T0 : 0x80000448 @__init_libc+448    : call                       : No_OpClass : 
3664000: system.cpu: T0 : 0x8000098c @__init_tls    : addi.rb                    : No_OpClass : 
3665000: system.cpu: T0 : 0x80000990 @__init_tls+4    : st                         : MemWrite :  A=0x7fffffffdde0
3666000: system.cpu: T0 : 0x80000994 @__init_tls+8    : st                         : MemWrite :  A=0x7fffffffddd8
3667000: system.cpu: T0 : 0x80000998 @__init_tls+12    : st                         : MemWrite :  A=0x7fffffffddd0
3668000: system.cpu: T0 : 0x8000099c @__init_tls+16    : st                         : MemWrite :  A=0x7fffffffddc8
3669000: system.cpu: T0 : 0x800009a0 @__init_tls+20    : ld                         : MemRead :  A=0x7fffffffde28
3670000: system.cpu: T0 : 0x800009a4 @__init_tls+24    : ld                         : MemRead :  A=0x7fffffffde38
3671000: system.cpu: T0 : 0x800009a8 @__init_tls+28    : brz                        : No_OpClass : 
3672000: system.cpu: T0 : 0x80000aec @__init_tls+352    : rela                       : No_OpClass : 
3673000: system.cpu: T0 : 0x80000af0 @__init_tls+356    : addi.rb                    : No_OpClass : 
3674000: system.cpu: T0 : 0x80000af4 @__init_tls+360    : ld                         : MemRead :  A=0x80008028
3675000: system.cpu: T0 : 0x80000af8 @__init_tls+364    : rela                       : No_OpClass : 
3676000: system.cpu: T0 : 0x80000afc @__init_tls+368    : addi.rb                    : No_OpClass : 
3677000: system.cpu: T0 : 0x80000b00 @__init_tls+372    : ld                         : MemRead :  A=0x80008038
3678000: system.cpu: T0 : 0x80000b04 @__init_tls+376    : rela                       : No_OpClass : 
3679000: system.cpu: T0 : 0x80000b08 @__init_tls+380    : addi.rb                    : No_OpClass : 
3680000: system.cpu: T0 : 0x80000b0c @__init_tls+384    : ld                         : MemRead :  A=0x80008040
3681000: system.cpu: T0 : 0x80000b10 @__init_tls+388    : add                        : No_OpClass : 
3682000: system.cpu: T0 : 0x80000b14 @__init_tls+392    : addi                       : No_OpClass : 
3683000: system.cpu: T0 : 0x80000b18 @__init_tls+396    : sub                        : No_OpClass : 
3684000: system.cpu: T0 : 0x80000b1c @__init_tls+400    : addi                       : No_OpClass : 
3685000: system.cpu: T0 : 0x80000b20 @__init_tls+404    : add                        : No_OpClass : 
3686000: system.cpu: T0 : 0x80000b24 @__init_tls+408    : and                        : No_OpClass : 
3687000: system.cpu: T0 : 0x80000b28 @__init_tls+412    : and                        : No_OpClass : 
3688000: system.cpu: T0 : 0x80000b2c @__init_tls+416    : rela                       : No_OpClass : 
3689000: system.cpu: T0 : 0x80000b30 @__init_tls+420    : addi.rb                    : No_OpClass : 
3690000: system.cpu: T0 : 0x80000b34 @__init_tls+424    : st                         : MemWrite :  A=0x80008048
3691000: system.cpu: T0 : 0x80000b38 @__init_tls+428    : add                        : No_OpClass : 
3692000: system.cpu: T0 : 0x80000b3c @__init_tls+432    : rela                       : No_OpClass : 
3693000: system.cpu: T0 : 0x80000b40 @__init_tls+436    : addi.rb                    : No_OpClass : 
3694000: system.cpu: T0 : 0x80000b44 @__init_tls+440    : st                         : MemWrite :  A=0x80008038
3695000: system.cpu: T0 : 0x80000b48 @__init_tls+444    : addi                       : No_OpClass : 
3696000: system.cpu: T0 : 0x80000b4c @__init_tls+448    : cmpu                       : No_OpClass : 
3697000: system.cpu: T0 : 0x80000b50 @__init_tls+452    : brp                        : No_OpClass : 
3698000: system.cpu: T0 : 0x80000b54 @__init_tls+456    : jump 0                     : No_OpClass : 
3699000: system.cpu: T0 : 0x80000b58 @__init_tls+460    : rela                       : No_OpClass : 
3700000: system.cpu: T0 : 0x80000b5c @__init_tls+464    : addi.rb                    : No_OpClass : 
3701000: system.cpu: T0 : 0x80000b60 @__init_tls+468    : addi                       : No_OpClass : 
3702000: system.cpu: T0 : 0x80000b64 @__init_tls+472    : st                         : MemWrite :  A=0x80008040
3703000: system.cpu: T0 : 0x80000b68 @__init_tls+476    : add                        : No_OpClass : 
3704000: system.cpu: T0 : 0x80000b6c @__init_tls+480    : rela                       : No_OpClass : 
3705000: system.cpu: T0 : 0x80000b70 @__init_tls+484    : addi.rb                    : No_OpClass : 
3706000: system.cpu: T0 : 0x80000b74 @__init_tls+488    : st                         : MemWrite :  A=0x800081d0
3707000: system.cpu: T0 : 0x80000b78 @__init_tls+492    : add                        : No_OpClass : 
3708000: system.cpu: T0 : 0x80000b7c @__init_tls+496    : addi                       : No_OpClass : 
3709000: system.cpu: T0 : 0x80000b80 @__init_tls+500    : add                        : No_OpClass : 
3710000: system.cpu: T0 : 0x80000b84 @__init_tls+504    : addi                       : No_OpClass : 
3711000: system.cpu: T0 : 0x80000b88 @__init_tls+508    : and                        : No_OpClass : 
3712000: system.cpu: T0 : 0x80000b8c @__init_tls+512    : rela                       : No_OpClass : 
3713000: system.cpu: T0 : 0x80000b90 @__init_tls+516    : addi.rb                    : No_OpClass : 
3714000: system.cpu: T0 : 0x80000b94 @__init_tls+520    : st                         : MemWrite :  A=0x800081c8
3715000: system.cpu: T0 : 0x80000b98 @__init_tls+524    : rela                       : No_OpClass : 
3716000: system.cpu: T0 : 0x80000b9c @__init_tls+528    : addi.rb                    : No_OpClass : 
3717000: system.cpu: T0 : 0x80000ba0 @__init_tls+532    : blockcopy                  : No_OpClass : 
3718000: system.cpu: T0 : 0x80000ba4 @__init_tls+536    : addi                       : No_OpClass : 
3719000: system.cpu: T0 : 0x80000ba8 @__init_tls+540    : cmpu                       : No_OpClass : 
3720000: system.cpu: T0 : 0x80000bac @__init_tls+544    : brn                        : No_OpClass : 
3721000: system.cpu: T0 : 0x80000be8 @__init_tls+604    : rela                       : No_OpClass : 
3722000: system.cpu: T0 : 0x80000bec @__init_tls+608    : addi.rb                    : No_OpClass : 
3723000: system.cpu: T0 : 0x80000bf0 @__init_tls+612    : ld                         : MemRead :  A=0x800081d8
3724000: system.cpu: T0 : 0x80000bf4 @__init_tls+616    : addi                       : No_OpClass : 
3725000: system.cpu: T0 : 0x80000bf8 @__init_tls+620    : add                        : No_OpClass : 
3726000: system.cpu: T0 : 0x80000bfc @__init_tls+624    : xor                        : No_OpClass : 
3727000: system.cpu: T0 : 0x80000c00 @__init_tls+628    : addi                       : No_OpClass : 
3728000: system.cpu: T0 : 0x80000c04 @__init_tls+632    : shlu                       : No_OpClass : 
3729000: system.cpu: T0 : 0x80000c08 @__init_tls+636    : add                        : No_OpClass : 
3730000: system.cpu: T0 : 0x80000c0c @__init_tls+640    : add                        : No_OpClass : 
3731000: system.cpu: T0 : 0x80000c10 @__init_tls+644    : addi                       : No_OpClass : 
3732000: system.cpu: T0 : 0x80000c14 @__init_tls+648    : sub                        : No_OpClass : 
3733000: system.cpu: T0 : 0x80000c18 @__init_tls+652    : and                        : No_OpClass : 
3734000: system.cpu: T0 : 0x80000c1c @__init_tls+656    : add                        : No_OpClass : 
3735000: system.cpu: T0 : 0x80000c20 @__init_tls+660    : addi                       : No_OpClass : 
3736000: system.cpu: T0 : 0x80000c24 @__init_tls+664    : add                        : No_OpClass : 
3737000: system.cpu: T0 : 0x80000c28 @__init_tls+668    : rela                       : No_OpClass : 
3738000: system.cpu: T0 : 0x80000c2c @__init_tls+672    : addi.rb                    : No_OpClass : 
3739000: system.cpu: T0 : 0x80000c30 @__init_tls+676    : ld                         : MemRead :  A=0x800081c0
3740000: system.cpu: T0 : 0x80000c34 @__init_tls+680    : brz                        : No_OpClass : 
3741000: system.cpu: T0 : 0x80000ca4 @__init_tls+792    : blockcopy                  : No_OpClass : 
3742000: system.cpu: T0 : 0x80000ca8 @__init_tls+796    : st                         : MemWrite :  A=0x80008128
3743000: system.cpu: T0 : 0x80000cac @__init_tls+800    : blockcopy                  : No_OpClass : 
3744000: system.cpu: T0 : 0x80000cb0 @__init_tls+804    : st                         : MemWrite :  A=0x80008110
3745000: system.cpu: T0 : 0x80000cb4 @__init_tls+808    : st                         : MemWrite :  A=0x80008050
3746000: system.cpu: T0 : 0x80000cb8 @__init_tls+812    : blockcopy                  : No_OpClass : 
3747000: system.cpu: T0 : 0x80000cbc @__init_tls+816    : call                       : No_OpClass : 
3748000: system.cpu: T0 : 0x80000d6c @__set_thread_area    : blockcopy                  : No_OpClass : 
3749000: system.cpu: T0 : 0x80000d70 @__set_thread_area+4    : ret                        : No_OpClass : 
3750000: system.cpu: T0 : 0x80000cc0 @__init_tls+820    : exts                       : No_OpClass : 
3751000: system.cpu: T0 : 0x80000cc4 @__init_tls+824    : addi                       : No_OpClass : 
3752000: system.cpu: T0 : 0x80000cc8 @__init_tls+828    : cmps                       : No_OpClass : 
3753000: system.cpu: T0 : 0x80000ccc @__init_tls+832    : brn                        : No_OpClass : 
3754000: system.cpu: T0 : 0x80000cd0 @__init_tls+836    : jump 0                     : No_OpClass : 
3755000: system.cpu: T0 : 0x80000cd4 @__init_tls+840    : brnz                       : No_OpClass : 
3756000: system.cpu: T0 : 0x80000cd8 @__init_tls+844    : jump 0                     : No_OpClass : 
3757000: system.cpu: T0 : 0x80000cdc @__init_tls+848    : rela                       : No_OpClass : 
3758000: system.cpu: T0 : 0x80000ce0 @__init_tls+852    : addi.rb                    : No_OpClass : 
3759000: system.cpu: T0 : 0x80000ce4 @__init_tls+856    : addi                       : No_OpClass : 
3760000: system.cpu: T0 : 0x80000ce8 @__init_tls+860    : st                         : MemWrite :  A=0x800081b0
3761000: system.cpu: T0 : 0x80000cec @__init_tls+864    : addi                       : No_OpClass : 
3762000: system.cpu: T0 : 0x80000cf0 @__init_tls+868    : blockcopy                  : No_OpClass : 
3763000: system.cpu: T0 : 0x80000cf4 @__init_tls+872    : st                         : MemWrite :  A=0x80008078
3764000: system.cpu: T0 : 0x80000cf8 @__init_tls+876    : rela                       : No_OpClass : 
3765000: system.cpu: T0 : 0x80000cfc @__init_tls+880    : addi.rb                    : No_OpClass : 
3766000: system.cpu: T0 : 0x80000d00 @__init_tls+884    : addi                       : No_OpClass : 
3767000: system.cpu: T0 : 0x80000d04 @__init_tls+888    : blockcopy                  : No_OpClass : 
3768000: system.cpu: T0 : 0x80000d08 @__init_tls+892    : trap                       : No_OpClass : 
3769000: system.cpu: T0 : 0x80000d0c @__init_tls+896    : rela                       : No_OpClass : 
3770000: system.cpu: T0 : 0x80000d10 @__init_tls+900    : addi.rb                    : No_OpClass : 
3771000: system.cpu: T0 : 0x80000d14 @__init_tls+904    : blockcopy                  : No_OpClass : 
3772000: system.cpu: T0 : 0x80000d18 @__init_tls+908    : st                         : MemWrite :  A=0x800080e8
3773000: system.cpu: T0 : 0x80000d1c @__init_tls+912    : st                         : MemWrite :  A=0x80008070
3774000: system.cpu: T0 : 0x80000d20 @__init_tls+916    : addi                       : No_OpClass : 
3775000: system.cpu: T0 : 0x80000d24 @__init_tls+920    : add                        : No_OpClass : 
3776000: system.cpu: T0 : 0x80000d28 @__init_tls+924    : st                         : MemWrite :  A=0x800080c8
3777000: system.cpu: T0 : 0x80000d2c @__init_tls+928    : rela                       : No_OpClass : 
3778000: system.cpu: T0 : 0x80000d30 @__init_tls+932    : addi.rb                    : No_OpClass : 
3779000: system.cpu: T0 : 0x80000d34 @__init_tls+936    : ld                         : MemRead :  A=0x80008220
3780000: system.cpu: T0 : 0x80000d38 @__init_tls+940    : st                         : MemWrite :  A=0x80008068
3781000: system.cpu: T0 : 0x80000d3c @__init_tls+944    : st                         : MemWrite :  A=0x80008058
3782000: system.cpu: T0 : 0x80000d40 @__init_tls+948    : st                         : MemWrite :  A=0x80008060
3783000: system.cpu: T0 : 0x80000d44 @__init_tls+952    : jump 3                     : No_OpClass : 
3784000: system.cpu: T0 : 0x80000d54 @__init_tls+968    : ld                         : MemRead :  A=0x7fffffffddc8
3785000: system.cpu: T0 : 0x80000d58 @__init_tls+972    : ld                         : MemRead :  A=0x7fffffffddd0
3786000: system.cpu: T0 : 0x80000d5c @__init_tls+976    : ld                         : MemRead :  A=0x7fffffffddd8
3787000: system.cpu: T0 : 0x80000d60 @__init_tls+980    : ld                         : MemRead :  A=0x7fffffffdde0
3788000: system.cpu: T0 : 0x80000d64 @__init_tls+984    : addi.rb                    : No_OpClass : 
3789000: system.cpu: T0 : 0x80000d68 @__init_tls+988    : ret                        : No_OpClass : 
3790000: system.cpu: T0 : 0x8000044c @__init_libc+452    : ld                         : MemRead :  A=0x7fffffffded8
3791000: system.cpu: T0 : 0x80000450 @__init_libc+456    : blockcopy                  : No_OpClass : 
3792000: system.cpu: T0 : 0x80000454 @__init_libc+460    : call                       : No_OpClass : 
3793000: system.cpu: T0 : 0x80000284 @__init_ssp    : ret                        : No_OpClass : 
3794000: system.cpu: T0 : 0x80000458 @__init_libc+464    : ld                         : MemRead :  A=0x7fffffffde70
3795000: system.cpu: T0 : 0x8000045c @__init_libc+468    : ld                         : MemRead :  A=0x7fffffffde68
3796000: system.cpu: T0 : 0x80000460 @__init_libc+472    : brne                       : No_OpClass : 
3797000: system.cpu: T0 : 0x80000464 @__init_libc+476    : jump 0                     : No_OpClass : 
3798000: system.cpu: T0 : 0x80000468 @__init_libc+480    : ld                         : MemRead :  A=0x7fffffffdec8
3799000: system.cpu: T0 : 0x8000046c @__init_libc+484    : ld                         : MemRead :  A=0x7fffffffde80
3800000: system.cpu: T0 : 0x80000470 @__init_libc+488    : ld                         : MemRead :  A=0x7fffffffde78
3801000: system.cpu: T0 : 0x80000474 @__init_libc+492    : brne                       : No_OpClass : 
3802000: system.cpu: T0 : 0x80000478 @__init_libc+496    : jump 0                     : No_OpClass : 
3803000: system.cpu: T0 : 0x8000047c @__init_libc+500    : brz                        : No_OpClass : 
3804000: system.cpu: T0 : 0x8000064c @__init_libc+964    : addi.rb                    : No_OpClass : 
3805000: system.cpu: T0 : 0x80000650 @__init_libc+968    : ret                        : No_OpClass : 
3806000: system.cpu: T0 : 0x80000720 @__libc_start_main+64    : rela                       : No_OpClass : 
3807000: system.cpu: T0 : 0x80000724 @__libc_start_main+68    : addi.rb                    : No_OpClass : 
3808000: system.cpu: T0 : 0x80000728 @__libc_start_main+72    : blockcopy                  : No_OpClass : 
3809000: system.cpu: T0 : 0x8000072c @__libc_start_main+76    : st                         : MemWrite :  A=0x7fffffffdf50
3810000: system.cpu: T0 : 0x80000730 @__libc_start_main+80    : ld                         : MemRead :  A=0x7fffffffdf50
3811000: system.cpu: T0 : 0x80000734 @__libc_start_main+84    : ld                         : MemRead :  A=0x7fffffffdf48
3812000: system.cpu: T0 : 0x80000738 @__libc_start_main+88    : addi                       : No_OpClass : 
3813000: system.cpu: T0 : 0x8000073c @__libc_start_main+92    : ld                         : MemRead :  A=0x7fffffffdf40
3814000: system.cpu: T0 : 0x80000740 @__libc_start_main+96    : blockcopy                  : No_OpClass : 
3815000: system.cpu: T0 : 0x80000744 @__libc_start_main+100    : call                       : No_OpClass : 
3816000: system.cpu: T0 : 0x80000754 @libc_start_main_stage2    : addi.rb                    : No_OpClass : 
3817000: system.cpu: T0 : 0x80000758 @libc_start_main_stage2+4    : st                         : MemWrite :  A=0x7fffffffdf38
3818000: system.cpu: T0 : 0x8000075c @libc_start_main_stage2+8    : st                         : MemWrite :  A=0x7fffffffdf30
3819000: system.cpu: T0 : 0x80000760 @libc_start_main_stage2+12    : st                         : MemWrite :  A=0x7fffffffdf20
3820000: system.cpu: T0 : 0x80000764 @libc_start_main_stage2+16    : addi                       : No_OpClass : 
3821000: system.cpu: T0 : 0x80000768 @libc_start_main_stage2+20    : st                         : MemWrite :  A=0x7fffffffdf28
3822000: system.cpu: T0 : 0x8000076c @libc_start_main_stage2+24    : exts                       : No_OpClass : 
3823000: system.cpu: T0 : 0x80000770 @libc_start_main_stage2+28    : addi                       : No_OpClass : 
3824000: system.cpu: T0 : 0x80000774 @libc_start_main_stage2+32    : shlu                       : No_OpClass : 
3825000: system.cpu: T0 : 0x80000778 @libc_start_main_stage2+36    : blockcopy                  : No_OpClass : 
3826000: system.cpu: T0 : 0x8000077c @libc_start_main_stage2+40    : add                        : No_OpClass : 
3827000: system.cpu: T0 : 0x80000780 @libc_start_main_stage2+44    : addi                       : No_OpClass : 
3828000: system.cpu: T0 : 0x80000784 @libc_start_main_stage2+48    : add                        : No_OpClass : 
3829000: system.cpu: T0 : 0x80000788 @libc_start_main_stage2+52    : call                       : No_OpClass : 
3830000: system.cpu: T0 : 0x80000668 @__libc_start_init    : addi.rb                    : No_OpClass : 
3831000: system.cpu: T0 : 0x8000066c @__libc_start_init+4    : st                         : MemWrite :  A=0x7fffffffdf18
3832000: system.cpu: T0 : 0x80000670 @__libc_start_init+8    : rela                       : No_OpClass : 
3833000: system.cpu: T0 : 0x80000674 @__libc_start_init+12    : addi.rb                    : No_OpClass : 
3834000: system.cpu: T0 : 0x80000678 @__libc_start_init+16    : rela                       : No_OpClass : 
3835000: system.cpu: T0 : 0x8000067c @__libc_start_init+20    : addi.rb                    : No_OpClass : 
3836000: system.cpu: T0 : 0x80000680 @__libc_start_init+24    : blockcopy                  : No_OpClass : 
3837000: system.cpu: T0 : 0x80000684 @__libc_start_init+28    : blockcopy                  : No_OpClass : 
3838000: system.cpu: T0 : 0x80000688 @__libc_start_init+32    : cmpu                       : No_OpClass : 
3839000: system.cpu: T0 : 0x8000068c @__libc_start_init+36    : call                       : No_OpClass : 
3840000: system.cpu: T0 : 0x80000280 @_init    : ret                        : No_OpClass : 
3841000: system.cpu: T0 : 0x80000690 @__libc_start_init+40    : brnn                       : No_OpClass : 
3842000: system.cpu: T0 : 0x800006d4 @__libc_start_init+108    : ld                         : MemRead :  A=0x7fffffffdf18
3843000: system.cpu: T0 : 0x800006d8 @__libc_start_init+112    : addi.rb                    : No_OpClass : 
3844000: system.cpu: T0 : 0x800006dc @__libc_start_init+116    : ret                        : No_OpClass : 
3845000: system.cpu: T0 : 0x8000078c @libc_start_main_stage2+56    : addi                       : No_OpClass : 
3846000: system.cpu: T0 : 0x80000790 @libc_start_main_stage2+60    : ld                         : MemRead :  A=0x7fffffffdf20
3847000: system.cpu: T0 : 0x80000794 @libc_start_main_stage2+64    : blockcopy                  : No_OpClass : 
3848000: system.cpu: T0 : 0x80000798 @libc_start_main_stage2+68    : ld                         : MemRead :  A=0x7fffffffdf28
3849000: system.cpu: T0 : 0x8000079c @libc_start_main_stage2+72    : blockcopy                  : No_OpClass : 
3850000: system.cpu: T0 : 0x800007a0 @libc_start_main_stage2+76    : blockcopy                  : No_OpClass : 
3851000: system.cpu: T0 : 0x800007a4 @libc_start_main_stage2+80    : call                       : No_OpClass : 
3852000: system.cpu: T0 : 0x80000110 @main    : addi.rb                    : No_OpClass : 
3853000: system.cpu: T0 : 0x80000114 @main+4    : setzw                      : No_OpClass : 
3854000: system.cpu: T0 : 0x80000118 @main+8    : orw                        : No_OpClass : 
3855000: system.cpu: T0 : 0x8000011c @main+12    : call                       : No_OpClass : 
3856000: system.cpu: T0 : 0x800046dc @malloc    : addi.rb                    : No_OpClass : 
3857000: system.cpu: T0 : 0x800046e0 @malloc+4    : st                         : MemWrite :  A=0x7fffffffdef8
3858000: system.cpu: T0 : 0x800046e4 @malloc+8    : ld                         : MemRead :  A=0x7fffffffdef8
3859000: system.cpu: T0 : 0x800046e8 @malloc+12    : call                       : No_OpClass : 
3860000: system.cpu: T0 : 0x8000355c @__libc_malloc_impl    : addi.rb                    : No_OpClass : 
3861000: system.cpu: T0 : 0x80003560 @__libc_malloc_impl+4    : st                         : MemWrite :  A=0x7fffffffdee8
3862000: system.cpu: T0 : 0x80003564 @__libc_malloc_impl+8    : ld                         : MemRead :  A=0x7fffffffdee8
3863000: system.cpu: T0 : 0x80003568 @__libc_malloc_impl+12    : call                       : No_OpClass : 
3864000: system.cpu: T0 : 0x80003ac4 @size_overflows    : addi.rb                    : No_OpClass : 
3865000: system.cpu: T0 : 0x80003ac8 @size_overflows+4    : st                         : MemWrite :  A=0x7fffffffde88
3866000: system.cpu: T0 : 0x80003acc @size_overflows+8    : ld                         : MemRead :  A=0x7fffffffde88
3867000: system.cpu: T0 : 0x80003ad0 @size_overflows+12    : setzw                      : No_OpClass : 
3868000: system.cpu: T0 : 0x80003ad4 @size_overflows+16    : orw                        : No_OpClass : 
3869000: system.cpu: T0 : 0x80003ad8 @size_overflows+20    : orw                        : No_OpClass : 
3870000: system.cpu: T0 : 0x80003adc @size_overflows+24    : orw                        : No_OpClass : 
3871000: system.cpu: T0 : 0x80003ae0 @size_overflows+28    : cmpu                       : No_OpClass : 
3872000: system.cpu: T0 : 0x80003ae4 @size_overflows+32    : brn                        : No_OpClass : 
3873000: system.cpu: T0 : 0x80003b10 @size_overflows+76    : addi.rb                    : No_OpClass : 
3874000: system.cpu: T0 : 0x80003b14 @size_overflows+80    : addi                       : No_OpClass : 
3875000: system.cpu: T0 : 0x80003b18 @size_overflows+84    : st                         : MemWrite :  A=0x7fffffffde94
3876000: system.cpu: T0 : 0x80003b1c @size_overflows+88    : jump 0                     : No_OpClass : 
3877000: system.cpu: T0 : 0x80003b20 @size_overflows+92    : addi.rb                    : No_OpClass : 
3878000: system.cpu: T0 : 0x80003b24 @size_overflows+96    : ld                         : MemRead :  A=0x7fffffffde94
3879000: system.cpu: T0 : 0x80003b28 @size_overflows+100    : addi.rb                    : No_OpClass : 
3880000: system.cpu: T0 : 0x80003b2c @size_overflows+104    : ret                        : No_OpClass : 
3881000: system.cpu: T0 : 0x8000356c @__libc_malloc_impl+16    : setzw                      : No_OpClass : 
3882000: system.cpu: T0 : 0x80003570 @__libc_malloc_impl+20    : orw                        : No_OpClass : 
3883000: system.cpu: T0 : 0x80003574 @__libc_malloc_impl+24    : and                        : No_OpClass : 
3884000: system.cpu: T0 : 0x80003578 @__libc_malloc_impl+28    : brz                        : No_OpClass : 
3885000: system.cpu: T0 : 0x8000358c @__libc_malloc_impl+48    : ld                         : MemRead :  A=0x7fffffffdee8
3886000: system.cpu: T0 : 0x80003590 @__libc_malloc_impl+52    : setzw                      : No_OpClass : 
3887000: system.cpu: T0 : 0x80003594 @__libc_malloc_impl+56    : orw                        : No_OpClass : 
3888000: system.cpu: T0 : 0x80003598 @__libc_malloc_impl+60    : cmpu                       : No_OpClass : 
3889000: system.cpu: T0 : 0x8000359c @__libc_malloc_impl+64    : brn                        : No_OpClass : 
3890000: system.cpu: T0 : 0x800035a0 @__libc_malloc_impl+68    : jump 0                     : No_OpClass : 
3891000: system.cpu: T0 : 0x800035a4 @__libc_malloc_impl+72    : ld                         : MemRead :  A=0x7fffffffdee8
3892000: system.cpu: T0 : 0x800035a8 @__libc_malloc_impl+76    : addi                       : No_OpClass : 
3893000: system.cpu: T0 : 0x800035ac @__libc_malloc_impl+80    : add                        : No_OpClass : 
3894000: system.cpu: T0 : 0x800035b0 @__libc_malloc_impl+84    : st                         : MemWrite :  A=0x7fffffffdec0
3895000: system.cpu: T0 : 0x800035b4 @__libc_malloc_impl+88    : ld                         : MemRead :  A=0x7fffffffdec0
3896000: system.cpu: T0 : 0x800035b8 @__libc_malloc_impl+92    : addi                       : No_OpClass : 
3897000: system.cpu: T0 : 0x800035bc @__libc_malloc_impl+96    : addi                       : No_OpClass : 
3898000: system.cpu: T0 : 0x800035c0 @__libc_malloc_impl+100    : setzw                      : No_OpClass : 
3899000: system.cpu: T0 : 0x800035c4 @__libc_malloc_impl+104    : orw                        : No_OpClass : 
3900000: system.cpu: T0 : 0x800035c8 @__libc_malloc_impl+108    : addi                       : No_OpClass : 
3901000: system.cpu: T0 : 0x800035cc @__libc_malloc_impl+112    : blockcopy                  : No_OpClass : 
3902000: system.cpu: T0 : 0x800035d0 @__libc_malloc_impl+116    : call                       : No_OpClass : 
3903000: system.cpu: T0 : 0x80005ffc @mmap    : addi.rb                    : No_OpClass : 
3904000: system.cpu: T0 : 0x80006000 @mmap+4    : blockcopy                  : No_OpClass : 
3905000: system.cpu: T0 : 0x80006004 @mmap+8    : st                         : MemWrite :  A=0x7fffffffde88
3906000: system.cpu: T0 : 0x80006008 @mmap+12    : st                         : MemWrite :  A=0x7fffffffde80
3907000: system.cpu: T0 : 0x8000600c @mmap+16    : addi.rb                    : No_OpClass : 
3908000: system.cpu: T0 : 0x80006010 @mmap+20    : st                         : MemWrite :  A=0x7fffffffde7c
3909000: system.cpu: T0 : 0x80006014 @mmap+24    : addi.rb                    : No_OpClass : 
3910000: system.cpu: T0 : 0x80006018 @mmap+28    : st                         : MemWrite :  A=0x7fffffffde78
3911000: system.cpu: T0 : 0x8000601c @mmap+32    : addi.rb                    : No_OpClass : 
3912000: system.cpu: T0 : 0x80006020 @mmap+36    : st                         : MemWrite :  A=0x7fffffffde74
3913000: system.cpu: T0 : 0x80006024 @mmap+40    : st                         : MemWrite :  A=0x7fffffffde68
3914000: system.cpu: T0 : 0x80006028 @mmap+44    : addi                       : No_OpClass : 
3915000: system.cpu: T0 : 0x8000602c @mmap+48    : addi.rb                    : No_OpClass : 
3916000: system.cpu: T0 : 0x80006030 @mmap+52    : blockcopy                  : No_OpClass : 
3917000: system.cpu: T0 : 0x80006034 @mmap+56    : orr                        : No_OpClass : 
3918000: system.cpu: T0 : 0x80006038 @mmap+60    : blockcopy                  : No_OpClass : 
3919000: system.cpu: T0 : 0x8000603c @mmap+64    : ld                         : MemRead :  A=0x7fffffffde6e
3920000: system.cpu: T0 : 0x80006040 @mmap+68    : setzw                      : No_OpClass : 
3921000: system.cpu: T0 : 0x80006044 @mmap+72    : and                        : No_OpClass : 
3922000: system.cpu: T0 : 0x80006048 @mmap+76    : brz                        : No_OpClass : 
3923000: system.cpu: T0 : 0x80006070 @mmap+116    : ld                         : MemRead :  A=0x7fffffffde80
3924000: system.cpu: T0 : 0x80006074 @mmap+120    : setzw                      : No_OpClass : 
3925000: system.cpu: T0 : 0x80006078 @mmap+124    : orw                        : No_OpClass : 
3926000: system.cpu: T0 : 0x8000607c @mmap+128    : orw                        : No_OpClass : 
3927000: system.cpu: T0 : 0x80006080 @mmap+132    : orw                        : No_OpClass : 
3928000: system.cpu: T0 : 0x80006084 @mmap+136    : cmpu                       : No_OpClass : 
3929000: system.cpu: T0 : 0x80006088 @mmap+140    : brn                        : No_OpClass : 
3930000: system.cpu: T0 : 0x800060b0 @mmap+180    : addi                       : No_OpClass : 
3931000: system.cpu: T0 : 0x800060b4 @mmap+184    : addi.rb                    : No_OpClass : 
3932000: system.cpu: T0 : 0x800060b8 @mmap+188    : blockcopy                  : No_OpClass : 
3933000: system.cpu: T0 : 0x800060bc @mmap+192    : orr                        : No_OpClass : 
3934000: system.cpu: T0 : 0x800060c0 @mmap+196    : blockcopy                  : No_OpClass : 
3935000: system.cpu: T0 : 0x800060c4 @mmap+200    : ld                         : MemRead :  A=0x7fffffffde7b
3936000: system.cpu: T0 : 0x800060c8 @mmap+204    : addi                       : No_OpClass : 
3937000: system.cpu: T0 : 0x800060cc @mmap+208    : and                        : No_OpClass : 
3938000: system.cpu: T0 : 0x800060d0 @mmap+212    : brz                        : No_OpClass : 
3939000: system.cpu: T0 : 0x800060e0 @mmap+228    : ld                         : MemRead :  A=0x7fffffffde88
3940000: system.cpu: T0 : 0x800060e4 @mmap+232    : ld                         : MemRead :  A=0x7fffffffde80
3941000: system.cpu: T0 : 0x800060e8 @mmap+236    : addi.rb                    : No_OpClass : 
3942000: system.cpu: T0 : 0x800060ec @mmap+240    : ld                         : MemRead :  A=0x7fffffffde7c
3943000: system.cpu: T0 : 0x800060f0 @mmap+244    : addi.rb                    : No_OpClass : 
3944000: system.cpu: T0 : 0x800060f4 @mmap+248    : ld                         : MemRead :  A=0x7fffffffde78
3945000: system.cpu: T0 : 0x800060f8 @mmap+252    : addi.rb                    : No_OpClass : 
3946000: system.cpu: T0 : 0x800060fc @mmap+256    : ld                         : MemRead :  A=0x7fffffffde74
3947000: system.cpu: T0 : 0x80006100 @mmap+260    : ld                         : MemRead :  A=0x7fffffffde68
3948000: system.cpu: T0 : 0x80006104 @mmap+264    : addi                       : No_OpClass : 
3949000: system.cpu: T0 : 0x80006108 @mmap+268    : call                       : No_OpClass : 
3950000: system.cpu: T0 : 0x800061a8 @__syscall6    : addi.rb                    : No_OpClass : 
3951000: system.cpu: T0 : 0x800061ac @__syscall6+4    : st                         : MemWrite :  A=0x7fffffffde58
3952000: system.cpu: T0 : 0x800061b0 @__syscall6+8    : st                         : MemWrite :  A=0x7fffffffde50
3953000: system.cpu: T0 : 0x800061b4 @__syscall6+12    : st                         : MemWrite :  A=0x7fffffffde48
3954000: system.cpu: T0 : 0x800061b8 @__syscall6+16    : st                         : MemWrite :  A=0x7fffffffde40
3955000: system.cpu: T0 : 0x800061bc @__syscall6+20    : st                         : MemWrite :  A=0x7fffffffde38
3956000: system.cpu: T0 : 0x800061c0 @__syscall6+24    : st                         : MemWrite :  A=0x7fffffffde30
3957000: system.cpu: T0 : 0x800061c4 @__syscall6+28    : st                         : MemWrite :  A=0x7fffffffde28
3958000: system.cpu: T0 : 0x800061c8 @__syscall6+32    : ld                         : MemRead :  A=0x7fffffffde58
3959000: system.cpu: T0 : 0x800061cc @__syscall6+36    : st                         : MemWrite :  A=0x7fffffffde20
3960000: system.cpu: T0 : 0x800061d0 @__syscall6+40    : ld                         : MemRead :  A=0x7fffffffde50
3961000: system.cpu: T0 : 0x800061d4 @__syscall6+44    : st                         : MemWrite :  A=0x7fffffffde18
3962000: system.cpu: T0 : 0x800061d8 @__syscall6+48    : ld                         : MemRead :  A=0x7fffffffde48
3963000: system.cpu: T0 : 0x800061dc @__syscall6+52    : st                         : MemWrite :  A=0x7fffffffde10
3964000: system.cpu: T0 : 0x800061e0 @__syscall6+56    : ld                         : MemRead :  A=0x7fffffffde40
3965000: system.cpu: T0 : 0x800061e4 @__syscall6+60    : st                         : MemWrite :  A=0x7fffffffde08
3966000: system.cpu: T0 : 0x800061e8 @__syscall6+64    : ld                         : MemRead :  A=0x7fffffffde38
3967000: system.cpu: T0 : 0x800061ec @__syscall6+68    : st                         : MemWrite :  A=0x7fffffffde00
3968000: system.cpu: T0 : 0x800061f0 @__syscall6+72    : ld                         : MemRead :  A=0x7fffffffde30
3969000: system.cpu: T0 : 0x800061f4 @__syscall6+76    : st                         : MemWrite :  A=0x7fffffffddf8
3970000: system.cpu: T0 : 0x800061f8 @__syscall6+80    : ld                         : MemRead :  A=0x7fffffffde28
3971000: system.cpu: T0 : 0x800061fc @__syscall6+84    : st                         : MemWrite :  A=0x7fffffffddf0
3972000: system.cpu: T0 : 0x80006200 @__syscall6+88    : ld                         : MemRead :  A=0x7fffffffde20
3973000: system.cpu: T0 : 0x80006204 @__syscall6+92    : ld                         : MemRead :  A=0x7fffffffde18
3974000: system.cpu: T0 : 0x80006208 @__syscall6+96    : ld                         : MemRead :  A=0x7fffffffde10
3975000: system.cpu: T0 : 0x8000620c @__syscall6+100    : ld                         : MemRead :  A=0x7fffffffde08
3976000: system.cpu: T0 : 0x80006210 @__syscall6+104    : ld                         : MemRead :  A=0x7fffffffde00
3977000: system.cpu: T0 : 0x80006214 @__syscall6+108    : ld                         : MemRead :  A=0x7fffffffddf8
3978000: system.cpu: T0 : 0x80006218 @__syscall6+112    : ld                         : MemRead :  A=0x7fffffffddf0
3979000: system.cpu: T0 : 0x8000621c @__syscall6+116    : trap                       : No_OpClass : 
3980000: system.cpu: T0 : 0x80006220 @__syscall6+120    : st                         : MemWrite :  A=0x7fffffffdde8
3981000: system.cpu: T0 : 0x80006224 @__syscall6+124    : ld                         : MemRead :  A=0x7fffffffdde8
3982000: system.cpu: T0 : 0x80006228 @__syscall6+128    : addi.rb                    : No_OpClass : 
3983000: system.cpu: T0 : 0x8000622c @__syscall6+132    : ret                        : No_OpClass : 
3984000: system.cpu: T0 : 0x8000610c @mmap+272    : st                         : MemWrite :  A=0x7fffffffde60
3985000: system.cpu: T0 : 0x80006110 @mmap+276    : ld                         : MemRead :  A=0x7fffffffde60
3986000: system.cpu: T0 : 0x80006114 @mmap+280    : addi                       : No_OpClass : 
3987000: system.cpu: T0 : 0x80006118 @mmap+284    : brne                       : No_OpClass : 
3988000: system.cpu: T0 : 0x80006188 @mmap+396    : ld                         : MemRead :  A=0x7fffffffde60
3989000: system.cpu: T0 : 0x8000618c @mmap+400    : call                       : No_OpClass : 
3990000: system.cpu: T0 : 0x80002b10 @__syscall_ret    : addi.rb                    : No_OpClass : 
3991000: system.cpu: T0 : 0x80002b14 @__syscall_ret+4    : st                         : MemWrite :  A=0x7fffffffde58
3992000: system.cpu: T0 : 0x80002b18 @__syscall_ret+8    : setzw                      : No_OpClass : 
3993000: system.cpu: T0 : 0x80002b1c @__syscall_ret+12    : orw                        : No_OpClass : 
3994000: system.cpu: T0 : 0x80002b20 @__syscall_ret+16    : orw                        : No_OpClass : 
3995000: system.cpu: T0 : 0x80002b24 @__syscall_ret+20    : orw                        : No_OpClass : 
3996000: system.cpu: T0 : 0x80002b28 @__syscall_ret+24    : cmpu                       : No_OpClass : 
3997000: system.cpu: T0 : 0x80002b2c @__syscall_ret+28    : brn                        : No_OpClass : 
3998000: system.cpu: T0 : 0x80002b50 @__syscall_ret+64    : addi                       : No_OpClass : 
3999000: system.cpu: T0 : 0x80002b54 @__syscall_ret+68    : ld                         : MemRead :  A=0x7fffffffde58
4000000: system.cpu: T0 : 0x80002b58 @__syscall_ret+72    : addi.rb                    : No_OpClass : 
4001000: system.cpu: T0 : 0x80002b5c @__syscall_ret+76    : ret                        : No_OpClass : 
4002000: system.cpu: T0 : 0x80006190 @mmap+404    : st                         : MemWrite :  A=0x7fffffffde90
4003000: system.cpu: T0 : 0x80006194 @mmap+408    : jump 0                     : No_OpClass : 
4004000: system.cpu: T0 : 0x80006198 @mmap+412    : ld                         : MemRead :  A=0x7fffffffde90
4005000: system.cpu: T0 : 0x8000619c @mmap+416    : blockcopy                  : No_OpClass : 
4006000: system.cpu: T0 : 0x800061a0 @mmap+420    : addi.rb                    : No_OpClass : 
4007000: system.cpu: T0 : 0x800061a4 @mmap+424    : ret                        : No_OpClass : 
4008000: system.cpu: T0 : 0x800035d4 @__libc_malloc_impl+120    : blockcopy                  : No_OpClass : 
4009000: system.cpu: T0 : 0x800035d8 @__libc_malloc_impl+124    : st                         : MemWrite :  A=0x7fffffffdeb8
4010000: system.cpu: T0 : 0x800035dc @__libc_malloc_impl+128    : ld                         : MemRead :  A=0x7fffffffdeb8
4011000: system.cpu: T0 : 0x800035e0 @__libc_malloc_impl+132    : addi                       : No_OpClass : 
4012000: system.cpu: T0 : 0x800035e4 @__libc_malloc_impl+136    : brne                       : No_OpClass : 
4013000: system.cpu: T0 : 0x800035f8 @__libc_malloc_impl+156    : call                       : No_OpClass : 
4014000: system.cpu: T0 : 0x800048c4 @get_random_secret+436    : rela                       : No_OpClass : 
4015000: system.cpu: T0 : 0x800048c8 @get_random_secret+440    : addi.rb                    : No_OpClass : 
4016000: system.cpu: T0 : 0x800048cc @get_random_secret+444    : ld                         : MemRead :  A=0x800081b3
4017000: system.cpu: T0 : 0x800048d0 @get_random_secret+448    : brz                        : No_OpClass : 
4018000: system.cpu: T0 : 0x800048e8 @get_random_secret+472    : ret                        : No_OpClass : 
4019000: system.cpu: T0 : 0x800035fc @__libc_malloc_impl+160    : call                       : No_OpClass : 
4020000: system.cpu: T0 : 0x80003b30 @size_overflows+108    : addi.rb                    : No_OpClass : 
4021000: system.cpu: T0 : 0x80003b34 @size_overflows+112    : rela                       : No_OpClass : 
4022000: system.cpu: T0 : 0x80003b38 @size_overflows+116    : addi.rb                    : No_OpClass : 
4023000: system.cpu: T0 : 0x80003b3c @size_overflows+120    : ld                         : MemRead :  A=0x800085c0
4024000: system.cpu: T0 : 0x80003b40 @size_overflows+124    : addi                       : No_OpClass : 
4025000: system.cpu: T0 : 0x80003b44 @size_overflows+128    : brne                       : No_OpClass : 
4026000: system.cpu: T0 : 0x80003bc8 @size_overflows+260    : rela                       : No_OpClass : 
4027000: system.cpu: T0 : 0x80003bcc @size_overflows+264    : addi.rb                    : No_OpClass : 
4028000: system.cpu: T0 : 0x80003bd0 @size_overflows+268    : ld                         : MemRead :  A=0x800085c0
4029000: system.cpu: T0 : 0x80003bd4 @size_overflows+272    : addi                       : No_OpClass : 
4030000: system.cpu: T0 : 0x80003bd8 @size_overflows+276    : add                        : No_OpClass : 
4031000: system.cpu: T0 : 0x80003bdc @size_overflows+280    : st                         : MemWrite :  A=0x800085c0
4032000: system.cpu: T0 : 0x80003be0 @size_overflows+284    : jump 0                     : No_OpClass : 
4033000: system.cpu: T0 : 0x80003be4 @size_overflows+288    : addi.rb                    : No_OpClass : 
4034000: system.cpu: T0 : 0x80003be8 @size_overflows+292    : ret                        : No_OpClass : 
4035000: system.cpu: T0 : 0x80003600 @__libc_malloc_impl+164    : call                       : No_OpClass : 
4036000: system.cpu: T0 : 0x80002fe4 @__malloc_alloc_meta    : addi.rb                    : No_OpClass : 
4037000: system.cpu: T0 : 0x80002fe8 @__malloc_alloc_meta+4    : rela                       : No_OpClass : 
4038000: system.cpu: T0 : 0x80002fec @__malloc_alloc_meta+8    : addi.rb                    : No_OpClass : 
4039000: system.cpu: T0 : 0x80002ff0 @__malloc_alloc_meta+12    : ld                         : MemRead :  A=0x80008238
4040000: system.cpu: T0 : 0x80002ff4 @__malloc_alloc_meta+16    : brnz                       : No_OpClass : 
4041000: system.cpu: T0 : 0x80002ff8 @__malloc_alloc_meta+20    : jump 0                     : No_OpClass : 
4042000: system.cpu: T0 : 0x80002ffc @__malloc_alloc_meta+24    : call                       : No_OpClass : 
4043000: system.cpu: T0 : 0x80004710 @get_random_secret    : addi.rb                    : No_OpClass : 
4044000: system.cpu: T0 : 0x80004714 @get_random_secret+4    : setzw                      : No_OpClass : 
4045000: system.cpu: T0 : 0x80004718 @get_random_secret+8    : orw                        : No_OpClass : 
4046000: system.cpu: T0 : 0x8000471c @get_random_secret+12    : addi.rb                    : No_OpClass : 
4047000: system.cpu: T0 : 0x80004720 @get_random_secret+16    : blockcopy                  : No_OpClass : 
4048000: system.cpu: T0 : 0x80004724 @get_random_secret+20    : mulu                       : No_OpClass : 
4049000: system.cpu: T0 : 0x80004728 @get_random_secret+24    : st                         : MemWrite :  A=0x7fffffffde40
4050000: system.cpu: T0 : 0x8000472c @get_random_secret+28    : addi                       : No_OpClass : 
4051000: system.cpu: T0 : 0x80004730 @get_random_secret+32    : st                         : MemWrite :  A=0x7fffffffde38
4052000: system.cpu: T0 : 0x80004734 @get_random_secret+36    : jump 0                     : No_OpClass : 
4053000: system.cpu: T0 : 0x80004738 @get_random_secret+40    : rela                       : No_OpClass : 
4054000: system.cpu: T0 : 0x8000473c @get_random_secret+44    : addi.rb                    : No_OpClass : 
4055000: system.cpu: T0 : 0x80004740 @get_random_secret+48    : ld                         : MemRead :  A=0x800081b8
4056000: system.cpu: T0 : 0x80004744 @get_random_secret+52    : ld                         : MemRead :  A=0x7fffffffde38
4057000: system.cpu: T0 : 0x80004748 @get_random_secret+56    : addi                       : No_OpClass : 
4058000: system.cpu: T0 : 0x8000474c @get_random_secret+60    : shlu                       : No_OpClass : 
4059000: system.cpu: T0 : 0x80004750 @get_random_secret+64    : add                        : No_OpClass : 
4060000: system.cpu: T0 : 0x80004754 @get_random_secret+68    : blockcopy                  : No_OpClass : 
4061000: system.cpu: T0 : 0x80004758 @get_random_secret+72    : ld                         : MemRead :  A=0x7fffffffdf80
4062000: system.cpu: T0 : 0x8000475c @get_random_secret+76    : brz                        : No_OpClass : 
4063000: system.cpu: T0 : 0x80004760 @get_random_secret+80    : jump 0                     : No_OpClass : 
4064000: system.cpu: T0 : 0x80004764 @get_random_secret+84    : rela                       : No_OpClass : 
4065000: system.cpu: T0 : 0x80004768 @get_random_secret+88    : addi.rb                    : No_OpClass : 
4066000: system.cpu: T0 : 0x8000476c @get_random_secret+92    : ld                         : MemRead :  A=0x800081b8
4067000: system.cpu: T0 : 0x80004770 @get_random_secret+96    : ld                         : MemRead :  A=0x7fffffffde38
4068000: system.cpu: T0 : 0x80004774 @get_random_secret+100    : addi                       : No_OpClass : 
4069000: system.cpu: T0 : 0x80004778 @get_random_secret+104    : shlu                       : No_OpClass : 
4070000: system.cpu: T0 : 0x8000477c @get_random_secret+108    : add                        : No_OpClass : 
4071000: system.cpu: T0 : 0x80004780 @get_random_secret+112    : blockcopy                  : No_OpClass : 
4072000: system.cpu: T0 : 0x80004784 @get_random_secret+116    : ld                         : MemRead :  A=0x7fffffffdf80
4073000: system.cpu: T0 : 0x80004788 @get_random_secret+120    : addi                       : No_OpClass : 
4074000: system.cpu: T0 : 0x8000478c @get_random_secret+124    : brne                       : No_OpClass : 
4075000: system.cpu: T0 : 0x800047d0 @get_random_secret+192    : jump 0                     : No_OpClass : 
4076000: system.cpu: T0 : 0x800047d4 @get_random_secret+196    : ld                         : MemRead :  A=0x7fffffffde38
4077000: system.cpu: T0 : 0x800047d8 @get_random_secret+200    : addi                       : No_OpClass : 
4078000: system.cpu: T0 : 0x800047dc @get_random_secret+204    : add                        : No_OpClass : 
4079000: system.cpu: T0 : 0x800047e0 @get_random_secret+208    : st                         : MemWrite :  A=0x7fffffffde38
4080000: system.cpu: T0 : 0x800047e4 @get_random_secret+212    : jump -44                   : No_OpClass : 
4081000: system.cpu: T0 : 0x80004738 @get_random_secret+40    : rela                       : No_OpClass : 
4082000: system.cpu: T0 : 0x8000473c @get_random_secret+44    : addi.rb                    : No_OpClass : 
4083000: system.cpu: T0 : 0x80004740 @get_random_secret+48    : ld                         : MemRead :  A=0x800081b8
4084000: system.cpu: T0 : 0x80004744 @get_random_secret+52    : ld                         : MemRead :  A=0x7fffffffde38
4085000: system.cpu: T0 : 0x80004748 @get_random_secret+56    : addi                       : No_OpClass : 
4086000: system.cpu: T0 : 0x8000474c @get_random_secret+60    : shlu                       : No_OpClass : 
4087000: system.cpu: T0 : 0x80004750 @get_random_secret+64    : add                        : No_OpClass : 
4088000: system.cpu: T0 : 0x80004754 @get_random_secret+68    : blockcopy                  : No_OpClass : 
4089000: system.cpu: T0 : 0x80004758 @get_random_secret+72    : ld                         : MemRead :  A=0x7fffffffdf90
4090000: system.cpu: T0 : 0x8000475c @get_random_secret+76    : brz                        : No_OpClass : 
4091000: system.cpu: T0 : 0x80004760 @get_random_secret+80    : jump 0                     : No_OpClass : 
4092000: system.cpu: T0 : 0x80004764 @get_random_secret+84    : rela                       : No_OpClass : 
4093000: system.cpu: T0 : 0x80004768 @get_random_secret+88    : addi.rb                    : No_OpClass : 
4094000: system.cpu: T0 : 0x8000476c @get_random_secret+92    : ld                         : MemRead :  A=0x800081b8
4095000: system.cpu: T0 : 0x80004770 @get_random_secret+96    : ld                         : MemRead :  A=0x7fffffffde38
4096000: system.cpu: T0 : 0x80004774 @get_random_secret+100    : addi                       : No_OpClass : 
4097000: system.cpu: T0 : 0x80004778 @get_random_secret+104    : shlu                       : No_OpClass : 
4098000: system.cpu: T0 : 0x8000477c @get_random_secret+108    : add                        : No_OpClass : 
4099000: system.cpu: T0 : 0x80004780 @get_random_secret+112    : blockcopy                  : No_OpClass : 
4100000: system.cpu: T0 : 0x80004784 @get_random_secret+116    : ld                         : MemRead :  A=0x7fffffffdf90
4101000: system.cpu: T0 : 0x80004788 @get_random_secret+120    : addi                       : No_OpClass : 
4102000: system.cpu: T0 : 0x8000478c @get_random_secret+124    : brne                       : No_OpClass : 
4103000: system.cpu: T0 : 0x800047d0 @get_random_secret+192    : jump 0                     : No_OpClass : 
4104000: system.cpu: T0 : 0x800047d4 @get_random_secret+196    : ld                         : MemRead :  A=0x7fffffffde38
4105000: system.cpu: T0 : 0x800047d8 @get_random_secret+200    : addi                       : No_OpClass : 
4106000: system.cpu: T0 : 0x800047dc @get_random_secret+204    : add                        : No_OpClass : 
4107000: system.cpu: T0 : 0x800047e0 @get_random_secret+208    : st                         : MemWrite :  A=0x7fffffffde38
4108000: system.cpu: T0 : 0x800047e4 @get_random_secret+212    : jump -44                   : No_OpClass : 
4109000: system.cpu: T0 : 0x80004738 @get_random_secret+40    : rela                       : No_OpClass : 
4110000: system.cpu: T0 : 0x8000473c @get_random_secret+44    : addi.rb                    : No_OpClass : 
4111000: system.cpu: T0 : 0x80004740 @get_random_secret+48    : ld                         : MemRead :  A=0x800081b8
4112000: system.cpu: T0 : 0x80004744 @get_random_secret+52    : ld                         : MemRead :  A=0x7fffffffde38
4113000: system.cpu: T0 : 0x80004748 @get_random_secret+56    : addi                       : No_OpClass : 
4114000: system.cpu: T0 : 0x8000474c @get_random_secret+60    : shlu                       : No_OpClass : 
4115000: system.cpu: T0 : 0x80004750 @get_random_secret+64    : add                        : No_OpClass : 
4116000: system.cpu: T0 : 0x80004754 @get_random_secret+68    : blockcopy                  : No_OpClass : 
4117000: system.cpu: T0 : 0x80004758 @get_random_secret+72    : ld                         : MemRead :  A=0x7fffffffdfa0
4118000: system.cpu: T0 : 0x8000475c @get_random_secret+76    : brz                        : No_OpClass : 
4119000: system.cpu: T0 : 0x80004760 @get_random_secret+80    : jump 0                     : No_OpClass : 
4120000: system.cpu: T0 : 0x80004764 @get_random_secret+84    : rela                       : No_OpClass : 
4121000: system.cpu: T0 : 0x80004768 @get_random_secret+88    : addi.rb                    : No_OpClass : 
4122000: system.cpu: T0 : 0x8000476c @get_random_secret+92    : ld                         : MemRead :  A=0x800081b8
4123000: system.cpu: T0 : 0x80004770 @get_random_secret+96    : ld                         : MemRead :  A=0x7fffffffde38
4124000: system.cpu: T0 : 0x80004774 @get_random_secret+100    : addi                       : No_OpClass : 
4125000: system.cpu: T0 : 0x80004778 @get_random_secret+104    : shlu                       : No_OpClass : 
4126000: system.cpu: T0 : 0x8000477c @get_random_secret+108    : add                        : No_OpClass : 
4127000: system.cpu: T0 : 0x80004780 @get_random_secret+112    : blockcopy                  : No_OpClass : 
4128000: system.cpu: T0 : 0x80004784 @get_random_secret+116    : ld                         : MemRead :  A=0x7fffffffdfa0
4129000: system.cpu: T0 : 0x80004788 @get_random_secret+120    : addi                       : No_OpClass : 
4130000: system.cpu: T0 : 0x8000478c @get_random_secret+124    : brne                       : No_OpClass : 
4131000: system.cpu: T0 : 0x800047d0 @get_random_secret+192    : jump 0                     : No_OpClass : 
4132000: system.cpu: T0 : 0x800047d4 @get_random_secret+196    : ld                         : MemRead :  A=0x7fffffffde38
4133000: system.cpu: T0 : 0x800047d8 @get_random_secret+200    : addi                       : No_OpClass : 
4134000: system.cpu: T0 : 0x800047dc @get_random_secret+204    : add                        : No_OpClass : 
4135000: system.cpu: T0 : 0x800047e0 @get_random_secret+208    : st                         : MemWrite :  A=0x7fffffffde38
4136000: system.cpu: T0 : 0x800047e4 @get_random_secret+212    : jump -44                   : No_OpClass : 
4137000: system.cpu: T0 : 0x80004738 @get_random_secret+40    : rela                       : No_OpClass : 
4138000: system.cpu: T0 : 0x8000473c @get_random_secret+44    : addi.rb                    : No_OpClass : 
4139000: system.cpu: T0 : 0x80004740 @get_random_secret+48    : ld                         : MemRead :  A=0x800081b8
4140000: system.cpu: T0 : 0x80004744 @get_random_secret+52    : ld                         : MemRead :  A=0x7fffffffde38
4141000: system.cpu: T0 : 0x80004748 @get_random_secret+56    : addi                       : No_OpClass : 
4142000: system.cpu: T0 : 0x8000474c @get_random_secret+60    : shlu                       : No_OpClass : 
4143000: system.cpu: T0 : 0x80004750 @get_random_secret+64    : add                        : No_OpClass : 
4144000: system.cpu: T0 : 0x80004754 @get_random_secret+68    : blockcopy                  : No_OpClass : 
4145000: system.cpu: T0 : 0x80004758 @get_random_secret+72    : ld                         : MemRead :  A=0x7fffffffdfb0
4146000: system.cpu: T0 : 0x8000475c @get_random_secret+76    : brz                        : No_OpClass : 
4147000: system.cpu: T0 : 0x80004760 @get_random_secret+80    : jump 0                     : No_OpClass : 
4148000: system.cpu: T0 : 0x80004764 @get_random_secret+84    : rela                       : No_OpClass : 
4149000: system.cpu: T0 : 0x80004768 @get_random_secret+88    : addi.rb                    : No_OpClass : 
4150000: system.cpu: T0 : 0x8000476c @get_random_secret+92    : ld                         : MemRead :  A=0x800081b8
4151000: system.cpu: T0 : 0x80004770 @get_random_secret+96    : ld                         : MemRead :  A=0x7fffffffde38
4152000: system.cpu: T0 : 0x80004774 @get_random_secret+100    : addi                       : No_OpClass : 
4153000: system.cpu: T0 : 0x80004778 @get_random_secret+104    : shlu                       : No_OpClass : 
4154000: system.cpu: T0 : 0x8000477c @get_random_secret+108    : add                        : No_OpClass : 
4155000: system.cpu: T0 : 0x80004780 @get_random_secret+112    : blockcopy                  : No_OpClass : 
4156000: system.cpu: T0 : 0x80004784 @get_random_secret+116    : ld                         : MemRead :  A=0x7fffffffdfb0
4157000: system.cpu: T0 : 0x80004788 @get_random_secret+120    : addi                       : No_OpClass : 
4158000: system.cpu: T0 : 0x8000478c @get_random_secret+124    : brne                       : No_OpClass : 
4159000: system.cpu: T0 : 0x800047d0 @get_random_secret+192    : jump 0                     : No_OpClass : 
4160000: system.cpu: T0 : 0x800047d4 @get_random_secret+196    : ld                         : MemRead :  A=0x7fffffffde38
4161000: system.cpu: T0 : 0x800047d8 @get_random_secret+200    : addi                       : No_OpClass : 
4162000: system.cpu: T0 : 0x800047dc @get_random_secret+204    : add                        : No_OpClass : 
4163000: system.cpu: T0 : 0x800047e0 @get_random_secret+208    : st                         : MemWrite :  A=0x7fffffffde38
4164000: system.cpu: T0 : 0x800047e4 @get_random_secret+212    : jump -44                   : No_OpClass : 
4165000: system.cpu: T0 : 0x80004738 @get_random_secret+40    : rela                       : No_OpClass : 
4166000: system.cpu: T0 : 0x8000473c @get_random_secret+44    : addi.rb                    : No_OpClass : 
4167000: system.cpu: T0 : 0x80004740 @get_random_secret+48    : ld                         : MemRead :  A=0x800081b8
4168000: system.cpu: T0 : 0x80004744 @get_random_secret+52    : ld                         : MemRead :  A=0x7fffffffde38
4169000: system.cpu: T0 : 0x80004748 @get_random_secret+56    : addi                       : No_OpClass : 
4170000: system.cpu: T0 : 0x8000474c @get_random_secret+60    : shlu                       : No_OpClass : 
4171000: system.cpu: T0 : 0x80004750 @get_random_secret+64    : add                        : No_OpClass : 
4172000: system.cpu: T0 : 0x80004754 @get_random_secret+68    : blockcopy                  : No_OpClass : 
4173000: system.cpu: T0 : 0x80004758 @get_random_secret+72    : ld                         : MemRead :  A=0x7fffffffdfc0
4174000: system.cpu: T0 : 0x8000475c @get_random_secret+76    : brz                        : No_OpClass : 
4175000: system.cpu: T0 : 0x80004760 @get_random_secret+80    : jump 0                     : No_OpClass : 
4176000: system.cpu: T0 : 0x80004764 @get_random_secret+84    : rela                       : No_OpClass : 
4177000: system.cpu: T0 : 0x80004768 @get_random_secret+88    : addi.rb                    : No_OpClass : 
4178000: system.cpu: T0 : 0x8000476c @get_random_secret+92    : ld                         : MemRead :  A=0x800081b8
4179000: system.cpu: T0 : 0x80004770 @get_random_secret+96    : ld                         : MemRead :  A=0x7fffffffde38
4180000: system.cpu: T0 : 0x80004774 @get_random_secret+100    : addi                       : No_OpClass : 
4181000: system.cpu: T0 : 0x80004778 @get_random_secret+104    : shlu                       : No_OpClass : 
4182000: system.cpu: T0 : 0x8000477c @get_random_secret+108    : add                        : No_OpClass : 
4183000: system.cpu: T0 : 0x80004780 @get_random_secret+112    : blockcopy                  : No_OpClass : 
4184000: system.cpu: T0 : 0x80004784 @get_random_secret+116    : ld                         : MemRead :  A=0x7fffffffdfc0
4185000: system.cpu: T0 : 0x80004788 @get_random_secret+120    : addi                       : No_OpClass : 
4186000: system.cpu: T0 : 0x8000478c @get_random_secret+124    : brne                       : No_OpClass : 
4187000: system.cpu: T0 : 0x800047d0 @get_random_secret+192    : jump 0                     : No_OpClass : 
4188000: system.cpu: T0 : 0x800047d4 @get_random_secret+196    : ld                         : MemRead :  A=0x7fffffffde38
4189000: system.cpu: T0 : 0x800047d8 @get_random_secret+200    : addi                       : No_OpClass : 
4190000: system.cpu: T0 : 0x800047dc @get_random_secret+204    : add                        : No_OpClass : 
4191000: system.cpu: T0 : 0x800047e0 @get_random_secret+208    : st                         : MemWrite :  A=0x7fffffffde38
4192000: system.cpu: T0 : 0x800047e4 @get_random_secret+212    : jump -44                   : No_OpClass : 
4193000: system.cpu: T0 : 0x80004738 @get_random_secret+40    : rela                       : No_OpClass : 
4194000: system.cpu: T0 : 0x8000473c @get_random_secret+44    : addi.rb                    : No_OpClass : 
4195000: system.cpu: T0 : 0x80004740 @get_random_secret+48    : ld                         : MemRead :  A=0x800081b8
4196000: system.cpu: T0 : 0x80004744 @get_random_secret+52    : ld                         : MemRead :  A=0x7fffffffde38
4197000: system.cpu: T0 : 0x80004748 @get_random_secret+56    : addi                       : No_OpClass : 
4198000: system.cpu: T0 : 0x8000474c @get_random_secret+60    : shlu                       : No_OpClass : 
4199000: system.cpu: T0 : 0x80004750 @get_random_secret+64    : add                        : No_OpClass : 
4200000: system.cpu: T0 : 0x80004754 @get_random_secret+68    : blockcopy                  : No_OpClass : 
4201000: system.cpu: T0 : 0x80004758 @get_random_secret+72    : ld                         : MemRead :  A=0x7fffffffdfd0
4202000: system.cpu: T0 : 0x8000475c @get_random_secret+76    : brz                        : No_OpClass : 
4203000: system.cpu: T0 : 0x80004760 @get_random_secret+80    : jump 0                     : No_OpClass : 
4204000: system.cpu: T0 : 0x80004764 @get_random_secret+84    : rela                       : No_OpClass : 
4205000: system.cpu: T0 : 0x80004768 @get_random_secret+88    : addi.rb                    : No_OpClass : 
4206000: system.cpu: T0 : 0x8000476c @get_random_secret+92    : ld                         : MemRead :  A=0x800081b8
4207000: system.cpu: T0 : 0x80004770 @get_random_secret+96    : ld                         : MemRead :  A=0x7fffffffde38
4208000: system.cpu: T0 : 0x80004774 @get_random_secret+100    : addi                       : No_OpClass : 
4209000: system.cpu: T0 : 0x80004778 @get_random_secret+104    : shlu                       : No_OpClass : 
4210000: system.cpu: T0 : 0x8000477c @get_random_secret+108    : add                        : No_OpClass : 
4211000: system.cpu: T0 : 0x80004780 @get_random_secret+112    : blockcopy                  : No_OpClass : 
4212000: system.cpu: T0 : 0x80004784 @get_random_secret+116    : ld                         : MemRead :  A=0x7fffffffdfd0
4213000: system.cpu: T0 : 0x80004788 @get_random_secret+120    : addi                       : No_OpClass : 
4214000: system.cpu: T0 : 0x8000478c @get_random_secret+124    : brne                       : No_OpClass : 
4215000: system.cpu: T0 : 0x800047d0 @get_random_secret+192    : jump 0                     : No_OpClass : 
4216000: system.cpu: T0 : 0x800047d4 @get_random_secret+196    : ld                         : MemRead :  A=0x7fffffffde38
4217000: system.cpu: T0 : 0x800047d8 @get_random_secret+200    : addi                       : No_OpClass : 
4218000: system.cpu: T0 : 0x800047dc @get_random_secret+204    : add                        : No_OpClass : 
4219000: system.cpu: T0 : 0x800047e0 @get_random_secret+208    : st                         : MemWrite :  A=0x7fffffffde38
4220000: system.cpu: T0 : 0x800047e4 @get_random_secret+212    : jump -44                   : No_OpClass : 
4221000: system.cpu: T0 : 0x80004738 @get_random_secret+40    : rela                       : No_OpClass : 
4222000: system.cpu: T0 : 0x8000473c @get_random_secret+44    : addi.rb                    : No_OpClass : 
4223000: system.cpu: T0 : 0x80004740 @get_random_secret+48    : ld                         : MemRead :  A=0x800081b8
4224000: system.cpu: T0 : 0x80004744 @get_random_secret+52    : ld                         : MemRead :  A=0x7fffffffde38
4225000: system.cpu: T0 : 0x80004748 @get_random_secret+56    : addi                       : No_OpClass : 
4226000: system.cpu: T0 : 0x8000474c @get_random_secret+60    : shlu                       : No_OpClass : 
4227000: system.cpu: T0 : 0x80004750 @get_random_secret+64    : add                        : No_OpClass : 
4228000: system.cpu: T0 : 0x80004754 @get_random_secret+68    : blockcopy                  : No_OpClass : 
4229000: system.cpu: T0 : 0x80004758 @get_random_secret+72    : ld                         : MemRead :  A=0x7fffffffdfe0
4230000: system.cpu: T0 : 0x8000475c @get_random_secret+76    : brz                        : No_OpClass : 
4231000: system.cpu: T0 : 0x80004760 @get_random_secret+80    : jump 0                     : No_OpClass : 
4232000: system.cpu: T0 : 0x80004764 @get_random_secret+84    : rela                       : No_OpClass : 
4233000: system.cpu: T0 : 0x80004768 @get_random_secret+88    : addi.rb                    : No_OpClass : 
4234000: system.cpu: T0 : 0x8000476c @get_random_secret+92    : ld                         : MemRead :  A=0x800081b8
4235000: system.cpu: T0 : 0x80004770 @get_random_secret+96    : ld                         : MemRead :  A=0x7fffffffde38
4236000: system.cpu: T0 : 0x80004774 @get_random_secret+100    : addi                       : No_OpClass : 
4237000: system.cpu: T0 : 0x80004778 @get_random_secret+104    : shlu                       : No_OpClass : 
4238000: system.cpu: T0 : 0x8000477c @get_random_secret+108    : add                        : No_OpClass : 
4239000: system.cpu: T0 : 0x80004780 @get_random_secret+112    : blockcopy                  : No_OpClass : 
4240000: system.cpu: T0 : 0x80004784 @get_random_secret+116    : ld                         : MemRead :  A=0x7fffffffdfe0
4241000: system.cpu: T0 : 0x80004788 @get_random_secret+120    : addi                       : No_OpClass : 
4242000: system.cpu: T0 : 0x8000478c @get_random_secret+124    : brne                       : No_OpClass : 
4243000: system.cpu: T0 : 0x80004790 @get_random_secret+128    : jump 0                     : No_OpClass : 
4244000: system.cpu: T0 : 0x80004794 @get_random_secret+132    : rela                       : No_OpClass : 
4245000: system.cpu: T0 : 0x80004798 @get_random_secret+136    : addi.rb                    : No_OpClass : 
4246000: system.cpu: T0 : 0x8000479c @get_random_secret+140    : ld                         : MemRead :  A=0x800081b8
4247000: system.cpu: T0 : 0x800047a0 @get_random_secret+144    : ld                         : MemRead :  A=0x7fffffffde38
4248000: system.cpu: T0 : 0x800047a4 @get_random_secret+148    : addi                       : No_OpClass : 
4249000: system.cpu: T0 : 0x800047a8 @get_random_secret+152    : shlu                       : No_OpClass : 
4250000: system.cpu: T0 : 0x800047ac @get_random_secret+156    : add                        : No_OpClass : 
4251000: system.cpu: T0 : 0x800047b0 @get_random_secret+160    : blockcopy                  : No_OpClass : 
4252000: system.cpu: T0 : 0x800047b4 @get_random_secret+164    : ld                         : MemRead :  A=0x7fffffffdfe8
4253000: system.cpu: T0 : 0x800047b8 @get_random_secret+168    : addi                       : No_OpClass : 
4254000: system.cpu: T0 : 0x800047bc @get_random_secret+172    : add                        : No_OpClass : 
4255000: system.cpu: T0 : 0x800047c0 @get_random_secret+176    : addi.rb                    : No_OpClass : 
4256000: system.cpu: T0 : 0x800047c4 @get_random_secret+180    : blockcopy                  : No_OpClass : 
4257000: system.cpu: T0 : 0x800047c8 @get_random_secret+184    : call                       : No_OpClass : 
4258000: system.cpu: T0 : 0x80000e28 @memcpy    : addi                       : No_OpClass : 
4259000: system.cpu: T0 : 0x80000e2c @memcpy+4    : blockcopy                  : No_OpClass : 
4260000: system.cpu: T0 : 0x80000e30 @memcpy+8    : and                        : No_OpClass : 
4261000: system.cpu: T0 : 0x80000e34 @memcpy+12    : blockcopy                  : No_OpClass : 
4262000: system.cpu: T0 : 0x80000e38 @memcpy+16    : brz                        : No_OpClass : 
4263000: system.cpu: T0 : 0x80000ea8 @memcpy+128    : addi                       : No_OpClass : 
4264000: system.cpu: T0 : 0x80000eac @memcpy+132    : and                        : No_OpClass : 
4265000: system.cpu: T0 : 0x80000eb0 @memcpy+136    : brnz                       : No_OpClass : 
4266000: system.cpu: T0 : 0x80000eb4 @memcpy+140    : jump 63                    : No_OpClass : 
4267000: system.cpu: T0 : 0x80000fb4 @memcpy+396    : addi                       : No_OpClass : 
4268000: system.cpu: T0 : 0x80000fb8 @memcpy+400    : cmpu                       : No_OpClass : 
4269000: system.cpu: T0 : 0x80000fbc @memcpy+404    : brn                        : No_OpClass : 
4270000: system.cpu: T0 : 0x80001010 @memcpy+488    : addi                       : No_OpClass : 
4271000: system.cpu: T0 : 0x80001014 @memcpy+492    : cmpu                       : No_OpClass : 
4272000: system.cpu: T0 : 0x80001018 @memcpy+496    : brn                        : No_OpClass : 
4273000: system.cpu: T0 : 0x8000101c @memcpy+500    : jump 0                     : No_OpClass : 
4274000: system.cpu: T0 : 0x80001020 @memcpy+504    : blockcopy                  : No_OpClass : 
4275000: system.cpu: T0 : 0x80001024 @memcpy+508    : ld                         : MemRead :  A=0x800000c8
4276000: system.cpu: T0 : 0x80001028 @memcpy+512    : blockcopy                  : No_OpClass : 
4277000: system.cpu: T0 : 0x8000102c @memcpy+516    : st                         : MemWrite :  A=0x7fffffffde40
4278000: system.cpu: T0 : 0x80001030 @memcpy+520    : ld                         : MemRead :  A=0x800000cc
4279000: system.cpu: T0 : 0x80001034 @memcpy+524    : st                         : MemWrite :  A=0x7fffffffde44
4280000: system.cpu: T0 : 0x80001038 @memcpy+528    : addi                       : No_OpClass : 
4281000: system.cpu: T0 : 0x8000103c @memcpy+532    : add                        : No_OpClass : 
4282000: system.cpu: T0 : 0x80001040 @memcpy+536    : add                        : No_OpClass : 
4283000: system.cpu: T0 : 0x80001044 @memcpy+540    : addi                       : No_OpClass : 
4284000: system.cpu: T0 : 0x80001048 @memcpy+544    : and                        : No_OpClass : 
4285000: system.cpu: T0 : 0x8000104c @memcpy+548    : brz                        : No_OpClass : 
4286000: system.cpu: T0 : 0x80001070 @memcpy+584    : addi                       : No_OpClass : 
4287000: system.cpu: T0 : 0x80001074 @memcpy+588    : and                        : No_OpClass : 
4288000: system.cpu: T0 : 0x80001078 @memcpy+592    : brz                        : No_OpClass : 
4289000: system.cpu: T0 : 0x800010a4 @memcpy+636    : addi                       : No_OpClass : 
4290000: system.cpu: T0 : 0x800010a8 @memcpy+640    : and                        : No_OpClass : 
4291000: system.cpu: T0 : 0x800010ac @memcpy+644    : brz                        : No_OpClass : 
4292000: system.cpu: T0 : 0x80001314 @memcpy+1260    : addi.rb                    : No_OpClass : 
4293000: system.cpu: T0 : 0x80001318 @memcpy+1264    : ret                        : No_OpClass : 
4294000: system.cpu: T0 : 0x800047cc @get_random_secret+188    : jump 0                     : No_OpClass : 
4295000: system.cpu: T0 : 0x800047d0 @get_random_secret+192    : jump 0                     : No_OpClass : 
4296000: system.cpu: T0 : 0x800047d4 @get_random_secret+196    : ld                         : MemRead :  A=0x7fffffffde38
4297000: system.cpu: T0 : 0x800047d8 @get_random_secret+200    : addi                       : No_OpClass : 
4298000: system.cpu: T0 : 0x800047dc @get_random_secret+204    : add                        : No_OpClass : 
4299000: system.cpu: T0 : 0x800047e0 @get_random_secret+208    : st                         : MemWrite :  A=0x7fffffffde38
4300000: system.cpu: T0 : 0x800047e4 @get_random_secret+212    : jump -44                   : No_OpClass : 
4301000: system.cpu: T0 : 0x80004738 @get_random_secret+40    : rela                       : No_OpClass : 
4302000: system.cpu: T0 : 0x8000473c @get_random_secret+44    : addi.rb                    : No_OpClass : 
4303000: system.cpu: T0 : 0x80004740 @get_random_secret+48    : ld                         : MemRead :  A=0x800081b8
4304000: system.cpu: T0 : 0x80004744 @get_random_secret+52    : ld                         : MemRead :  A=0x7fffffffde38
4305000: system.cpu: T0 : 0x80004748 @get_random_secret+56    : addi                       : No_OpClass : 
4306000: system.cpu: T0 : 0x8000474c @get_random_secret+60    : shlu                       : No_OpClass : 
4307000: system.cpu: T0 : 0x80004750 @get_random_secret+64    : add                        : No_OpClass : 
4308000: system.cpu: T0 : 0x80004754 @get_random_secret+68    : blockcopy                  : No_OpClass : 
4309000: system.cpu: T0 : 0x80004758 @get_random_secret+72    : ld                         : MemRead :  A=0x7fffffffdff0
4310000: system.cpu: T0 : 0x8000475c @get_random_secret+76    : brz                        : No_OpClass : 
4311000: system.cpu: T0 : 0x800047e8 @get_random_secret+216    : ld                         : MemRead :  A=0x7fffffffde40
4312000: system.cpu: T0 : 0x800047ec @get_random_secret+220    : addi.rb                    : No_OpClass : 
4313000: system.cpu: T0 : 0x800047f0 @get_random_secret+224    : ret                        : No_OpClass : 
4314000: system.cpu: T0 : 0x80003000 @__malloc_alloc_meta+28    : rela                       : No_OpClass : 
4315000: system.cpu: T0 : 0x80003004 @__malloc_alloc_meta+32    : addi.rb                    : No_OpClass : 
4316000: system.cpu: T0 : 0x80003008 @__malloc_alloc_meta+36    : st                         : MemWrite :  A=0x80008230
4317000: system.cpu: T0 : 0x8000300c @__malloc_alloc_meta+40    : rela                       : No_OpClass : 
4318000: system.cpu: T0 : 0x80003010 @__malloc_alloc_meta+44    : addi.rb                    : No_OpClass : 
4319000: system.cpu: T0 : 0x80003014 @__malloc_alloc_meta+48    : addi                       : No_OpClass : 
4320000: system.cpu: T0 : 0x80003018 @__malloc_alloc_meta+52    : st                         : MemWrite :  A=0x80008238
4321000: system.cpu: T0 : 0x8000301c @__malloc_alloc_meta+56    : jump 0                     : No_OpClass : 
4322000: system.cpu: T0 : 0x80003020 @__malloc_alloc_meta+60    : rela                       : No_OpClass : 
4323000: system.cpu: T0 : 0x80003024 @__malloc_alloc_meta+64    : addi.rb                    : No_OpClass : 
4324000: system.cpu: T0 : 0x80003028 @__malloc_alloc_meta+68    : ld                         : MemRead :  A=0x800081e0
4325000: system.cpu: T0 : 0x8000302c @__malloc_alloc_meta+72    : st                         : MemWrite :  A=0x7fffffffde78
4326000: system.cpu: T0 : 0x80003030 @__malloc_alloc_meta+76    : ld                         : MemRead :  A=0x7fffffffde78
4327000: system.cpu: T0 : 0x80003034 @__malloc_alloc_meta+80    : setzw                      : No_OpClass : 
4328000: system.cpu: T0 : 0x80003038 @__malloc_alloc_meta+84    : cmpu                       : No_OpClass : 
4329000: system.cpu: T0 : 0x8000303c @__malloc_alloc_meta+88    : brp                        : No_OpClass : 
4330000: system.cpu: T0 : 0x80003040 @__malloc_alloc_meta+92    : jump 0                     : No_OpClass : 
4331000: system.cpu: T0 : 0x80003044 @__malloc_alloc_meta+96    : setzw                      : No_OpClass : 
4332000: system.cpu: T0 : 0x80003048 @__malloc_alloc_meta+100    : st                         : MemWrite :  A=0x7fffffffde78
4333000: system.cpu: T0 : 0x8000304c @__malloc_alloc_meta+104    : jump 0                     : No_OpClass : 
4334000: system.cpu: T0 : 0x80003050 @__malloc_alloc_meta+108    : rela                       : No_OpClass : 
4335000: system.cpu: T0 : 0x80003054 @__malloc_alloc_meta+112    : addi.rb                    : No_OpClass : 
4336000: system.cpu: T0 : 0x80003058 @__malloc_alloc_meta+116    : call                       : No_OpClass : 
4337000: system.cpu: T0 : 0x800034d4 @dequeue_head    : addi.rb                    : No_OpClass : 
4338000: system.cpu: T0 : 0x800034d8 @dequeue_head+4    : blockcopy                  : No_OpClass : 
4339000: system.cpu: T0 : 0x800034dc @dequeue_head+8    : st                         : MemWrite :  A=0x7fffffffde40
4340000: system.cpu: T0 : 0x800034e0 @dequeue_head+12    : ld                         : MemRead :  A=0x7fffffffde40
4341000: system.cpu: T0 : 0x800034e4 @dequeue_head+16    : blockcopy                  : No_OpClass : 
4342000: system.cpu: T0 : 0x800034e8 @dequeue_head+20    : ld                         : MemRead :  A=0x80008240
4343000: system.cpu: T0 : 0x800034ec @dequeue_head+24    : st                         : MemWrite :  A=0x7fffffffde38
4344000: system.cpu: T0 : 0x800034f0 @dequeue_head+28    : ld                         : MemRead :  A=0x7fffffffde38
4345000: system.cpu: T0 : 0x800034f4 @dequeue_head+32    : brz                        : No_OpClass : 
4346000: system.cpu: T0 : 0x80003514 @dequeue_head+64    : ld                         : MemRead :  A=0x7fffffffde38
4347000: system.cpu: T0 : 0x80003518 @dequeue_head+68    : blockcopy                  : No_OpClass : 
4348000: system.cpu: T0 : 0x8000351c @dequeue_head+72    : addi.rb                    : No_OpClass : 
4349000: system.cpu: T0 : 0x80003520 @dequeue_head+76    : ret                        : No_OpClass : 
4350000: system.cpu: T0 : 0x8000305c @__malloc_alloc_meta+120    : blockcopy                  : No_OpClass : 
4351000: system.cpu: T0 : 0x80003060 @__malloc_alloc_meta+124    : st                         : MemWrite :  A=0x7fffffffde88
4352000: system.cpu: T0 : 0x80003064 @__malloc_alloc_meta+128    : brz                        : No_OpClass : 
4353000: system.cpu: T0 : 0x80003078 @__malloc_alloc_meta+148    : rela                       : No_OpClass : 
4354000: system.cpu: T0 : 0x8000307c @__malloc_alloc_meta+152    : addi.rb                    : No_OpClass : 
4355000: system.cpu: T0 : 0x80003080 @__malloc_alloc_meta+156    : ld                         : MemRead :  A=0x80008250
4356000: system.cpu: T0 : 0x80003084 @__malloc_alloc_meta+160    : brnz                       : No_OpClass : 
4357000: system.cpu: T0 : 0x80003088 @__malloc_alloc_meta+164    : jump 0                     : No_OpClass : 
4358000: system.cpu: T0 : 0x8000308c @__malloc_alloc_meta+168    : addi.rb                    : No_OpClass : 
4359000: system.cpu: T0 : 0x80003090 @__malloc_alloc_meta+172    : addi                       : No_OpClass : 
4360000: system.cpu: T0 : 0x80003094 @__malloc_alloc_meta+176    : st                         : MemWrite :  A=0x7fffffffde74
4361000: system.cpu: T0 : 0x80003098 @__malloc_alloc_meta+180    : rela                       : No_OpClass : 
4362000: system.cpu: T0 : 0x8000309c @__malloc_alloc_meta+184    : addi.rb                    : No_OpClass : 
4363000: system.cpu: T0 : 0x800030a0 @__malloc_alloc_meta+188    : ld                         : MemRead :  A=0x80008258
4364000: system.cpu: T0 : 0x800030a4 @__malloc_alloc_meta+192    : brnz                       : No_OpClass : 
4365000: system.cpu: T0 : 0x800030a8 @__malloc_alloc_meta+196    : jump 0                     : No_OpClass : 
4366000: system.cpu: T0 : 0x800030ac @__malloc_alloc_meta+200    : rela                       : No_OpClass : 
4367000: system.cpu: T0 : 0x800030b0 @__malloc_alloc_meta+204    : addi.rb                    : No_OpClass : 
4368000: system.cpu: T0 : 0x800030b4 @__malloc_alloc_meta+208    : ld                         : MemRead :  A=0x800085c8
4369000: system.cpu: T0 : 0x800030b8 @__malloc_alloc_meta+212    : addi                       : No_OpClass : 
4370000: system.cpu: T0 : 0x800030bc @__malloc_alloc_meta+216    : breq                       : No_OpClass : 
4371000: system.cpu: T0 : 0x800030c0 @__malloc_alloc_meta+220    : jump 0                     : No_OpClass : 
4372000: system.cpu: T0 : 0x800030c4 @__malloc_alloc_meta+224    : rela                       : No_OpClass : 
4373000: system.cpu: T0 : 0x800030c8 @__malloc_alloc_meta+228    : addi.rb                    : No_OpClass : 
4374000: system.cpu: T0 : 0x800030cc @__malloc_alloc_meta+232    : ld                         : MemRead :  A=0x800085c8
4375000: system.cpu: T0 : 0x800030d0 @__malloc_alloc_meta+236    : ld                         : MemRead :  A=0x7fffffffde78
4376000: system.cpu: T0 : 0x800030d4 @__malloc_alloc_meta+240    : add                        : No_OpClass : 
4377000: system.cpu: T0 : 0x800030d8 @__malloc_alloc_meta+244    : st                         : MemWrite :  A=0x7fffffffde68
4378000: system.cpu: T0 : 0x800030dc @__malloc_alloc_meta+248    : addi.rb                    : No_OpClass : 
4379000: system.cpu: T0 : 0x800030e0 @__malloc_alloc_meta+252    : addi                       : No_OpClass : 
4380000: system.cpu: T0 : 0x800030e4 @__malloc_alloc_meta+256    : st                         : MemWrite :  A=0x7fffffffde64
4381000: system.cpu: T0 : 0x800030e8 @__malloc_alloc_meta+260    : ld                         : MemRead :  A=0x800085c8
4382000: system.cpu: T0 : 0x800030ec @__malloc_alloc_meta+264    : brnz                       : No_OpClass : 
4383000: system.cpu: T0 : 0x800030f0 @__malloc_alloc_meta+268    : jump 0                     : No_OpClass : 
4384000: system.cpu: T0 : 0x800030f4 @__malloc_alloc_meta+272    : addi.rb                    : No_OpClass : 
4385000: system.cpu: T0 : 0x800030f8 @__malloc_alloc_meta+276    : addi                       : No_OpClass : 
4386000: system.cpu: T0 : 0x800030fc @__malloc_alloc_meta+280    : st                         : MemWrite :  A=0x7fffffffde50
4387000: system.cpu: T0 : 0x80003100 @__malloc_alloc_meta+284    : st                         : MemWrite :  A=0x7fffffffde64
4388000: system.cpu: T0 : 0x80003104 @__malloc_alloc_meta+288    : addi                       : No_OpClass : 
4389000: system.cpu: T0 : 0x80003108 @__malloc_alloc_meta+292    : addi                       : No_OpClass : 
4390000: system.cpu: T0 : 0x8000310c @__malloc_alloc_meta+296    : st                         : MemWrite :  A=0x7fffffffde48
4391000: system.cpu: T0 : 0x80003110 @__malloc_alloc_meta+300    : call                       : No_OpClass : 
4392000: system.cpu: T0 : 0x80003524 @__syscall1    : addi.rb                    : No_OpClass : 
4393000: system.cpu: T0 : 0x80003528 @__syscall1+4    : st                         : MemWrite :  A=0x7fffffffde40
4394000: system.cpu: T0 : 0x8000352c @__syscall1+8    : st                         : MemWrite :  A=0x7fffffffde38
4395000: system.cpu: T0 : 0x80003530 @__syscall1+12    : ld                         : MemRead :  A=0x7fffffffde40
4396000: system.cpu: T0 : 0x80003534 @__syscall1+16    : st                         : MemWrite :  A=0x7fffffffde30
4397000: system.cpu: T0 : 0x80003538 @__syscall1+20    : ld                         : MemRead :  A=0x7fffffffde38
4398000: system.cpu: T0 : 0x8000353c @__syscall1+24    : st                         : MemWrite :  A=0x7fffffffde28
4399000: system.cpu: T0 : 0x80003540 @__syscall1+28    : ld                         : MemRead :  A=0x7fffffffde30
4400000: system.cpu: T0 : 0x80003544 @__syscall1+32    : ld                         : MemRead :  A=0x7fffffffde28
4401000: system.cpu: T0 : 0x80003548 @__syscall1+36    : trap                       : No_OpClass : 
4402000: system.cpu: T0 : 0x8000354c @__syscall1+40    : st                         : MemWrite :  A=0x7fffffffde20
4403000: system.cpu: T0 : 0x80003550 @__syscall1+44    : ld                         : MemRead :  A=0x7fffffffde20
4404000: system.cpu: T0 : 0x80003554 @__syscall1+48    : addi.rb                    : No_OpClass : 
4405000: system.cpu: T0 : 0x80003558 @__syscall1+52    : ret                        : No_OpClass : 
4406000: system.cpu: T0 : 0x80003114 @__malloc_alloc_meta+304    : ld                         : MemRead :  A=0x7fffffffde48
4407000: system.cpu: T0 : 0x80003118 @__malloc_alloc_meta+308    : ld                         : MemRead :  A=0x7fffffffde50
4408000: system.cpu: T0 : 0x8000311c @__malloc_alloc_meta+312    : rela                       : No_OpClass : 
4409000: system.cpu: T0 : 0x80003120 @__malloc_alloc_meta+316    : addi.rb                    : No_OpClass : 
4410000: system.cpu: T0 : 0x80003124 @__malloc_alloc_meta+320    : st                         : MemWrite :  A=0x800085c8
4411000: system.cpu: T0 : 0x80003128 @__malloc_alloc_meta+324    : ld                         : MemRead :  A=0x800085c8
4412000: system.cpu: T0 : 0x8000312c @__malloc_alloc_meta+328    : sub                        : No_OpClass : 
4413000: system.cpu: T0 : 0x80003130 @__malloc_alloc_meta+332    : ld                         : MemRead :  A=0x7fffffffde78
4414000: system.cpu: T0 : 0x80003134 @__malloc_alloc_meta+336    : addi                       : No_OpClass : 
4415000: system.cpu: T0 : 0x80003138 @__malloc_alloc_meta+340    : add                        : No_OpClass : 
4416000: system.cpu: T0 : 0x8000313c @__malloc_alloc_meta+344    : and                        : No_OpClass : 
4417000: system.cpu: T0 : 0x80003140 @__malloc_alloc_meta+348    : add                        : No_OpClass : 
4418000: system.cpu: T0 : 0x80003144 @__malloc_alloc_meta+352    : st                         : MemWrite :  A=0x800085c8
4419000: system.cpu: T0 : 0x80003148 @__malloc_alloc_meta+356    : ld                         : MemRead :  A=0x800085c8
4420000: system.cpu: T0 : 0x8000314c @__malloc_alloc_meta+360    : ld                         : MemRead :  A=0x7fffffffde78
4421000: system.cpu: T0 : 0x80003150 @__malloc_alloc_meta+364    : shlu                       : No_OpClass : 
4422000: system.cpu: T0 : 0x80003154 @__malloc_alloc_meta+368    : add                        : No_OpClass : 
4423000: system.cpu: T0 : 0x80003158 @__malloc_alloc_meta+372    : st                         : MemWrite :  A=0x7fffffffde68
4424000: system.cpu: T0 : 0x8000315c @__malloc_alloc_meta+376    : jump 0                     : No_OpClass : 
4425000: system.cpu: T0 : 0x80003160 @__malloc_alloc_meta+380    : ld                         : MemRead :  A=0x7fffffffde68
4426000: system.cpu: T0 : 0x80003164 @__malloc_alloc_meta+384    : addi                       : No_OpClass : 
4427000: system.cpu: T0 : 0x80003168 @__malloc_alloc_meta+388    : call                       : No_OpClass : 
4428000: system.cpu: T0 : 0x80003524 @__syscall1    : addi.rb                    : No_OpClass : 
4429000: system.cpu: T0 : 0x80003528 @__syscall1+4    : st                         : MemWrite :  A=0x7fffffffde40
4430000: system.cpu: T0 : 0x8000352c @__syscall1+8    : st                         : MemWrite :  A=0x7fffffffde38
4431000: system.cpu: T0 : 0x80003530 @__syscall1+12    : ld                         : MemRead :  A=0x7fffffffde40
4432000: system.cpu: T0 : 0x80003534 @__syscall1+16    : st                         : MemWrite :  A=0x7fffffffde30
4433000: system.cpu: T0 : 0x80003538 @__syscall1+20    : ld                         : MemRead :  A=0x7fffffffde38
4434000: system.cpu: T0 : 0x8000353c @__syscall1+24    : st                         : MemWrite :  A=0x7fffffffde28
4435000: system.cpu: T0 : 0x80003540 @__syscall1+28    : ld                         : MemRead :  A=0x7fffffffde30
4436000: system.cpu: T0 : 0x80003544 @__syscall1+32    : ld                         : MemRead :  A=0x7fffffffde28
4437000: system.cpu: T0 : 0x80003548 @__syscall1+36    : trap                       : No_OpClass : 
4438000: system.cpu: T0 : 0x8000354c @__syscall1+40    : st                         : MemWrite :  A=0x7fffffffde20
4439000: system.cpu: T0 : 0x80003550 @__syscall1+44    : ld                         : MemRead :  A=0x7fffffffde20
4440000: system.cpu: T0 : 0x80003554 @__syscall1+48    : addi.rb                    : No_OpClass : 
4441000: system.cpu: T0 : 0x80003558 @__syscall1+52    : ret                        : No_OpClass : 
4442000: system.cpu: T0 : 0x8000316c @__malloc_alloc_meta+392    : ld                         : MemRead :  A=0x7fffffffde68
4443000: system.cpu: T0 : 0x80003170 @__malloc_alloc_meta+396    : breq                       : No_OpClass : 
4444000: system.cpu: T0 : 0x8000318c @__malloc_alloc_meta+424    : addi.rb                    : No_OpClass : 
4445000: system.cpu: T0 : 0x80003190 @__malloc_alloc_meta+428    : ld                         : MemRead :  A=0x7fffffffde64
4446000: system.cpu: T0 : 0x80003194 @__malloc_alloc_meta+432    : brz                        : No_OpClass : 
4447000: system.cpu: T0 : 0x80003198 @__malloc_alloc_meta+436    : jump 0                     : No_OpClass : 
4448000: system.cpu: T0 : 0x8000319c @__malloc_alloc_meta+440    : rela                       : No_OpClass : 
4449000: system.cpu: T0 : 0x800031a0 @__malloc_alloc_meta+444    : addi.rb                    : No_OpClass : 
4450000: system.cpu: T0 : 0x800031a4 @__malloc_alloc_meta+448    : ld                         : MemRead :  A=0x800085c8
4451000: system.cpu: T0 : 0x800031a8 @__malloc_alloc_meta+452    : ld                         : MemRead :  A=0x7fffffffde78
4452000: system.cpu: T0 : 0x800031ac @__malloc_alloc_meta+456    : addi                       : No_OpClass : 
4453000: system.cpu: T0 : 0x800031b0 @__malloc_alloc_meta+460    : setzw                      : No_OpClass : 
4454000: system.cpu: T0 : 0x800031b4 @__malloc_alloc_meta+464    : orw                        : No_OpClass : 
4455000: system.cpu: T0 : 0x800031b8 @__malloc_alloc_meta+468    : addi                       : No_OpClass : 
4456000: system.cpu: T0 : 0x800031bc @__malloc_alloc_meta+472    : blockcopy                  : No_OpClass : 
4457000: system.cpu: T0 : 0x800031c0 @__malloc_alloc_meta+476    : addi                       : No_OpClass : 
4458000: system.cpu: T0 : 0x800031c4 @__malloc_alloc_meta+480    : call                       : No_OpClass : 
4459000: system.cpu: T0 : 0x80005ffc @mmap    : addi.rb                    : No_OpClass : 
4460000: system.cpu: T0 : 0x80006000 @mmap+4    : blockcopy                  : No_OpClass : 
4461000: system.cpu: T0 : 0x80006004 @mmap+8    : st                         : MemWrite :  A=0x7fffffffde38
4462000: system.cpu: T0 : 0x80006008 @mmap+12    : st                         : MemWrite :  A=0x7fffffffde30
4463000: system.cpu: T0 : 0x8000600c @mmap+16    : addi.rb                    : No_OpClass : 
4464000: system.cpu: T0 : 0x80006010 @mmap+20    : st                         : MemWrite :  A=0x7fffffffde2c
4465000: system.cpu: T0 : 0x80006014 @mmap+24    : addi.rb                    : No_OpClass : 
4466000: system.cpu: T0 : 0x80006018 @mmap+28    : st                         : MemWrite :  A=0x7fffffffde28
4467000: system.cpu: T0 : 0x8000601c @mmap+32    : addi.rb                    : No_OpClass : 
4468000: system.cpu: T0 : 0x80006020 @mmap+36    : st                         : MemWrite :  A=0x7fffffffde24
4469000: system.cpu: T0 : 0x80006024 @mmap+40    : st                         : MemWrite :  A=0x7fffffffde18
4470000: system.cpu: T0 : 0x80006028 @mmap+44    : addi                       : No_OpClass : 
4471000: system.cpu: T0 : 0x8000602c @mmap+48    : addi.rb                    : No_OpClass : 
4472000: system.cpu: T0 : 0x80006030 @mmap+52    : blockcopy                  : No_OpClass : 
4473000: system.cpu: T0 : 0x80006034 @mmap+56    : orr                        : No_OpClass : 
4474000: system.cpu: T0 : 0x80006038 @mmap+60    : blockcopy                  : No_OpClass : 
4475000: system.cpu: T0 : 0x8000603c @mmap+64    : ld                         : MemRead :  A=0x7fffffffde1e
4476000: system.cpu: T0 : 0x80006040 @mmap+68    : setzw                      : No_OpClass : 
4477000: system.cpu: T0 : 0x80006044 @mmap+72    : and                        : No_OpClass : 
4478000: system.cpu: T0 : 0x80006048 @mmap+76    : brz                        : No_OpClass : 
4479000: system.cpu: T0 : 0x80006070 @mmap+116    : ld                         : MemRead :  A=0x7fffffffde30
4480000: system.cpu: T0 : 0x80006074 @mmap+120    : setzw                      : No_OpClass : 
4481000: system.cpu: T0 : 0x80006078 @mmap+124    : orw                        : No_OpClass : 
4482000: system.cpu: T0 : 0x8000607c @mmap+128    : orw                        : No_OpClass : 
4483000: system.cpu: T0 : 0x80006080 @mmap+132    : orw                        : No_OpClass : 
4484000: system.cpu: T0 : 0x80006084 @mmap+136    : cmpu                       : No_OpClass : 
4485000: system.cpu: T0 : 0x80006088 @mmap+140    : brn                        : No_OpClass : 
4486000: system.cpu: T0 : 0x800060b0 @mmap+180    : addi                       : No_OpClass : 
4487000: system.cpu: T0 : 0x800060b4 @mmap+184    : addi.rb                    : No_OpClass : 
4488000: system.cpu: T0 : 0x800060b8 @mmap+188    : blockcopy                  : No_OpClass : 
4489000: system.cpu: T0 : 0x800060bc @mmap+192    : orr                        : No_OpClass : 
4490000: system.cpu: T0 : 0x800060c0 @mmap+196    : blockcopy                  : No_OpClass : 
4491000: system.cpu: T0 : 0x800060c4 @mmap+200    : ld                         : MemRead :  A=0x7fffffffde2b
4492000: system.cpu: T0 : 0x800060c8 @mmap+204    : addi                       : No_OpClass : 
4493000: system.cpu: T0 : 0x800060cc @mmap+208    : and                        : No_OpClass : 
4494000: system.cpu: T0 : 0x800060d0 @mmap+212    : brz                        : No_OpClass : 
4495000: system.cpu: T0 : 0x800060d4 @mmap+216    : jump 0                     : No_OpClass : 
4496000: system.cpu: T0 : 0x800060d8 @mmap+220    : call                       : No_OpClass : 
4497000: system.cpu: T0 : 0x80002b60 @__vm_wait    : ret                        : No_OpClass : 
4498000: system.cpu: T0 : 0x800060dc @mmap+224    : jump 0                     : No_OpClass : 
4499000: system.cpu: T0 : 0x800060e0 @mmap+228    : ld                         : MemRead :  A=0x7fffffffde38
4500000: system.cpu: T0 : 0x800060e4 @mmap+232    : ld                         : MemRead :  A=0x7fffffffde30
4501000: system.cpu: T0 : 0x800060e8 @mmap+236    : addi.rb                    : No_OpClass : 
4502000: system.cpu: T0 : 0x800060ec @mmap+240    : ld                         : MemRead :  A=0x7fffffffde2c
4503000: system.cpu: T0 : 0x800060f0 @mmap+244    : addi.rb                    : No_OpClass : 
4504000: system.cpu: T0 : 0x800060f4 @mmap+248    : ld                         : MemRead :  A=0x7fffffffde28
4505000: system.cpu: T0 : 0x800060f8 @mmap+252    : addi.rb                    : No_OpClass : 
4506000: system.cpu: T0 : 0x800060fc @mmap+256    : ld                         : MemRead :  A=0x7fffffffde24
4507000: system.cpu: T0 : 0x80006100 @mmap+260    : ld                         : MemRead :  A=0x7fffffffde18
4508000: system.cpu: T0 : 0x80006104 @mmap+264    : addi                       : No_OpClass : 
4509000: system.cpu: T0 : 0x80006108 @mmap+268    : call                       : No_OpClass : 
4510000: system.cpu: T0 : 0x800061a8 @__syscall6    : addi.rb                    : No_OpClass : 
4511000: system.cpu: T0 : 0x800061ac @__syscall6+4    : st                         : MemWrite :  A=0x7fffffffde08
4512000: system.cpu: T0 : 0x800061b0 @__syscall6+8    : st                         : MemWrite :  A=0x7fffffffde00
4513000: system.cpu: T0 : 0x800061b4 @__syscall6+12    : st                         : MemWrite :  A=0x7fffffffddf8
4514000: system.cpu: T0 : 0x800061b8 @__syscall6+16    : st                         : MemWrite :  A=0x7fffffffddf0
4515000: system.cpu: T0 : 0x800061bc @__syscall6+20    : st                         : MemWrite :  A=0x7fffffffdde8
4516000: system.cpu: T0 : 0x800061c0 @__syscall6+24    : st                         : MemWrite :  A=0x7fffffffdde0
4517000: system.cpu: T0 : 0x800061c4 @__syscall6+28    : st                         : MemWrite :  A=0x7fffffffddd8
4518000: system.cpu: T0 : 0x800061c8 @__syscall6+32    : ld                         : MemRead :  A=0x7fffffffde08
4519000: system.cpu: T0 : 0x800061cc @__syscall6+36    : st                         : MemWrite :  A=0x7fffffffddd0
4520000: system.cpu: T0 : 0x800061d0 @__syscall6+40    : ld                         : MemRead :  A=0x7fffffffde00
4521000: system.cpu: T0 : 0x800061d4 @__syscall6+44    : st                         : MemWrite :  A=0x7fffffffddc8
4522000: system.cpu: T0 : 0x800061d8 @__syscall6+48    : ld                         : MemRead :  A=0x7fffffffddf8
4523000: system.cpu: T0 : 0x800061dc @__syscall6+52    : st                         : MemWrite :  A=0x7fffffffddc0
4524000: system.cpu: T0 : 0x800061e0 @__syscall6+56    : ld                         : MemRead :  A=0x7fffffffddf0
4525000: system.cpu: T0 : 0x800061e4 @__syscall6+60    : st                         : MemWrite :  A=0x7fffffffddb8
4526000: system.cpu: T0 : 0x800061e8 @__syscall6+64    : ld                         : MemRead :  A=0x7fffffffdde8
4527000: system.cpu: T0 : 0x800061ec @__syscall6+68    : st                         : MemWrite :  A=0x7fffffffddb0
4528000: system.cpu: T0 : 0x800061f0 @__syscall6+72    : ld                         : MemRead :  A=0x7fffffffdde0
4529000: system.cpu: T0 : 0x800061f4 @__syscall6+76    : st                         : MemWrite :  A=0x7fffffffdda8
4530000: system.cpu: T0 : 0x800061f8 @__syscall6+80    : ld                         : MemRead :  A=0x7fffffffddd8
4531000: system.cpu: T0 : 0x800061fc @__syscall6+84    : st                         : MemWrite :  A=0x7fffffffdda0
4532000: system.cpu: T0 : 0x80006200 @__syscall6+88    : ld                         : MemRead :  A=0x7fffffffddd0
4533000: system.cpu: T0 : 0x80006204 @__syscall6+92    : ld                         : MemRead :  A=0x7fffffffddc8
4534000: system.cpu: T0 : 0x80006208 @__syscall6+96    : ld                         : MemRead :  A=0x7fffffffddc0
4535000: system.cpu: T0 : 0x8000620c @__syscall6+100    : ld                         : MemRead :  A=0x7fffffffddb8
4536000: system.cpu: T0 : 0x80006210 @__syscall6+104    : ld                         : MemRead :  A=0x7fffffffddb0
4537000: system.cpu: T0 : 0x80006214 @__syscall6+108    : ld                         : MemRead :  A=0x7fffffffdda8
4538000: system.cpu: T0 : 0x80006218 @__syscall6+112    : ld                         : MemRead :  A=0x7fffffffdda0
4539000: system.cpu: T0 : 0x8000621c @__syscall6+116    : trap                       : No_OpClass : 
4540000: system.cpu: T0 : 0x80006220 @__syscall6+120    : st                         : MemWrite :  A=0x7fffffffdd98
4541000: system.cpu: T0 : 0x80006224 @__syscall6+124    : ld                         : MemRead :  A=0x7fffffffdd98
4542000: system.cpu: T0 : 0x80006228 @__syscall6+128    : addi.rb                    : No_OpClass : 
4543000: system.cpu: T0 : 0x8000622c @__syscall6+132    : ret                        : No_OpClass : 
4544000: system.cpu: T0 : 0x8000610c @mmap+272    : st                         : MemWrite :  A=0x7fffffffde10
4545000: system.cpu: T0 : 0x80006110 @mmap+276    : ld                         : MemRead :  A=0x7fffffffde10
4546000: system.cpu: T0 : 0x80006114 @mmap+280    : addi                       : No_OpClass : 
4547000: system.cpu: T0 : 0x80006118 @mmap+284    : brne                       : No_OpClass : 
4548000: system.cpu: T0 : 0x80006188 @mmap+396    : ld                         : MemRead :  A=0x7fffffffde10
4549000: system.cpu: T0 : 0x8000618c @mmap+400    : call                       : No_OpClass : 
4550000: system.cpu: T0 : 0x80002b10 @__syscall_ret    : addi.rb                    : No_OpClass : 
4551000: system.cpu: T0 : 0x80002b14 @__syscall_ret+4    : st                         : MemWrite :  A=0x7fffffffde08
4552000: system.cpu: T0 : 0x80002b18 @__syscall_ret+8    : setzw                      : No_OpClass : 
4553000: system.cpu: T0 : 0x80002b1c @__syscall_ret+12    : orw                        : No_OpClass : 
4554000: system.cpu: T0 : 0x80002b20 @__syscall_ret+16    : orw                        : No_OpClass : 
4555000: system.cpu: T0 : 0x80002b24 @__syscall_ret+20    : orw                        : No_OpClass : 
4556000: system.cpu: T0 : 0x80002b28 @__syscall_ret+24    : cmpu                       : No_OpClass : 
4557000: system.cpu: T0 : 0x80002b2c @__syscall_ret+28    : brn                        : No_OpClass : 
4558000: system.cpu: T0 : 0x80002b30 @__syscall_ret+32    : jump 0                     : No_OpClass : 
4559000: system.cpu: T0 : 0x80002b34 @__syscall_ret+36    : addi                       : No_OpClass : 
4560000: system.cpu: T0 : 0x80002b38 @__syscall_ret+40    : sub                        : No_OpClass : 
4561000: system.cpu: T0 : 0x80002b3c @__syscall_ret+44    : call                       : No_OpClass : 
4562000: system.cpu: T0 : 0x80002ad4 @__errno_location    : call                       : No_OpClass : 
4563000: system.cpu: T0 : 0x80002ae8 @__get_tp    : blockcopy                  : No_OpClass : 
4564000: system.cpu: T0 : 0x80002aec @__get_tp+4    : ret                        : No_OpClass : 
4565000: system.cpu: T0 : 0x80002ad8 @__errno_location+4    : addi                       : No_OpClass : 
4566000: system.cpu: T0 : 0x80002adc @__errno_location+8    : add                        : No_OpClass : 
4567000: system.cpu: T0 : 0x80002ae0 @__errno_location+12    : blockcopy                  : No_OpClass : 
4568000: system.cpu: T0 : 0x80002ae4 @__errno_location+16    : ret                        : No_OpClass : 
4569000: system.cpu: T0 : 0x80002b40 @__syscall_ret+48    : blockcopy                  : No_OpClass : 
4570000: system.cpu: T0 : 0x80002b44 @__syscall_ret+52    : blockcopy                  : No_OpClass : 
4571000: system.cpu: T0 : 0x80002b48 @__syscall_ret+56    : st                         : MemWrite :  A=0x80008074
4572000: system.cpu: T0 : 0x80002b4c @__syscall_ret+60    : addi                       : No_OpClass : 
4573000: system.cpu: T0 : 0x80002b50 @__syscall_ret+64    : addi                       : No_OpClass : 
4574000: system.cpu: T0 : 0x80002b54 @__syscall_ret+68    : ld                         : MemRead :  A=0x7fffffffde08
4575000: system.cpu: T0 : 0x80002b58 @__syscall_ret+72    : addi.rb                    : No_OpClass : 
4576000: system.cpu: T0 : 0x80002b5c @__syscall_ret+76    : ret                        : No_OpClass : 
4577000: system.cpu: T0 : 0x80006190 @mmap+404    : st                         : MemWrite :  A=0x7fffffffde40
4578000: system.cpu: T0 : 0x80006194 @mmap+408    : jump 0                     : No_OpClass : 
4579000: system.cpu: T0 : 0x80006198 @mmap+412    : ld                         : MemRead :  A=0x7fffffffde40
4580000: system.cpu: T0 : 0x8000619c @mmap+416    : blockcopy                  : No_OpClass : 
4581000: system.cpu: T0 : 0x800061a0 @mmap+420    : addi.rb                    : No_OpClass : 
4582000: system.cpu: T0 : 0x800061a4 @mmap+424    : ret                        : No_OpClass : 
4583000: system.cpu: T0 : 0x800031c8 @__malloc_alloc_meta+484    : jump 0                     : No_OpClass : 
4584000: system.cpu: T0 : 0x800031cc @__malloc_alloc_meta+488    : ld                         : MemRead :  A=0x7fffffffde68
4585000: system.cpu: T0 : 0x800031d0 @__malloc_alloc_meta+492    : rela                       : No_OpClass : 
4586000: system.cpu: T0 : 0x800031d4 @__malloc_alloc_meta+496    : addi.rb                    : No_OpClass : 
4587000: system.cpu: T0 : 0x800031d8 @__malloc_alloc_meta+500    : st                         : MemWrite :  A=0x800085c8
4588000: system.cpu: T0 : 0x800031dc @__malloc_alloc_meta+504    : ld                         : MemRead :  A=0x7fffffffde68
4589000: system.cpu: T0 : 0x800031e0 @__malloc_alloc_meta+508    : ld                         : MemRead :  A=0x7fffffffde78
4590000: system.cpu: T0 : 0x800031e4 @__malloc_alloc_meta+512    : sub                        : No_OpClass : 
4591000: system.cpu: T0 : 0x800031e8 @__malloc_alloc_meta+516    : rela                       : No_OpClass : 
4592000: system.cpu: T0 : 0x800031ec @__malloc_alloc_meta+520    : addi.rb                    : No_OpClass : 
4593000: system.cpu: T0 : 0x800031f0 @__malloc_alloc_meta+524    : st                         : MemWrite :  A=0x80008278
4594000: system.cpu: T0 : 0x800031f4 @__malloc_alloc_meta+528    : ld                         : MemRead :  A=0x7fffffffde78
4595000: system.cpu: T0 : 0x800031f8 @__malloc_alloc_meta+532    : addi                       : No_OpClass : 
4596000: system.cpu: T0 : 0x800031fc @__malloc_alloc_meta+536    : shru                       : No_OpClass : 
4597000: system.cpu: T0 : 0x80003200 @__malloc_alloc_meta+540    : rela                       : No_OpClass : 
4598000: system.cpu: T0 : 0x80003204 @__malloc_alloc_meta+544    : addi.rb                    : No_OpClass : 
4599000: system.cpu: T0 : 0x80003208 @__malloc_alloc_meta+548    : st                         : MemWrite :  A=0x80008258
4600000: system.cpu: T0 : 0x8000320c @__malloc_alloc_meta+552    : addi.rb                    : No_OpClass : 
4601000: system.cpu: T0 : 0x80003210 @__malloc_alloc_meta+556    : addi                       : No_OpClass : 
4602000: system.cpu: T0 : 0x80003214 @__malloc_alloc_meta+560    : st                         : MemWrite :  A=0x7fffffffde74
4603000: system.cpu: T0 : 0x80003218 @__malloc_alloc_meta+564    : jump 0                     : No_OpClass : 
4604000: system.cpu: T0 : 0x8000321c @__malloc_alloc_meta+568    : jump 0                     : No_OpClass : 
4605000: system.cpu: T0 : 0x80003220 @__malloc_alloc_meta+572    : rela                       : No_OpClass : 
4606000: system.cpu: T0 : 0x80003224 @__malloc_alloc_meta+576    : addi.rb                    : No_OpClass : 
4607000: system.cpu: T0 : 0x80003228 @__malloc_alloc_meta+580    : ld                         : MemRead :  A=0x80008258
4608000: system.cpu: T0 : 0x8000322c @__malloc_alloc_meta+584    : brnz                       : No_OpClass : 
4609000: system.cpu: T0 : 0x800032f4 @__malloc_alloc_meta+784    : rela                       : No_OpClass : 
4610000: system.cpu: T0 : 0x800032f8 @__malloc_alloc_meta+788    : addi.rb                    : No_OpClass : 
4611000: system.cpu: T0 : 0x800032fc @__malloc_alloc_meta+792    : ld                         : MemRead :  A=0x80008278
4612000: system.cpu: T0 : 0x80003300 @__malloc_alloc_meta+796    : st                         : MemWrite :  A=0x7fffffffde80
4613000: system.cpu: T0 : 0x80003304 @__malloc_alloc_meta+800    : ld                         : MemRead :  A=0x7fffffffde80
4614000: system.cpu: T0 : 0x80003308 @__malloc_alloc_meta+804    : ld                         : MemRead :  A=0x7fffffffde78
4615000: system.cpu: T0 : 0x8000330c @__malloc_alloc_meta+808    : addi                       : No_OpClass : 
4616000: system.cpu: T0 : 0x80003310 @__malloc_alloc_meta+812    : add                        : No_OpClass : 
4617000: system.cpu: T0 : 0x80003314 @__malloc_alloc_meta+816    : and                        : No_OpClass : 
4618000: system.cpu: T0 : 0x80003318 @__malloc_alloc_meta+820    : brz                        : No_OpClass : 
4619000: system.cpu: T0 : 0x80003330 @__malloc_alloc_meta+844    : addi.rb                    : No_OpClass : 
4620000: system.cpu: T0 : 0x80003334 @__malloc_alloc_meta+848    : ld                         : MemRead :  A=0x7fffffffde74
4621000: system.cpu: T0 : 0x80003338 @__malloc_alloc_meta+852    : brz                        : No_OpClass : 
4622000: system.cpu: T0 : 0x80003394 @__malloc_alloc_meta+944    : rela                       : No_OpClass : 
4623000: system.cpu: T0 : 0x80003398 @__malloc_alloc_meta+948    : addi.rb                    : No_OpClass : 
4624000: system.cpu: T0 : 0x8000339c @__malloc_alloc_meta+952    : ld                         : MemRead :  A=0x80008258
4625000: system.cpu: T0 : 0x800033a0 @__malloc_alloc_meta+956    : addi                       : No_OpClass : 
4626000: system.cpu: T0 : 0x800033a4 @__malloc_alloc_meta+960    : add                        : No_OpClass : 
4627000: system.cpu: T0 : 0x800033a8 @__malloc_alloc_meta+964    : st                         : MemWrite :  A=0x80008258
4628000: system.cpu: T0 : 0x800033ac @__malloc_alloc_meta+968    : ld                         : MemRead :  A=0x7fffffffde80
4629000: system.cpu: T0 : 0x800033b0 @__malloc_alloc_meta+972    : setzw                      : No_OpClass : 
4630000: system.cpu: T0 : 0x800033b4 @__malloc_alloc_meta+976    : add                        : No_OpClass : 
4631000: system.cpu: T0 : 0x800033b8 @__malloc_alloc_meta+980    : rela                       : No_OpClass : 
4632000: system.cpu: T0 : 0x800033bc @__malloc_alloc_meta+984    : addi.rb                    : No_OpClass : 
4633000: system.cpu: T0 : 0x800033c0 @__malloc_alloc_meta+988    : st                         : MemWrite :  A=0x80008278
4634000: system.cpu: T0 : 0x800033c4 @__malloc_alloc_meta+992    : rela                       : No_OpClass : 
4635000: system.cpu: T0 : 0x800033c8 @__malloc_alloc_meta+996    : addi.rb                    : No_OpClass : 
4636000: system.cpu: T0 : 0x800033cc @__malloc_alloc_meta+1000    : ld                         : MemRead :  A=0x80008270
4637000: system.cpu: T0 : 0x800033d0 @__malloc_alloc_meta+1004    : brz                        : No_OpClass : 
4638000: system.cpu: T0 : 0x800033f4 @__malloc_alloc_meta+1040    : ld                         : MemRead :  A=0x7fffffffde80
4639000: system.cpu: T0 : 0x800033f8 @__malloc_alloc_meta+1044    : rela                       : No_OpClass : 
4640000: system.cpu: T0 : 0x800033fc @__malloc_alloc_meta+1048    : addi.rb                    : No_OpClass : 
4641000: system.cpu: T0 : 0x80003400 @__malloc_alloc_meta+1052    : st                         : MemWrite :  A=0x80008268
4642000: system.cpu: T0 : 0x80003404 @__malloc_alloc_meta+1056    : jump 0                     : No_OpClass : 
4643000: system.cpu: T0 : 0x80003408 @__malloc_alloc_meta+1060    : ld                         : MemRead :  A=0x7fffffffde80
4644000: system.cpu: T0 : 0x8000340c @__malloc_alloc_meta+1064    : rela                       : No_OpClass : 
4645000: system.cpu: T0 : 0x80003410 @__malloc_alloc_meta+1068    : addi.rb                    : No_OpClass : 
4646000: system.cpu: T0 : 0x80003414 @__malloc_alloc_meta+1072    : st                         : MemWrite :  A=0x80008270
4647000: system.cpu: T0 : 0x80003418 @__malloc_alloc_meta+1076    : rela                       : No_OpClass : 
4648000: system.cpu: T0 : 0x8000341c @__malloc_alloc_meta+1080    : addi.rb                    : No_OpClass : 
4649000: system.cpu: T0 : 0x80003420 @__malloc_alloc_meta+1084    : ld                         : MemRead :  A=0x80008230
4650000: system.cpu: T0 : 0x80003424 @__malloc_alloc_meta+1088    : ld                         : MemRead :  A=0x80008270
4651000: system.cpu: T0 : 0x80003428 @__malloc_alloc_meta+1092    : blockcopy                  : No_OpClass : 
4653000: system.cpu: T0 : 0x8000342c @__malloc_alloc_meta+1096    : st                         : MemWrite :  A=0x87e01000
4654000: system.cpu: T0 : 0x80003430 @__malloc_alloc_meta+1100    : ld                         : MemRead :  A=0x80008270
4655000: system.cpu: T0 : 0x80003434 @__malloc_alloc_meta+1104    : addi                       : No_OpClass : 
4656000: system.cpu: T0 : 0x80003438 @__malloc_alloc_meta+1108    : blockcopy                  : No_OpClass : 
4657000: system.cpu: T0 : 0x8000343c @__malloc_alloc_meta+1112    : st                         : MemWrite :  A=0x87e01010
4658000: system.cpu: T0 : 0x80003440 @__malloc_alloc_meta+1116    : rela                       : No_OpClass : 
4659000: system.cpu: T0 : 0x80003444 @__malloc_alloc_meta+1120    : addi.rb                    : No_OpClass : 
4660000: system.cpu: T0 : 0x80003448 @__malloc_alloc_meta+1124    : st                         : MemWrite :  A=0x80008250
4661000: system.cpu: T0 : 0x8000344c @__malloc_alloc_meta+1128    : ld                         : MemRead :  A=0x80008270
4662000: system.cpu: T0 : 0x80003450 @__malloc_alloc_meta+1132    : addi                       : No_OpClass : 
4663000: system.cpu: T0 : 0x80003454 @__malloc_alloc_meta+1136    : add                        : No_OpClass : 
4664000: system.cpu: T0 : 0x80003458 @__malloc_alloc_meta+1140    : rela                       : No_OpClass : 
4665000: system.cpu: T0 : 0x8000345c @__malloc_alloc_meta+1144    : addi.rb                    : No_OpClass : 
4666000: system.cpu: T0 : 0x80003460 @__malloc_alloc_meta+1148    : st                         : MemWrite :  A=0x80008248
4667000: system.cpu: T0 : 0x80003464 @__malloc_alloc_meta+1152    : jump 0                     : No_OpClass : 
4668000: system.cpu: T0 : 0x80003468 @__malloc_alloc_meta+1156    : rela                       : No_OpClass : 
4669000: system.cpu: T0 : 0x8000346c @__malloc_alloc_meta+1160    : addi.rb                    : No_OpClass : 
4670000: system.cpu: T0 : 0x80003470 @__malloc_alloc_meta+1164    : ld                         : MemRead :  A=0x80008250
4671000: system.cpu: T0 : 0x80003474 @__malloc_alloc_meta+1168    : addi                       : No_OpClass : 
4672000: system.cpu: T0 : 0x80003478 @__malloc_alloc_meta+1172    : add                        : No_OpClass : 
4673000: system.cpu: T0 : 0x8000347c @__malloc_alloc_meta+1176    : st                         : MemWrite :  A=0x80008250
4674000: system.cpu: T0 : 0x80003480 @__malloc_alloc_meta+1180    : rela                       : No_OpClass : 
4675000: system.cpu: T0 : 0x80003484 @__malloc_alloc_meta+1184    : addi.rb                    : No_OpClass : 
4676000: system.cpu: T0 : 0x80003488 @__malloc_alloc_meta+1188    : ld                         : MemRead :  A=0x80008248
4677000: system.cpu: T0 : 0x8000348c @__malloc_alloc_meta+1192    : addi                       : No_OpClass : 
4678000: system.cpu: T0 : 0x80003490 @__malloc_alloc_meta+1196    : add                        : No_OpClass : 
4679000: system.cpu: T0 : 0x80003494 @__malloc_alloc_meta+1200    : st                         : MemWrite :  A=0x80008248
4680000: system.cpu: T0 : 0x80003498 @__malloc_alloc_meta+1204    : st                         : MemWrite :  A=0x7fffffffde88
4681000: system.cpu: T0 : 0x8000349c @__malloc_alloc_meta+1208    : ld                         : MemRead :  A=0x7fffffffde88
4682000: system.cpu: T0 : 0x800034a0 @__malloc_alloc_meta+1212    : addi                       : No_OpClass : 
4683000: system.cpu: T0 : 0x800034a4 @__malloc_alloc_meta+1216    : blockcopy                  : No_OpClass : 
4684000: system.cpu: T0 : 0x800034a8 @__malloc_alloc_meta+1220    : st                         : MemWrite :  A=0x87e01020
4685000: system.cpu: T0 : 0x800034ac @__malloc_alloc_meta+1224    : ld                         : MemRead :  A=0x7fffffffde88
4686000: system.cpu: T0 : 0x800034b0 @__malloc_alloc_meta+1228    : blockcopy                  : No_OpClass : 
4687000: system.cpu: T0 : 0x800034b4 @__malloc_alloc_meta+1232    : st                         : MemWrite :  A=0x87e01018
4688000: system.cpu: T0 : 0x800034b8 @__malloc_alloc_meta+1236    : ld                         : MemRead :  A=0x7fffffffde88
4689000: system.cpu: T0 : 0x800034bc @__malloc_alloc_meta+1240    : st                         : MemWrite :  A=0x7fffffffde90
4690000: system.cpu: T0 : 0x800034c0 @__malloc_alloc_meta+1244    : jump 0                     : No_OpClass : 
4691000: system.cpu: T0 : 0x800034c4 @__malloc_alloc_meta+1248    : ld                         : MemRead :  A=0x7fffffffde90
4692000: system.cpu: T0 : 0x800034c8 @__malloc_alloc_meta+1252    : blockcopy                  : No_OpClass : 
4693000: system.cpu: T0 : 0x800034cc @__malloc_alloc_meta+1256    : addi.rb                    : No_OpClass : 
4694000: system.cpu: T0 : 0x800034d0 @__malloc_alloc_meta+1260    : ret                        : No_OpClass : 
4695000: system.cpu: T0 : 0x80003604 @__libc_malloc_impl+168    : blockcopy                  : No_OpClass : 
4696000: system.cpu: T0 : 0x80003608 @__libc_malloc_impl+172    : st                         : MemWrite :  A=0x7fffffffdee0
4697000: system.cpu: T0 : 0x8000360c @__libc_malloc_impl+176    : ld                         : MemRead :  A=0x7fffffffdee0
4698000: system.cpu: T0 : 0x80003610 @__libc_malloc_impl+180    : brnz                       : No_OpClass : 
4699000: system.cpu: T0 : 0x80003638 @__libc_malloc_impl+220    : ld                         : MemRead :  A=0x7fffffffdeb8
4700000: system.cpu: T0 : 0x8000363c @__libc_malloc_impl+224    : ld                         : MemRead :  A=0x7fffffffdee0
4701000: system.cpu: T0 : 0x80003640 @__libc_malloc_impl+228    : blockcopy                  : No_OpClass : 
4702000: system.cpu: T0 : 0x80003644 @__libc_malloc_impl+232    : st                         : MemWrite :  A=0x87e01028
4703000: system.cpu: T0 : 0x80003648 @__libc_malloc_impl+236    : ld                         : MemRead :  A=0x7fffffffdee0
4704000: system.cpu: T0 : 0x8000364c @__libc_malloc_impl+240    : blockcopy                  : No_OpClass : 
4705000: system.cpu: T0 : 0x80003650 @__libc_malloc_impl+244    : ld                         : MemRead :  A=0x87e01028
4706000: system.cpu: T0 : 0x80003654 @__libc_malloc_impl+248    : blockcopy                  : No_OpClass : 
4708000: system.cpu: T0 : 0x80003658 @__libc_malloc_impl+252    : st                         : MemWrite :  A=0x100000000
4709000: system.cpu: T0 : 0x8000365c @__libc_malloc_impl+256    : ld                         : MemRead :  A=0x7fffffffdee0
4710000: system.cpu: T0 : 0x80003660 @__libc_malloc_impl+260    : blockcopy                  : No_OpClass : 
4711000: system.cpu: T0 : 0x80003664 @__libc_malloc_impl+264    : ld                         : MemRead :  A=0x87e01038
4712000: system.cpu: T0 : 0x80003668 @__libc_malloc_impl+268    : setzw                      : No_OpClass : 
4713000: system.cpu: T0 : 0x8000366c @__libc_malloc_impl+272    : orw                        : No_OpClass : 
4714000: system.cpu: T0 : 0x80003670 @__libc_malloc_impl+276    : orw                        : No_OpClass : 
4715000: system.cpu: T0 : 0x80003674 @__libc_malloc_impl+280    : orw                        : No_OpClass : 
4716000: system.cpu: T0 : 0x80003678 @__libc_malloc_impl+284    : and                        : No_OpClass : 
4717000: system.cpu: T0 : 0x8000367c @__libc_malloc_impl+288    : blockcopy                  : No_OpClass : 
4718000: system.cpu: T0 : 0x80003680 @__libc_malloc_impl+292    : st                         : MemWrite :  A=0x87e01038
4719000: system.cpu: T0 : 0x80003684 @__libc_malloc_impl+296    : ld                         : MemRead :  A=0x7fffffffdee0
4720000: system.cpu: T0 : 0x80003688 @__libc_malloc_impl+300    : blockcopy                  : No_OpClass : 
4721000: system.cpu: T0 : 0x8000368c @__libc_malloc_impl+304    : ld                         : MemRead :  A=0x87e01038
4722000: system.cpu: T0 : 0x80003690 @__libc_malloc_impl+308    : setzw                      : No_OpClass : 
4723000: system.cpu: T0 : 0x80003694 @__libc_malloc_impl+312    : orr                        : No_OpClass : 
4724000: system.cpu: T0 : 0x80003698 @__libc_malloc_impl+316    : blockcopy                  : No_OpClass : 
4725000: system.cpu: T0 : 0x8000369c @__libc_malloc_impl+320    : st                         : MemWrite :  A=0x87e01038
4726000: system.cpu: T0 : 0x800036a0 @__libc_malloc_impl+324    : ld                         : MemRead :  A=0x7fffffffdee0
4727000: system.cpu: T0 : 0x800036a4 @__libc_malloc_impl+328    : blockcopy                  : No_OpClass : 
4728000: system.cpu: T0 : 0x800036a8 @__libc_malloc_impl+332    : ld                         : MemRead :  A=0x87e01038
4729000: system.cpu: T0 : 0x800036ac @__libc_malloc_impl+336    : setzw                      : No_OpClass : 
4730000: system.cpu: T0 : 0x800036b0 @__libc_malloc_impl+340    : orr                        : No_OpClass : 
4731000: system.cpu: T0 : 0x800036b4 @__libc_malloc_impl+344    : blockcopy                  : No_OpClass : 
4732000: system.cpu: T0 : 0x800036b8 @__libc_malloc_impl+348    : st                         : MemWrite :  A=0x87e01038
4733000: system.cpu: T0 : 0x800036bc @__libc_malloc_impl+352    : ld                         : MemRead :  A=0x7fffffffdec0
4734000: system.cpu: T0 : 0x800036c0 @__libc_malloc_impl+356    : setzw                      : No_OpClass : 
4735000: system.cpu: T0 : 0x800036c4 @__libc_malloc_impl+360    : add                        : No_OpClass : 
4736000: system.cpu: T0 : 0x800036c8 @__libc_malloc_impl+364    : addi                       : No_OpClass : 
4737000: system.cpu: T0 : 0x800036cc @__libc_malloc_impl+368    : shru                       : No_OpClass : 
4738000: system.cpu: T0 : 0x800036d0 @__libc_malloc_impl+372    : ld                         : MemRead :  A=0x7fffffffdee0
4739000: system.cpu: T0 : 0x800036d4 @__libc_malloc_impl+376    : blockcopy                  : No_OpClass : 
4740000: system.cpu: T0 : 0x800036d8 @__libc_malloc_impl+380    : ld                         : MemRead :  A=0x87e01038
4741000: system.cpu: T0 : 0x800036dc @__libc_malloc_impl+384    : setzw                      : No_OpClass : 
4742000: system.cpu: T0 : 0x800036e0 @__libc_malloc_impl+388    : and                        : No_OpClass : 
4743000: system.cpu: T0 : 0x800036e4 @__libc_malloc_impl+392    : orr                        : No_OpClass : 
4744000: system.cpu: T0 : 0x800036e8 @__libc_malloc_impl+396    : blockcopy                  : No_OpClass : 
4745000: system.cpu: T0 : 0x800036ec @__libc_malloc_impl+400    : st                         : MemWrite :  A=0x87e01038
4746000: system.cpu: T0 : 0x800036f0 @__libc_malloc_impl+404    : ld                         : MemRead :  A=0x7fffffffdee0
4747000: system.cpu: T0 : 0x800036f4 @__libc_malloc_impl+408    : addi                       : No_OpClass : 
4748000: system.cpu: T0 : 0x800036f8 @__libc_malloc_impl+412    : blockcopy                  : No_OpClass : 
4749000: system.cpu: T0 : 0x800036fc @__libc_malloc_impl+416    : st                         : MemWrite :  A=0x87e01034
4750000: system.cpu: T0 : 0x80003700 @__libc_malloc_impl+420    : ld                         : MemRead :  A=0x7fffffffdee0
4751000: system.cpu: T0 : 0x80003704 @__libc_malloc_impl+424    : blockcopy                  : No_OpClass : 
4752000: system.cpu: T0 : 0x80003708 @__libc_malloc_impl+428    : st                         : MemWrite :  A=0x87e01030
4753000: system.cpu: T0 : 0x8000370c @__libc_malloc_impl+432    : rela                       : No_OpClass : 
4754000: system.cpu: T0 : 0x80003710 @__libc_malloc_impl+436    : addi.rb                    : No_OpClass : 
4755000: system.cpu: T0 : 0x80003714 @__libc_malloc_impl+440    : ld                         : MemRead :  A=0x8000823c
4756000: system.cpu: T0 : 0x80003718 @__libc_malloc_impl+444    : addi                       : No_OpClass : 
4757000: system.cpu: T0 : 0x8000371c @__libc_malloc_impl+448    : add                        : No_OpClass : 
4758000: system.cpu: T0 : 0x80003720 @__libc_malloc_impl+452    : st                         : MemWrite :  A=0x8000823c
4759000: system.cpu: T0 : 0x80003724 @__libc_malloc_impl+456    : addi.rb                    : No_OpClass : 
4760000: system.cpu: T0 : 0x80003728 @__libc_malloc_impl+460    : st                         : MemWrite :  A=0x7fffffffded0
4761000: system.cpu: T0 : 0x8000372c @__libc_malloc_impl+464    : jump 207                   : No_OpClass : 
4762000: system.cpu: T0 : 0x80003a6c @__libc_malloc_impl+1296    : rela                       : No_OpClass : 
4763000: system.cpu: T0 : 0x80003a70 @__libc_malloc_impl+1300    : addi.rb                    : No_OpClass : 
4764000: system.cpu: T0 : 0x80003a74 @__libc_malloc_impl+1304    : ld                         : MemRead :  A=0x8000823c
4765000: system.cpu: T0 : 0x80003a78 @__libc_malloc_impl+1308    : addi.rb                    : No_OpClass : 
4766000: system.cpu: T0 : 0x80003a7c @__libc_malloc_impl+1312    : st                         : MemWrite :  A=0x7fffffffde98
4767000: system.cpu: T0 : 0x80003a80 @__libc_malloc_impl+1316    : st                         : MemWrite :  A=0x7fffffffdecc
4768000: system.cpu: T0 : 0x80003a84 @__libc_malloc_impl+1320    : call                       : No_OpClass : 
4769000: system.cpu: T0 : 0x800048ec @get_random_secret+476    : rela                       : No_OpClass : 
4770000: system.cpu: T0 : 0x800048f0 @get_random_secret+480    : addi.rb                    : No_OpClass : 
4771000: system.cpu: T0 : 0x800048f4 @get_random_secret+484    : call                       : No_OpClass : 
4772000: system.cpu: T0 : 0x80002efc @__unlock    : ld                         : MemRead :  A=0x800085d0
4773000: system.cpu: T0 : 0x80002f00 @__unlock+4    : addi                       : No_OpClass : 
4774000: system.cpu: T0 : 0x80002f04 @__unlock+8    : cmps                       : No_OpClass : 
4775000: system.cpu: T0 : 0x80002f08 @__unlock+12    : brp                        : No_OpClass : 
4776000: system.cpu: T0 : 0x80002f68 @__unlock+108    : ret                        : No_OpClass : 
4777000: system.cpu: T0 : 0x800048f8 @get_random_secret+488    : ret                        : No_OpClass : 
4778000: system.cpu: T0 : 0x80003a88 @__libc_malloc_impl+1324    : ld                         : MemRead :  A=0x7fffffffde98
4779000: system.cpu: T0 : 0x80003a8c @__libc_malloc_impl+1328    : ld                         : MemRead :  A=0x7fffffffdee0
4780000: system.cpu: T0 : 0x80003a90 @__libc_malloc_impl+1332    : ld                         : MemRead :  A=0x7fffffffdee8
4781000: system.cpu: T0 : 0x80003a94 @__libc_malloc_impl+1336    : ld                         : MemRead :  A=0x7fffffffdecc
4782000: system.cpu: T0 : 0x80003a98 @__libc_malloc_impl+1340    : addi.rb                    : No_OpClass : 
4783000: system.cpu: T0 : 0x80003a9c @__libc_malloc_impl+1344    : ld                         : MemRead :  A=0x7fffffffded0
4784000: system.cpu: T0 : 0x80003aa0 @__libc_malloc_impl+1348    : blockcopy                  : No_OpClass : 
4785000: system.cpu: T0 : 0x80003aa4 @__libc_malloc_impl+1352    : call                       : No_OpClass : 
4786000: system.cpu: T0 : 0x80003e88 @enframe    : addi.rb                    : No_OpClass : 
4787000: system.cpu: T0 : 0x80003e8c @enframe+4    : blockcopy                  : No_OpClass : 
4788000: system.cpu: T0 : 0x80003e90 @enframe+8    : st                         : MemWrite :  A=0x7fffffffde90
4789000: system.cpu: T0 : 0x80003e94 @enframe+12    : addi.rb                    : No_OpClass : 
4790000: system.cpu: T0 : 0x80003e98 @enframe+16    : st                         : MemWrite :  A=0x7fffffffde40
4791000: system.cpu: T0 : 0x80003e9c @enframe+20    : st                         : MemWrite :  A=0x7fffffffde8c
4792000: system.cpu: T0 : 0x80003ea0 @enframe+24    : st                         : MemWrite :  A=0x7fffffffde80
4793000: system.cpu: T0 : 0x80003ea4 @enframe+28    : addi.rb                    : No_OpClass : 
4794000: system.cpu: T0 : 0x80003ea8 @enframe+32    : st                         : MemWrite :  A=0x7fffffffde7c
4795000: system.cpu: T0 : 0x80003eac @enframe+36    : ld                         : MemRead :  A=0x7fffffffde90
4796000: system.cpu: T0 : 0x80003eb0 @enframe+40    : blockcopy                  : No_OpClass : 
4797000: system.cpu: T0 : 0x80003eb4 @enframe+44    : call                       : No_OpClass : 
4798000: system.cpu: T0 : 0x80004618 @__malloc_allzerop+1224    : addi.rb                    : No_OpClass : 
4799000: system.cpu: T0 : 0x8000461c @__malloc_allzerop+1228    : blockcopy                  : No_OpClass : 
4800000: system.cpu: T0 : 0x80004620 @__malloc_allzerop+1232    : st                         : MemWrite :  A=0x7fffffffde28
4801000: system.cpu: T0 : 0x80004624 @__malloc_allzerop+1236    : ld                         : MemRead :  A=0x7fffffffde28
4802000: system.cpu: T0 : 0x80004628 @__malloc_allzerop+1240    : blockcopy                  : No_OpClass : 
4803000: system.cpu: T0 : 0x8000462c @__malloc_allzerop+1244    : ld                         : MemRead :  A=0x87e01038
4804000: system.cpu: T0 : 0x80004630 @__malloc_allzerop+1248    : addi                       : No_OpClass : 
4805000: system.cpu: T0 : 0x80004634 @__malloc_allzerop+1252    : shru                       : No_OpClass : 
4806000: system.cpu: T0 : 0x80004638 @__malloc_allzerop+1256    : brnz                       : No_OpClass : 
4807000: system.cpu: T0 : 0x8000463c @__malloc_allzerop+1260    : jump 0                     : No_OpClass : 
4808000: system.cpu: T0 : 0x80004640 @__malloc_allzerop+1264    : ld                         : MemRead :  A=0x7fffffffde28
4809000: system.cpu: T0 : 0x80004644 @__malloc_allzerop+1268    : blockcopy                  : No_OpClass : 
4810000: system.cpu: T0 : 0x80004648 @__malloc_allzerop+1272    : ld                         : MemRead :  A=0x87e01038
4811000: system.cpu: T0 : 0x8000464c @__malloc_allzerop+1276    : setzw                      : No_OpClass : 
4812000: system.cpu: T0 : 0x80004650 @__malloc_allzerop+1280    : orw                        : No_OpClass : 
4813000: system.cpu: T0 : 0x80004654 @__malloc_allzerop+1284    : orw                        : No_OpClass : 
4814000: system.cpu: T0 : 0x80004658 @__malloc_allzerop+1288    : orw                        : No_OpClass : 
4815000: system.cpu: T0 : 0x8000465c @__malloc_allzerop+1292    : and                        : No_OpClass : 
4816000: system.cpu: T0 : 0x80004660 @__malloc_allzerop+1296    : brz                        : No_OpClass : 
4817000: system.cpu: T0 : 0x80004664 @__malloc_allzerop+1300    : jump 0                     : No_OpClass : 
4818000: system.cpu: T0 : 0x80004668 @__malloc_allzerop+1304    : ld                         : MemRead :  A=0x7fffffffde28
4819000: system.cpu: T0 : 0x8000466c @__malloc_allzerop+1308    : blockcopy                  : No_OpClass : 
4820000: system.cpu: T0 : 0x80004670 @__malloc_allzerop+1312    : ld                         : MemRead :  A=0x87e01038
4821000: system.cpu: T0 : 0x80004674 @__malloc_allzerop+1316    : addi                       : No_OpClass : 
4822000: system.cpu: T0 : 0x80004678 @__malloc_allzerop+1320    : shlu                       : No_OpClass : 
4823000: system.cpu: T0 : 0x8000467c @__malloc_allzerop+1324    : addi                       : No_OpClass : 
4824000: system.cpu: T0 : 0x80004680 @__malloc_allzerop+1328    : add                        : No_OpClass : 
4825000: system.cpu: T0 : 0x80004684 @__malloc_allzerop+1332    : st                         : MemWrite :  A=0x7fffffffde30
4826000: system.cpu: T0 : 0x80004688 @__malloc_allzerop+1336    : jump 17                    : No_OpClass : 
4827000: system.cpu: T0 : 0x800046d0 @__malloc_allzerop+1408    : ld                         : MemRead :  A=0x7fffffffde30
4828000: system.cpu: T0 : 0x800046d4 @__malloc_allzerop+1412    : addi.rb                    : No_OpClass : 
4829000: system.cpu: T0 : 0x800046d8 @__malloc_allzerop+1416    : ret                        : No_OpClass : 
4830000: system.cpu: T0 : 0x80003eb8 @enframe+48    : ld                         : MemRead :  A=0x7fffffffde40
4831000: system.cpu: T0 : 0x80003ebc @enframe+52    : st                         : MemWrite :  A=0x7fffffffde70
4832000: system.cpu: T0 : 0x80003ec0 @enframe+56    : ld                         : MemRead :  A=0x7fffffffde70
4833000: system.cpu: T0 : 0x80003ec4 @enframe+60    : ld                         : MemRead :  A=0x7fffffffde80
4834000: system.cpu: T0 : 0x80003ec8 @enframe+64    : sub                        : No_OpClass : 
4835000: system.cpu: T0 : 0x80003ecc @enframe+68    : addi                       : No_OpClass : 
4836000: system.cpu: T0 : 0x80003ed0 @enframe+72    : add                        : No_OpClass : 
4837000: system.cpu: T0 : 0x80003ed4 @enframe+76    : addi                       : No_OpClass : 
4838000: system.cpu: T0 : 0x80003ed8 @enframe+80    : shru                       : No_OpClass : 
4839000: system.cpu: T0 : 0x80003edc @enframe+84    : st                         : MemWrite :  A=0x7fffffffde68
4840000: system.cpu: T0 : 0x80003ee0 @enframe+88    : ld                         : MemRead :  A=0x7fffffffde90
4841000: system.cpu: T0 : 0x80003ee4 @enframe+92    : blockcopy                  : No_OpClass : 
4842000: system.cpu: T0 : 0x80003ee8 @enframe+96    : ld                         : MemRead :  A=0x87e01028
4843000: system.cpu: T0 : 0x80003eec @enframe+100    : ld                         : MemRead :  A=0x7fffffffde70
4844000: system.cpu: T0 : 0x80003ef0 @enframe+104    : ld                         : MemRead :  A=0x7fffffffde8c
4845000: system.cpu: T0 : 0x80003ef4 @enframe+108    : mulu                       : No_OpClass : 
4846000: system.cpu: T0 : 0x80003ef8 @enframe+112    : add                        : No_OpClass : 
4847000: system.cpu: T0 : 0x80003efc @enframe+116    : addi                       : No_OpClass : 
4848000: system.cpu: T0 : 0x80003f00 @enframe+120    : add                        : No_OpClass : 
4849000: system.cpu: T0 : 0x80003f04 @enframe+124    : st                         : MemWrite :  A=0x7fffffffde60
4850000: system.cpu: T0 : 0x80003f08 @enframe+128    : ld                         : MemRead :  A=0x7fffffffde60
4851000: system.cpu: T0 : 0x80003f0c @enframe+132    : ld                         : MemRead :  A=0x7fffffffde70
4852000: system.cpu: T0 : 0x80003f10 @enframe+136    : add                        : No_OpClass : 
4853000: system.cpu: T0 : 0x80003f14 @enframe+140    : add                        : No_OpClass : 
4854000: system.cpu: T0 : 0x80003f18 @enframe+144    : st                         : MemWrite :  A=0x7fffffffde58
4855000: system.cpu: T0 : 0x80003f1c @enframe+148    : ld                         : MemRead :  A=0x7fffffffde60
4856000: system.cpu: T0 : 0x80003f20 @enframe+152    : blockcopy                  : No_OpClass : 
4857000: system.cpu: T0 : 0x80003f24 @enframe+156    : ld                         : MemRead :  A=0x10000000d
4858000: system.cpu: T0 : 0x80003f28 @enframe+160    : brz                        : No_OpClass : 
4859000: system.cpu: T0 : 0x80003f4c @enframe+196    : addi.rb                    : No_OpClass : 
4860000: system.cpu: T0 : 0x80003f50 @enframe+200    : ld                         : MemRead :  A=0x7fffffffde7c
4861000: system.cpu: T0 : 0x80003f54 @enframe+204    : st                         : MemWrite :  A=0x7fffffffde38
4862000: system.cpu: T0 : 0x80003f58 @enframe+208    : jump 0                     : No_OpClass : 
4863000: system.cpu: T0 : 0x80003f5c @enframe+212    : ld                         : MemRead :  A=0x7fffffffde38
4864000: system.cpu: T0 : 0x80003f60 @enframe+216    : addi                       : No_OpClass : 
4865000: system.cpu: T0 : 0x80003f64 @enframe+220    : and                        : No_OpClass : 
4866000: system.cpu: T0 : 0x80003f68 @enframe+224    : addi.rb                    : No_OpClass : 
4867000: system.cpu: T0 : 0x80003f6c @enframe+228    : st                         : MemWrite :  A=0x7fffffffde54
4868000: system.cpu: T0 : 0x80003f70 @enframe+232    : jump 0                     : No_OpClass : 
4869000: system.cpu: T0 : 0x80003f74 @enframe+236    : ld                         : MemRead :  A=0x7fffffffde60
4870000: system.cpu: T0 : 0x80003f78 @enframe+240    : blockcopy                  : No_OpClass : 
4871000: system.cpu: T0 : 0x80003f7c @enframe+244    : ld                         : MemRead :  A=0x10000000c
4872000: system.cpu: T0 : 0x80003f80 @enframe+248    : brz                        : No_OpClass : 
4873000: system.cpu: T0 : 0x80003f90 @enframe+264    : jump 0                     : No_OpClass : 
4874000: system.cpu: T0 : 0x80003f94 @enframe+268    : addi.rb                    : No_OpClass : 
4875000: system.cpu: T0 : 0x80003f98 @enframe+272    : ld                         : MemRead :  A=0x7fffffffde54
4876000: system.cpu: T0 : 0x80003f9c @enframe+276    : ld                         : MemRead :  A=0x7fffffffde68
4877000: system.cpu: T0 : 0x80003fa0 @enframe+280    : cmpu                       : No_OpClass : 
4878000: system.cpu: T0 : 0x80003fa4 @enframe+284    : brnp                       : No_OpClass : 
4879000: system.cpu: T0 : 0x80003fa8 @enframe+288    : jump 0                     : No_OpClass : 
4880000: system.cpu: T0 : 0x80003fac @enframe+292    : ld                         : MemRead :  A=0x7fffffffde68
4881000: system.cpu: T0 : 0x80003fb0 @enframe+296    : st                         : MemWrite :  A=0x7fffffffde48
4882000: system.cpu: T0 : 0x80003fb4 @enframe+300    : ld                         : MemRead :  A=0x7fffffffde48
4883000: system.cpu: T0 : 0x80003fb8 @enframe+304    : addi                       : No_OpClass : 
4884000: system.cpu: T0 : 0x80003fbc @enframe+308    : shru                       : No_OpClass : 
4885000: system.cpu: T0 : 0x80003fc0 @enframe+312    : orr                        : No_OpClass : 
4886000: system.cpu: T0 : 0x80003fc4 @enframe+316    : st                         : MemWrite :  A=0x7fffffffde48
4887000: system.cpu: T0 : 0x80003fc8 @enframe+320    : ld                         : MemRead :  A=0x7fffffffde48
4888000: system.cpu: T0 : 0x80003fcc @enframe+324    : addi                       : No_OpClass : 
4889000: system.cpu: T0 : 0x80003fd0 @enframe+328    : shru                       : No_OpClass : 
4890000: system.cpu: T0 : 0x80003fd4 @enframe+332    : orr                        : No_OpClass : 
4891000: system.cpu: T0 : 0x80003fd8 @enframe+336    : st                         : MemWrite :  A=0x7fffffffde48
4892000: system.cpu: T0 : 0x80003fdc @enframe+340    : ld                         : MemRead :  A=0x7fffffffde48
4893000: system.cpu: T0 : 0x80003fe0 @enframe+344    : addi                       : No_OpClass : 
4894000: system.cpu: T0 : 0x80003fe4 @enframe+348    : shru                       : No_OpClass : 
4895000: system.cpu: T0 : 0x80003fe8 @enframe+352    : orr                        : No_OpClass : 
4896000: system.cpu: T0 : 0x80003fec @enframe+356    : st                         : MemWrite :  A=0x7fffffffde48
4897000: system.cpu: T0 : 0x80003ff0 @enframe+360    : ld                         : MemRead :  A=0x7fffffffde48
4898000: system.cpu: T0 : 0x80003ff4 @enframe+364    : addi.rb                    : No_OpClass : 
4899000: system.cpu: T0 : 0x80003ff8 @enframe+368    : ld                         : MemRead :  A=0x7fffffffde54
4900000: system.cpu: T0 : 0x80003ffc @enframe+372    : and                        : No_OpClass : 
4901000: system.cpu: T0 : 0x80004000 @enframe+376    : st                         : MemWrite :  A=0x7fffffffde54
4902000: system.cpu: T0 : 0x80004004 @enframe+380    : ld                         : MemRead :  A=0x7fffffffde54
4903000: system.cpu: T0 : 0x80004008 @enframe+384    : ld                         : MemRead :  A=0x7fffffffde68
4904000: system.cpu: T0 : 0x8000400c @enframe+388    : cmpu                       : No_OpClass : 
4905000: system.cpu: T0 : 0x80004010 @enframe+392    : brnp                       : No_OpClass : 
4906000: system.cpu: T0 : 0x80004038 @enframe+432    : jump 0                     : No_OpClass : 
4907000: system.cpu: T0 : 0x8000403c @enframe+436    : addi.rb                    : No_OpClass : 
4908000: system.cpu: T0 : 0x80004040 @enframe+440    : ld                         : MemRead :  A=0x7fffffffde54
4909000: system.cpu: T0 : 0x80004044 @enframe+444    : ld                         : MemRead :  A=0x7fffffffde68
4910000: system.cpu: T0 : 0x80004048 @enframe+448    : cmpu                       : No_OpClass : 
4911000: system.cpu: T0 : 0x8000404c @enframe+452    : brnp                       : No_OpClass : 
4912000: system.cpu: T0 : 0x8000405c @enframe+468    : jump 0                     : No_OpClass : 
4913000: system.cpu: T0 : 0x80004060 @enframe+472    : jump 0                     : No_OpClass : 
4914000: system.cpu: T0 : 0x80004064 @enframe+476    : addi.rb                    : No_OpClass : 
4915000: system.cpu: T0 : 0x80004068 @enframe+480    : ld                         : MemRead :  A=0x7fffffffde54
4916000: system.cpu: T0 : 0x8000406c @enframe+484    : brz                        : No_OpClass : 
4917000: system.cpu: T0 : 0x800040d8 @enframe+592    : ld                         : MemRead :  A=0x7fffffffde60
4918000: system.cpu: T0 : 0x800040dc @enframe+596    : ld                         : MemRead :  A=0x7fffffffde90
4919000: system.cpu: T0 : 0x800040e0 @enframe+600    : blockcopy                  : No_OpClass : 
4920000: system.cpu: T0 : 0x800040e4 @enframe+604    : ld                         : MemRead :  A=0x87e01028
4921000: system.cpu: T0 : 0x800040e8 @enframe+608    : sub                        : No_OpClass : 
4922000: system.cpu: T0 : 0x800040ec @enframe+612    : addi                       : No_OpClass : 
4923000: system.cpu: T0 : 0x800040f0 @enframe+616    : add                        : No_OpClass : 
4924000: system.cpu: T0 : 0x800040f4 @enframe+620    : addi                       : No_OpClass : 
4925000: system.cpu: T0 : 0x800040f8 @enframe+624    : shru                       : No_OpClass : 
4926000: system.cpu: T0 : 0x800040fc @enframe+628    : blockcopy                  : No_OpClass : 
4927000: system.cpu: T0 : 0x80004100 @enframe+632    : st                         : MemWrite :  A=0x10000000e
4928000: system.cpu: T0 : 0x80004104 @enframe+636    : addi                       : No_OpClass : 
4929000: system.cpu: T0 : 0x80004108 @enframe+640    : addi.rb                    : No_OpClass : 
4930000: system.cpu: T0 : 0x8000410c @enframe+644    : blockcopy                  : No_OpClass : 
4931000: system.cpu: T0 : 0x80004110 @enframe+648    : orr                        : No_OpClass : 
4932000: system.cpu: T0 : 0x80004114 @enframe+652    : blockcopy                  : No_OpClass : 
4933000: system.cpu: T0 : 0x80004118 @enframe+656    : ld                         : MemRead :  A=0x7fffffffde8f
4934000: system.cpu: T0 : 0x8000411c @enframe+660    : ld                         : MemRead :  A=0x7fffffffde60
4935000: system.cpu: T0 : 0x80004120 @enframe+664    : blockcopy                  : No_OpClass : 
4936000: system.cpu: T0 : 0x80004124 @enframe+668    : st                         : MemWrite :  A=0x10000000d
4937000: system.cpu: T0 : 0x80004128 @enframe+672    : ld                         : MemRead :  A=0x7fffffffde60
4938000: system.cpu: T0 : 0x8000412c @enframe+676    : ld                         : MemRead :  A=0x7fffffffde58
4939000: system.cpu: T0 : 0x80004130 @enframe+680    : ld                         : MemRead :  A=0x7fffffffde80
4940000: system.cpu: T0 : 0x80004134 @enframe+684    : blockcopy                  : No_OpClass : 
4941000: system.cpu: T0 : 0x80004138 @enframe+688    : blockcopy                  : No_OpClass : 
4942000: system.cpu: T0 : 0x8000413c @enframe+692    : call                       : No_OpClass : 
4943000: system.cpu: T0 : 0x80005ee8 @set_size    : addi.rb                    : No_OpClass : 
4944000: system.cpu: T0 : 0x80005eec @set_size+4    : blockcopy                  : No_OpClass : 
4945000: system.cpu: T0 : 0x80005ef0 @set_size+8    : st                         : MemWrite :  A=0x7fffffffde30
4946000: system.cpu: T0 : 0x80005ef4 @set_size+12    : blockcopy                  : No_OpClass : 
4947000: system.cpu: T0 : 0x80005ef8 @set_size+16    : st                         : MemWrite :  A=0x7fffffffde28
4948000: system.cpu: T0 : 0x80005efc @set_size+20    : st                         : MemWrite :  A=0x7fffffffde20
4949000: system.cpu: T0 : 0x80005f00 @set_size+24    : ld                         : MemRead :  A=0x7fffffffde28
4950000: system.cpu: T0 : 0x80005f04 @set_size+28    : ld                         : MemRead :  A=0x7fffffffde30
4951000: system.cpu: T0 : 0x80005f08 @set_size+32    : sub                        : No_OpClass : 
4952000: system.cpu: T0 : 0x80005f0c @set_size+36    : ld                         : MemRead :  A=0x7fffffffde20
4953000: system.cpu: T0 : 0x80005f10 @set_size+40    : sub                        : No_OpClass : 
4954000: system.cpu: T0 : 0x80005f14 @set_size+44    : addi.rb                    : No_OpClass : 
4955000: system.cpu: T0 : 0x80005f18 @set_size+48    : st                         : MemWrite :  A=0x7fffffffde1c
4956000: system.cpu: T0 : 0x80005f1c @set_size+52    : ld                         : MemRead :  A=0x7fffffffde1c
4957000: system.cpu: T0 : 0x80005f20 @set_size+56    : brz                        : No_OpClass : 
4958000: system.cpu: T0 : 0x80005f50 @set_size+104    : addi.rb                    : No_OpClass : 
4959000: system.cpu: T0 : 0x80005f54 @set_size+108    : ld                         : MemRead :  A=0x7fffffffde1c
4960000: system.cpu: T0 : 0x80005f58 @set_size+112    : addi                       : No_OpClass : 
4961000: system.cpu: T0 : 0x80005f5c @set_size+116    : cmps                       : No_OpClass : 
4962000: system.cpu: T0 : 0x80005f60 @set_size+120    : brn                        : No_OpClass : 
4963000: system.cpu: T0 : 0x80005f98 @set_size+176    : ld                         : MemRead :  A=0x7fffffffde30
4964000: system.cpu: T0 : 0x80005f9c @set_size+180    : blockcopy                  : No_OpClass : 
4965000: system.cpu: T0 : 0x80005fa0 @set_size+184    : ld                         : MemRead :  A=0x10000000d
4966000: system.cpu: T0 : 0x80005fa4 @set_size+188    : addi                       : No_OpClass : 
4967000: system.cpu: T0 : 0x80005fa8 @set_size+192    : and                        : No_OpClass : 
4968000: system.cpu: T0 : 0x80005fac @set_size+196    : addi.rb                    : No_OpClass : 
4969000: system.cpu: T0 : 0x80005fb0 @set_size+200    : ld                         : MemRead :  A=0x7fffffffde1c
4970000: system.cpu: T0 : 0x80005fb4 @set_size+204    : addi                       : No_OpClass : 
4971000: system.cpu: T0 : 0x80005fb8 @set_size+208    : shlu                       : No_OpClass : 
4972000: system.cpu: T0 : 0x80005fbc @set_size+212    : orr                        : No_OpClass : 
4973000: system.cpu: T0 : 0x80005fc0 @set_size+216    : blockcopy                  : No_OpClass : 
4974000: system.cpu: T0 : 0x80005fc4 @set_size+220    : st                         : MemWrite :  A=0x10000000d
4975000: system.cpu: T0 : 0x80005fc8 @set_size+224    : addi.rb                    : No_OpClass : 
4976000: system.cpu: T0 : 0x80005fcc @set_size+228    : ret                        : No_OpClass : 
4977000: system.cpu: T0 : 0x80004140 @enframe+696    : ld                         : MemRead :  A=0x7fffffffde60
4978000: system.cpu: T0 : 0x80004144 @enframe+700    : blockcopy                  : No_OpClass : 
4979000: system.cpu: T0 : 0x80004148 @enframe+704    : addi.rb                    : No_OpClass : 
4980000: system.cpu: T0 : 0x8000414c @enframe+708    : ret                        : No_OpClass : 
4981000: system.cpu: T0 : 0x80003aa8 @__libc_malloc_impl+1356    : blockcopy                  : No_OpClass : 
4982000: system.cpu: T0 : 0x80003aac @__libc_malloc_impl+1360    : st                         : MemWrite :  A=0x7fffffffdef0
4983000: system.cpu: T0 : 0x80003ab0 @__libc_malloc_impl+1364    : jump 0                     : No_OpClass : 
4984000: system.cpu: T0 : 0x80003ab4 @__libc_malloc_impl+1368    : ld                         : MemRead :  A=0x7fffffffdef0
4985000: system.cpu: T0 : 0x80003ab8 @__libc_malloc_impl+1372    : blockcopy                  : No_OpClass : 
4986000: system.cpu: T0 : 0x80003abc @__libc_malloc_impl+1376    : addi.rb                    : No_OpClass : 
4987000: system.cpu: T0 : 0x80003ac0 @__libc_malloc_impl+1380    : ret                        : No_OpClass : 
4988000: system.cpu: T0 : 0x800046ec @malloc+16    : blockcopy                  : No_OpClass : 
4989000: system.cpu: T0 : 0x800046f0 @malloc+20    : blockcopy                  : No_OpClass : 
4990000: system.cpu: T0 : 0x800046f4 @malloc+24    : addi.rb                    : No_OpClass : 
4991000: system.cpu: T0 : 0x800046f8 @malloc+28    : ret                        : No_OpClass : 
4992000: system.cpu: T0 : 0x80000120 @main+16    : blockcopy                  : No_OpClass : 
4993000: system.cpu: T0 : 0x80000124 @main+20    : st                         : MemWrite :  A=0x7fffffffdf00
4994000: system.cpu: T0 : 0x80000128 @main+24    : ld                         : MemRead :  A=0x7fffffffdf00
4995000: system.cpu: T0 : 0x8000012c @main+28    : brnz                       : No_OpClass : 
4996000: system.cpu: T0 : 0x80000144 @main+52    : ld                         : MemRead :  A=0x7fffffffdf00
4997000: system.cpu: T0 : 0x80000148 @main+56    : st                         : MemWrite :  A=0x7fffffffdf10
4998000: system.cpu: T0 : 0x8000014c @main+60    : ld                         : MemRead :  A=0x7fffffffdf10
4999000: system.cpu: T0 : 0x80000150 @main+64    : addi                       : No_OpClass : 
5000000: system.cpu: T0 : 0x80000154 @main+68    : blockcopy                  : No_OpClass : 
5001000: system.cpu: T0 : 0x80000158 @main+72    : st                         : MemWrite :  A=0x100000010
5002000: system.cpu: T0 : 0x8000015c @main+76    : ld                         : MemRead :  A=0x7fffffffdf10
5003000: system.cpu: T0 : 0x80000160 @main+80    : blockcopy                  : No_OpClass : 
5004000: system.cpu: T0 : 0x80000164 @main+84    : ld                         : MemRead :  A=0x100000010
5005000: system.cpu: T0 : 0x80000168 @main+88    : breq                       : No_OpClass : 
5006000: system.cpu: T0 : 0x80000180 @main+112    : ld                         : MemRead :  A=0x7fffffffdf00
5007000: system.cpu: T0 : 0x80000184 @main+116    : setzw                      : No_OpClass : 
5008000: system.cpu: T0 : 0x80000188 @main+120    : orw                        : No_OpClass : 
5009000: system.cpu: T0 : 0x8000018c @main+124    : add                        : No_OpClass : 
5010000: system.cpu: T0 : 0x80000190 @main+128    : st                         : MemWrite :  A=0x7fffffffdf08
5011000: system.cpu: T0 : 0x80000194 @main+132    : ld                         : MemRead :  A=0x7fffffffdf08
5012000: system.cpu: T0 : 0x80000198 @main+136    : addi                       : No_OpClass : 
5013000: system.cpu: T0 : 0x8000019c @main+140    : blockcopy                  : No_OpClass : 
5015000: system.cpu: T0 : 0x800001a0 @main+144    : st                         : MemWrite :  A=0x10001fffb
5016000: system.cpu: T0 : 0x800001a4 @main+148    : ld                         : MemRead :  A=0x7fffffffdf08
5017000: system.cpu: T0 : 0x800001a8 @main+152    : blockcopy                  : No_OpClass : 
5018000: system.cpu: T0 : 0x800001ac @main+156    : ld                         : MemRead :  A=0x10001fffb
5019000: system.cpu: T0 : 0x800001b0 @main+160    : breq                       : No_OpClass : 
5020000: system.cpu: T0 : 0x800001c8 @main+184    : rela                       : No_OpClass : 
5021000: system.cpu: T0 : 0x800001cc @main+188    : addi.rb                    : No_OpClass : 
5022000: system.cpu: T0 : 0x800001d0 @main+192    : setzw                      : No_OpClass : 
5023000: system.cpu: T0 : 0x800001d4 @main+196    : orw                        : No_OpClass : 
5024000: system.cpu: T0 : 0x800001d8 @main+200    : st                         : MemWrite :  A=0x80008008
5025000: system.cpu: T0 : 0x800001dc @main+204    : ld                         : MemRead :  A=0x80008008
5026000: system.cpu: T0 : 0x800001e0 @main+208    : breq                       : No_OpClass : 
5027000: system.cpu: T0 : 0x800001f8 @main+232    : ld                         : MemRead :  A=0x7fffffffdf00
5028000: system.cpu: T0 : 0x800001fc @main+236    : blockcopy                  : No_OpClass : 
5029000: system.cpu: T0 : 0x80000200 @main+240    : call                       : No_OpClass : 
5030000: system.cpu: T0 : 0x80001404 @free    : call                       : No_OpClass : 
5031000: system.cpu: T0 : 0x8000140c @__libc_free    : addi.rb                    : No_OpClass : 
5032000: system.cpu: T0 : 0x80001410 @__libc_free+4    : blockcopy                  : No_OpClass : 
5033000: system.cpu: T0 : 0x80001414 @__libc_free+8    : st                         : MemWrite :  A=0x7fffffffdef8
5034000: system.cpu: T0 : 0x80001418 @__libc_free+12    : ld                         : MemRead :  A=0x7fffffffdef8
5035000: system.cpu: T0 : 0x8000141c @__libc_free+16    : brnz                       : No_OpClass : 
5036000: system.cpu: T0 : 0x80001428 @__libc_free+28    : ld                         : MemRead :  A=0x7fffffffdef8
5037000: system.cpu: T0 : 0x8000142c @__libc_free+32    : blockcopy                  : No_OpClass : 
5038000: system.cpu: T0 : 0x80001430 @__libc_free+36    : call                       : No_OpClass : 
5039000: system.cpu: T0 : 0x800017e0 @get_meta    : addi.rb                    : No_OpClass : 
5040000: system.cpu: T0 : 0x800017e4 @get_meta+4    : blockcopy                  : No_OpClass : 
5041000: system.cpu: T0 : 0x800017e8 @get_meta+8    : st                         : MemWrite :  A=0x7fffffffde58
5042000: system.cpu: T0 : 0x800017ec @get_meta+12    : jump 0                     : No_OpClass : 
5043000: system.cpu: T0 : 0x800017f0 @get_meta+16    : addi                       : No_OpClass : 
5044000: system.cpu: T0 : 0x800017f4 @get_meta+20    : addi.rb                    : No_OpClass : 
5045000: system.cpu: T0 : 0x800017f8 @get_meta+24    : blockcopy                  : No_OpClass : 
5046000: system.cpu: T0 : 0x800017fc @get_meta+28    : orr                        : No_OpClass : 
5047000: system.cpu: T0 : 0x80001800 @get_meta+32    : blockcopy                  : No_OpClass : 
5048000: system.cpu: T0 : 0x80001804 @get_meta+36    : ld                         : MemRead :  A=0x7fffffffde5f
5049000: system.cpu: T0 : 0x80001808 @get_meta+40    : addi                       : No_OpClass : 
5050000: system.cpu: T0 : 0x8000180c @get_meta+44    : and                        : No_OpClass : 
5051000: system.cpu: T0 : 0x80001810 @get_meta+48    : brz                        : No_OpClass : 
5052000: system.cpu: T0 : 0x80001820 @get_meta+64    : jump 0                     : No_OpClass : 
5053000: system.cpu: T0 : 0x80001824 @get_meta+68    : ld                         : MemRead :  A=0x7fffffffde58
5054000: system.cpu: T0 : 0x80001828 @get_meta+72    : blockcopy                  : No_OpClass : 
5055000: system.cpu: T0 : 0x8000182c @get_meta+76    : ld                         : MemRead :  A=0x10000000e
5056000: system.cpu: T0 : 0x80001830 @get_meta+80    : addi.rb                    : No_OpClass : 
5057000: system.cpu: T0 : 0x80001834 @get_meta+84    : st                         : MemWrite :  A=0x7fffffffde54
5058000: system.cpu: T0 : 0x80001838 @get_meta+88    : ld                         : MemRead :  A=0x7fffffffde58
5059000: system.cpu: T0 : 0x8000183c @get_meta+92    : blockcopy                  : No_OpClass : 
5060000: system.cpu: T0 : 0x80001840 @get_meta+96    : call                       : No_OpClass : 
5061000: system.cpu: T0 : 0x80001be4 @get_slot_index    : addi.rb                    : No_OpClass : 
5062000: system.cpu: T0 : 0x80001be8 @get_slot_index+4    : blockcopy                  : No_OpClass : 
5063000: system.cpu: T0 : 0x80001bec @get_slot_index+8    : st                         : MemWrite :  A=0x7fffffffde30
5064000: system.cpu: T0 : 0x80001bf0 @get_slot_index+12    : ld                         : MemRead :  A=0x7fffffffde30
5065000: system.cpu: T0 : 0x80001bf4 @get_slot_index+16    : blockcopy                  : No_OpClass : 
5066000: system.cpu: T0 : 0x80001bf8 @get_slot_index+20    : ld                         : MemRead :  A=0x10000000d
5067000: system.cpu: T0 : 0x80001bfc @get_slot_index+24    : addi                       : No_OpClass : 
5068000: system.cpu: T0 : 0x80001c00 @get_slot_index+28    : and                        : No_OpClass : 
5069000: system.cpu: T0 : 0x80001c04 @get_slot_index+32    : addi.rb                    : No_OpClass : 
5070000: system.cpu: T0 : 0x80001c08 @get_slot_index+36    : ret                        : No_OpClass : 
5071000: system.cpu: T0 : 0x80001844 @get_meta+100    : addi.rb                    : No_OpClass : 
5072000: system.cpu: T0 : 0x80001848 @get_meta+104    : st                         : MemWrite :  A=0x7fffffffde50
5073000: system.cpu: T0 : 0x8000184c @get_meta+108    : ld                         : MemRead :  A=0x7fffffffde58
5074000: system.cpu: T0 : 0x80001850 @get_meta+112    : blockcopy                  : No_OpClass : 
5075000: system.cpu: T0 : 0x80001854 @get_meta+116    : ld                         : MemRead :  A=0x10000000c
5076000: system.cpu: T0 : 0x80001858 @get_meta+120    : brz                        : No_OpClass : 
5077000: system.cpu: T0 : 0x800018c0 @get_meta+224    : ld                         : MemRead :  A=0x7fffffffde58
5078000: system.cpu: T0 : 0x800018c4 @get_meta+228    : addi.rb                    : No_OpClass : 
5079000: system.cpu: T0 : 0x800018c8 @get_meta+232    : ld                         : MemRead :  A=0x7fffffffde54
5080000: system.cpu: T0 : 0x800018cc @get_meta+236    : addi                       : No_OpClass : 
5081000: system.cpu: T0 : 0x800018d0 @get_meta+240    : shlu                       : No_OpClass : 
5082000: system.cpu: T0 : 0x800018d4 @get_meta+244    : exts                       : No_OpClass : 
5083000: system.cpu: T0 : 0x800018d8 @get_meta+248    : sub                        : No_OpClass : 
5084000: system.cpu: T0 : 0x800018dc @get_meta+252    : addi                       : No_OpClass : 
5085000: system.cpu: T0 : 0x800018e0 @get_meta+256    : add                        : No_OpClass : 
5086000: system.cpu: T0 : 0x800018e4 @get_meta+260    : st                         : MemWrite :  A=0x7fffffffde48
5087000: system.cpu: T0 : 0x800018e8 @get_meta+264    : ld                         : MemRead :  A=0x7fffffffde48
5088000: system.cpu: T0 : 0x800018ec @get_meta+268    : blockcopy                  : No_OpClass : 
5089000: system.cpu: T0 : 0x800018f0 @get_meta+272    : ld                         : MemRead :  A=0x100000000
5090000: system.cpu: T0 : 0x800018f4 @get_meta+276    : st                         : MemWrite :  A=0x7fffffffde40
5091000: system.cpu: T0 : 0x800018f8 @get_meta+280    : jump 0                     : No_OpClass : 
5092000: system.cpu: T0 : 0x800018fc @get_meta+284    : ld                         : MemRead :  A=0x7fffffffde40
5093000: system.cpu: T0 : 0x80001900 @get_meta+288    : blockcopy                  : No_OpClass : 
5094000: system.cpu: T0 : 0x80001904 @get_meta+292    : ld                         : MemRead :  A=0x87e01028
5095000: system.cpu: T0 : 0x80001908 @get_meta+296    : ld                         : MemRead :  A=0x7fffffffde48
5096000: system.cpu: T0 : 0x8000190c @get_meta+300    : breq                       : No_OpClass : 
5097000: system.cpu: T0 : 0x8000191c @get_meta+316    : jump 0                     : No_OpClass : 
5098000: system.cpu: T0 : 0x80001920 @get_meta+320    : jump 0                     : No_OpClass : 
5099000: system.cpu: T0 : 0x80001924 @get_meta+324    : addi.rb                    : No_OpClass : 
5100000: system.cpu: T0 : 0x80001928 @get_meta+328    : ld                         : MemRead :  A=0x7fffffffde50
5101000: system.cpu: T0 : 0x8000192c @get_meta+332    : ld                         : MemRead :  A=0x7fffffffde40
5102000: system.cpu: T0 : 0x80001930 @get_meta+336    : blockcopy                  : No_OpClass : 
5103000: system.cpu: T0 : 0x80001934 @get_meta+340    : ld                         : MemRead :  A=0x87e01038
5104000: system.cpu: T0 : 0x80001938 @get_meta+344    : addi                       : No_OpClass : 
5105000: system.cpu: T0 : 0x8000193c @get_meta+348    : shru                       : No_OpClass : 
5106000: system.cpu: T0 : 0x80001940 @get_meta+352    : cmps                       : No_OpClass : 
5107000: system.cpu: T0 : 0x80001944 @get_meta+356    : brnp                       : No_OpClass : 
5108000: system.cpu: T0 : 0x80001954 @get_meta+372    : jump 0                     : No_OpClass : 
5109000: system.cpu: T0 : 0x80001958 @get_meta+376    : jump 0                     : No_OpClass : 
5110000: system.cpu: T0 : 0x8000195c @get_meta+380    : ld                         : MemRead :  A=0x7fffffffde40
5111000: system.cpu: T0 : 0x80001960 @get_meta+384    : blockcopy                  : No_OpClass : 
5112000: system.cpu: T0 : 0x80001964 @get_meta+388    : ld                         : MemRead :  A=0x87e01030
5113000: system.cpu: T0 : 0x80001968 @get_meta+392    : addi.rb                    : No_OpClass : 
5114000: system.cpu: T0 : 0x8000196c @get_meta+396    : ld                         : MemRead :  A=0x7fffffffde50
5115000: system.cpu: T0 : 0x80001970 @get_meta+400    : shru                       : No_OpClass : 
5116000: system.cpu: T0 : 0x80001974 @get_meta+404    : addi                       : No_OpClass : 
5117000: system.cpu: T0 : 0x80001978 @get_meta+408    : and                        : No_OpClass : 
5118000: system.cpu: T0 : 0x8000197c @get_meta+412    : brz                        : No_OpClass : 
5119000: system.cpu: T0 : 0x8000198c @get_meta+428    : jump 0                     : No_OpClass : 
5120000: system.cpu: T0 : 0x80001990 @get_meta+432    : jump 0                     : No_OpClass : 
5121000: system.cpu: T0 : 0x80001994 @get_meta+436    : ld                         : MemRead :  A=0x7fffffffde40
5122000: system.cpu: T0 : 0x80001998 @get_meta+440    : blockcopy                  : No_OpClass : 
5123000: system.cpu: T0 : 0x8000199c @get_meta+444    : ld                         : MemRead :  A=0x87e01034
5124000: system.cpu: T0 : 0x800019a0 @get_meta+448    : addi.rb                    : No_OpClass : 
5125000: system.cpu: T0 : 0x800019a4 @get_meta+452    : ld                         : MemRead :  A=0x7fffffffde50
5126000: system.cpu: T0 : 0x800019a8 @get_meta+456    : shru                       : No_OpClass : 
5127000: system.cpu: T0 : 0x800019ac @get_meta+460    : addi                       : No_OpClass : 
5128000: system.cpu: T0 : 0x800019b0 @get_meta+464    : and                        : No_OpClass : 
5129000: system.cpu: T0 : 0x800019b4 @get_meta+468    : brz                        : No_OpClass : 
5130000: system.cpu: T0 : 0x800019c4 @get_meta+484    : jump 0                     : No_OpClass : 
5131000: system.cpu: T0 : 0x800019c8 @get_meta+488    : ld                         : MemRead :  A=0x7fffffffde40
5132000: system.cpu: T0 : 0x800019cc @get_meta+492    : setzw                      : No_OpClass : 
5133000: system.cpu: T0 : 0x800019d0 @get_meta+496    : orw                        : No_OpClass : 
5134000: system.cpu: T0 : 0x800019d4 @get_meta+500    : orw                        : No_OpClass : 
5135000: system.cpu: T0 : 0x800019d8 @get_meta+504    : orw                        : No_OpClass : 
5136000: system.cpu: T0 : 0x800019dc @get_meta+508    : and                        : No_OpClass : 
5137000: system.cpu: T0 : 0x800019e0 @get_meta+512    : st                         : MemWrite :  A=0x7fffffffde38
5138000: system.cpu: T0 : 0x800019e4 @get_meta+516    : jump 0                     : No_OpClass : 
5139000: system.cpu: T0 : 0x800019e8 @get_meta+520    : ld                         : MemRead :  A=0x7fffffffde38
5140000: system.cpu: T0 : 0x800019ec @get_meta+524    : blockcopy                  : No_OpClass : 
5141000: system.cpu: T0 : 0x800019f0 @get_meta+528    : ld                         : MemRead :  A=0x87e01000
5142000: system.cpu: T0 : 0x800019f4 @get_meta+532    : rela                       : No_OpClass : 
5143000: system.cpu: T0 : 0x800019f8 @get_meta+536    : addi.rb                    : No_OpClass : 
5144000: system.cpu: T0 : 0x800019fc @get_meta+540    : ld                         : MemRead :  A=0x80008230
5145000: system.cpu: T0 : 0x80001a00 @get_meta+544    : breq                       : No_OpClass : 
5146000: system.cpu: T0 : 0x80001a10 @get_meta+560    : jump 0                     : No_OpClass : 
5147000: system.cpu: T0 : 0x80001a14 @get_meta+564    : ld                         : MemRead :  A=0x7fffffffde40
5148000: system.cpu: T0 : 0x80001a18 @get_meta+568    : blockcopy                  : No_OpClass : 
5149000: system.cpu: T0 : 0x80001a1c @get_meta+572    : ld                         : MemRead :  A=0x87e01038
5150000: system.cpu: T0 : 0x80001a20 @get_meta+576    : addi                       : No_OpClass : 
5151000: system.cpu: T0 : 0x80001a24 @get_meta+580    : shru                       : No_OpClass : 
5152000: system.cpu: T0 : 0x80001a28 @get_meta+584    : addi                       : No_OpClass : 
5153000: system.cpu: T0 : 0x80001a2c @get_meta+588    : and                        : No_OpClass : 
5154000: system.cpu: T0 : 0x80001a30 @get_meta+592    : addi                       : No_OpClass : 
5155000: system.cpu: T0 : 0x80001a34 @get_meta+596    : cmps                       : No_OpClass : 
5156000: system.cpu: T0 : 0x80001a38 @get_meta+600    : brp                        : No_OpClass : 
5157000: system.cpu: T0 : 0x80001b1c @get_meta+828    : jump 0                     : No_OpClass : 
5158000: system.cpu: T0 : 0x80001b20 @get_meta+832    : ld                         : MemRead :  A=0x7fffffffde40
5159000: system.cpu: T0 : 0x80001b24 @get_meta+836    : blockcopy                  : No_OpClass : 
5160000: system.cpu: T0 : 0x80001b28 @get_meta+840    : ld                         : MemRead :  A=0x87e01038
5161000: system.cpu: T0 : 0x80001b2c @get_meta+844    : addi                       : No_OpClass : 
5162000: system.cpu: T0 : 0x80001b30 @get_meta+848    : shru                       : No_OpClass : 
5163000: system.cpu: T0 : 0x80001b34 @get_meta+852    : addi                       : No_OpClass : 
5164000: system.cpu: T0 : 0x80001b38 @get_meta+856    : and                        : No_OpClass : 
5165000: system.cpu: T0 : 0x80001b3c @get_meta+860    : breq                       : No_OpClass : 
5166000: system.cpu: T0 : 0x80001b4c @get_meta+876    : jump 0                     : No_OpClass : 
5167000: system.cpu: T0 : 0x80001b50 @get_meta+880    : jump 0                     : No_OpClass : 
5168000: system.cpu: T0 : 0x80001b54 @get_meta+884    : ld                         : MemRead :  A=0x7fffffffde40
5169000: system.cpu: T0 : 0x80001b58 @get_meta+888    : blockcopy                  : No_OpClass : 
5170000: system.cpu: T0 : 0x80001b5c @get_meta+892    : ld                         : MemRead :  A=0x87e01038
5171000: system.cpu: T0 : 0x80001b60 @get_meta+896    : setzw                      : No_OpClass : 
5172000: system.cpu: T0 : 0x80001b64 @get_meta+900    : orw                        : No_OpClass : 
5173000: system.cpu: T0 : 0x80001b68 @get_meta+904    : orw                        : No_OpClass : 
5174000: system.cpu: T0 : 0x80001b6c @get_meta+908    : orw                        : No_OpClass : 
5175000: system.cpu: T0 : 0x80001b70 @get_meta+912    : and                        : No_OpClass : 
5176000: system.cpu: T0 : 0x80001b74 @get_meta+916    : brz                        : No_OpClass : 
5177000: system.cpu: T0 : 0x80001b78 @get_meta+920    : jump 0                     : No_OpClass : 
5178000: system.cpu: T0 : 0x80001b7c @get_meta+924    : jump 0                     : No_OpClass : 
5179000: system.cpu: T0 : 0x80001b80 @get_meta+928    : addi.rb                    : No_OpClass : 
5180000: system.cpu: T0 : 0x80001b84 @get_meta+932    : ld                         : MemRead :  A=0x7fffffffde54
5181000: system.cpu: T0 : 0x80001b88 @get_meta+936    : ld                         : MemRead :  A=0x7fffffffde40
5182000: system.cpu: T0 : 0x80001b8c @get_meta+940    : blockcopy                  : No_OpClass : 
5183000: system.cpu: T0 : 0x80001b90 @get_meta+944    : ld                         : MemRead :  A=0x87e01038
5184000: system.cpu: T0 : 0x80001b94 @get_meta+948    : addi                       : No_OpClass : 
5185000: system.cpu: T0 : 0x80001b98 @get_meta+952    : shlu                       : No_OpClass : 
5186000: system.cpu: T0 : 0x80001b9c @get_meta+956    : setzw                      : No_OpClass : 
5187000: system.cpu: T0 : 0x80001ba0 @get_meta+960    : orw                        : No_OpClass : 
5188000: system.cpu: T0 : 0x80001ba4 @get_meta+964    : orw                        : No_OpClass : 
5189000: system.cpu: T0 : 0x80001ba8 @get_meta+968    : orw                        : No_OpClass : 
5190000: system.cpu: T0 : 0x80001bac @get_meta+972    : and                        : No_OpClass : 
5191000: system.cpu: T0 : 0x80001bb0 @get_meta+976    : addi                       : No_OpClass : 
5192000: system.cpu: T0 : 0x80001bb4 @get_meta+980    : add                        : No_OpClass : 
5193000: system.cpu: T0 : 0x80001bb8 @get_meta+984    : cmpu                       : No_OpClass : 
5194000: system.cpu: T0 : 0x80001bbc @get_meta+988    : brnp                       : No_OpClass : 
5195000: system.cpu: T0 : 0x80001bcc @get_meta+1004    : jump 0                     : No_OpClass : 
5196000: system.cpu: T0 : 0x80001bd0 @get_meta+1008    : jump 0                     : No_OpClass : 
5197000: system.cpu: T0 : 0x80001bd4 @get_meta+1012    : ld                         : MemRead :  A=0x7fffffffde40
5198000: system.cpu: T0 : 0x80001bd8 @get_meta+1016    : blockcopy                  : No_OpClass : 
5199000: system.cpu: T0 : 0x80001bdc @get_meta+1020    : addi.rb                    : No_OpClass : 
5200000: system.cpu: T0 : 0x80001be0 @get_meta+1024    : ret                        : No_OpClass : 
5201000: system.cpu: T0 : 0x80001434 @__libc_free+40    : blockcopy                  : No_OpClass : 
5202000: system.cpu: T0 : 0x80001438 @__libc_free+44    : st                         : MemWrite :  A=0x7fffffffdef0
5203000: system.cpu: T0 : 0x8000143c @__libc_free+48    : ld                         : MemRead :  A=0x7fffffffdef8
5204000: system.cpu: T0 : 0x80001440 @__libc_free+52    : blockcopy                  : No_OpClass : 
5205000: system.cpu: T0 : 0x80001444 @__libc_free+56    : call                       : No_OpClass : 
5206000: system.cpu: T0 : 0x80001be4 @get_slot_index    : addi.rb                    : No_OpClass : 
5207000: system.cpu: T0 : 0x80001be8 @get_slot_index+4    : blockcopy                  : No_OpClass : 
5208000: system.cpu: T0 : 0x80001bec @get_slot_index+8    : st                         : MemWrite :  A=0x7fffffffde58
5209000: system.cpu: T0 : 0x80001bf0 @get_slot_index+12    : ld                         : MemRead :  A=0x7fffffffde58
5210000: system.cpu: T0 : 0x80001bf4 @get_slot_index+16    : blockcopy                  : No_OpClass : 
5211000: system.cpu: T0 : 0x80001bf8 @get_slot_index+20    : ld                         : MemRead :  A=0x10000000d
5212000: system.cpu: T0 : 0x80001bfc @get_slot_index+24    : addi                       : No_OpClass : 
5213000: system.cpu: T0 : 0x80001c00 @get_slot_index+28    : and                        : No_OpClass : 
5214000: system.cpu: T0 : 0x80001c04 @get_slot_index+32    : addi.rb                    : No_OpClass : 
5215000: system.cpu: T0 : 0x80001c08 @get_slot_index+36    : ret                        : No_OpClass : 
5216000: system.cpu: T0 : 0x80001448 @__libc_free+60    : addi.rb                    : No_OpClass : 
5217000: system.cpu: T0 : 0x8000144c @__libc_free+64    : st                         : MemWrite :  A=0x7fffffffde88
5218000: system.cpu: T0 : 0x80001450 @__libc_free+68    : st                         : MemWrite :  A=0x7fffffffdeec
5219000: system.cpu: T0 : 0x80001454 @__libc_free+72    : ld                         : MemRead :  A=0x7fffffffdef0
5220000: system.cpu: T0 : 0x80001458 @__libc_free+76    : blockcopy                  : No_OpClass : 
5221000: system.cpu: T0 : 0x8000145c @__libc_free+80    : call                       : No_OpClass : 
5222000: system.cpu: T0 : 0x80001c0c @get_stride    : addi.rb                    : No_OpClass : 
5223000: system.cpu: T0 : 0x80001c10 @get_stride+4    : blockcopy                  : No_OpClass : 
5224000: system.cpu: T0 : 0x80001c14 @get_stride+8    : st                         : MemWrite :  A=0x7fffffffde50
5225000: system.cpu: T0 : 0x80001c18 @get_stride+12    : ld                         : MemRead :  A=0x7fffffffde50
5226000: system.cpu: T0 : 0x80001c1c @get_stride+16    : blockcopy                  : No_OpClass : 
5227000: system.cpu: T0 : 0x80001c20 @get_stride+20    : ld                         : MemRead :  A=0x87e01038
5228000: system.cpu: T0 : 0x80001c24 @get_stride+24    : addi                       : No_OpClass : 
5229000: system.cpu: T0 : 0x80001c28 @get_stride+28    : shru                       : No_OpClass : 
5230000: system.cpu: T0 : 0x80001c2c @get_stride+32    : brnz                       : No_OpClass : 
5231000: system.cpu: T0 : 0x80001c30 @get_stride+36    : jump 0                     : No_OpClass : 
5232000: system.cpu: T0 : 0x80001c34 @get_stride+40    : ld                         : MemRead :  A=0x7fffffffde50
5233000: system.cpu: T0 : 0x80001c38 @get_stride+44    : blockcopy                  : No_OpClass : 
5234000: system.cpu: T0 : 0x80001c3c @get_stride+48    : ld                         : MemRead :  A=0x87e01038
5235000: system.cpu: T0 : 0x80001c40 @get_stride+52    : setzw                      : No_OpClass : 
5236000: system.cpu: T0 : 0x80001c44 @get_stride+56    : orw                        : No_OpClass : 
5237000: system.cpu: T0 : 0x80001c48 @get_stride+60    : orw                        : No_OpClass : 
5238000: system.cpu: T0 : 0x80001c4c @get_stride+64    : orw                        : No_OpClass : 
5239000: system.cpu: T0 : 0x80001c50 @get_stride+68    : and                        : No_OpClass : 
5240000: system.cpu: T0 : 0x80001c54 @get_stride+72    : brz                        : No_OpClass : 
5241000: system.cpu: T0 : 0x80001c58 @get_stride+76    : jump 0                     : No_OpClass : 
5242000: system.cpu: T0 : 0x80001c5c @get_stride+80    : ld                         : MemRead :  A=0x7fffffffde50
5243000: system.cpu: T0 : 0x80001c60 @get_stride+84    : blockcopy                  : No_OpClass : 
5244000: system.cpu: T0 : 0x80001c64 @get_stride+88    : ld                         : MemRead :  A=0x87e01038
5245000: system.cpu: T0 : 0x80001c68 @get_stride+92    : addi                       : No_OpClass : 
5246000: system.cpu: T0 : 0x80001c6c @get_stride+96    : shlu                       : No_OpClass : 
5247000: system.cpu: T0 : 0x80001c70 @get_stride+100    : addi                       : No_OpClass : 
5248000: system.cpu: T0 : 0x80001c74 @get_stride+104    : add                        : No_OpClass : 
5249000: system.cpu: T0 : 0x80001c78 @get_stride+108    : st                         : MemWrite :  A=0x7fffffffde58
5250000: system.cpu: T0 : 0x80001c7c @get_stride+112    : jump 17                    : No_OpClass : 
5251000: system.cpu: T0 : 0x80001cc4 @get_stride+184    : ld                         : MemRead :  A=0x7fffffffde58
5252000: system.cpu: T0 : 0x80001cc8 @get_stride+188    : addi.rb                    : No_OpClass : 
5253000: system.cpu: T0 : 0x80001ccc @get_stride+192    : ret                        : No_OpClass : 
5254000: system.cpu: T0 : 0x80001460 @__libc_free+84    : ld                         : MemRead :  A=0x7fffffffde88
5255000: system.cpu: T0 : 0x80001464 @__libc_free+88    : st                         : MemWrite :  A=0x7fffffffdee0
5256000: system.cpu: T0 : 0x80001468 @__libc_free+92    : ld                         : MemRead :  A=0x7fffffffdef0
5257000: system.cpu: T0 : 0x8000146c @__libc_free+96    : blockcopy                  : No_OpClass : 
5258000: system.cpu: T0 : 0x80001470 @__libc_free+100    : ld                         : MemRead :  A=0x87e01028
5259000: system.cpu: T0 : 0x80001474 @__libc_free+104    : ld                         : MemRead :  A=0x7fffffffdee0
5260000: system.cpu: T0 : 0x80001478 @__libc_free+108    : ld                         : MemRead :  A=0x7fffffffdeec
5261000: system.cpu: T0 : 0x8000147c @__libc_free+112    : mulu                       : No_OpClass : 
5262000: system.cpu: T0 : 0x80001480 @__libc_free+116    : add                        : No_OpClass : 
5263000: system.cpu: T0 : 0x80001484 @__libc_free+120    : addi                       : No_OpClass : 
5264000: system.cpu: T0 : 0x80001488 @__libc_free+124    : add                        : No_OpClass : 
5265000: system.cpu: T0 : 0x8000148c @__libc_free+128    : st                         : MemWrite :  A=0x7fffffffded8
5266000: system.cpu: T0 : 0x80001490 @__libc_free+132    : ld                         : MemRead :  A=0x7fffffffded8
5267000: system.cpu: T0 : 0x80001494 @__libc_free+136    : ld                         : MemRead :  A=0x7fffffffdee0
5268000: system.cpu: T0 : 0x80001498 @__libc_free+140    : add                        : No_OpClass : 
5269000: system.cpu: T0 : 0x8000149c @__libc_free+144    : addi                       : No_OpClass : 
5270000: system.cpu: T0 : 0x800014a0 @__libc_free+148    : add                        : No_OpClass : 
5271000: system.cpu: T0 : 0x800014a4 @__libc_free+152    : st                         : MemWrite :  A=0x7fffffffded0
5272000: system.cpu: T0 : 0x800014a8 @__libc_free+156    : ld                         : MemRead :  A=0x7fffffffdef8
5273000: system.cpu: T0 : 0x800014ac @__libc_free+160    : ld                         : MemRead :  A=0x7fffffffded0
5274000: system.cpu: T0 : 0x800014b0 @__libc_free+164    : blockcopy                  : No_OpClass : 
5275000: system.cpu: T0 : 0x800014b4 @__libc_free+168    : blockcopy                  : No_OpClass : 
5276000: system.cpu: T0 : 0x800014b8 @__libc_free+172    : call                       : No_OpClass : 
5277000: system.cpu: T0 : 0x80001cd0 @get_nominal_size    : addi.rb                    : No_OpClass : 
5278000: system.cpu: T0 : 0x80001cd4 @get_nominal_size+4    : blockcopy                  : No_OpClass : 
5279000: system.cpu: T0 : 0x80001cd8 @get_nominal_size+8    : st                         : MemWrite :  A=0x7fffffffde58
5280000: system.cpu: T0 : 0x80001cdc @get_nominal_size+12    : blockcopy                  : No_OpClass : 
5281000: system.cpu: T0 : 0x80001ce0 @get_nominal_size+16    : st                         : MemWrite :  A=0x7fffffffde50
5282000: system.cpu: T0 : 0x80001ce4 @get_nominal_size+20    : ld                         : MemRead :  A=0x7fffffffde58
5283000: system.cpu: T0 : 0x80001ce8 @get_nominal_size+24    : blockcopy                  : No_OpClass : 
5284000: system.cpu: T0 : 0x80001cec @get_nominal_size+28    : ld                         : MemRead :  A=0x10000000d
5285000: system.cpu: T0 : 0x80001cf0 @get_nominal_size+32    : addi                       : No_OpClass : 
5286000: system.cpu: T0 : 0x80001cf4 @get_nominal_size+36    : shru                       : No_OpClass : 
5287000: system.cpu: T0 : 0x80001cf8 @get_nominal_size+40    : st                         : MemWrite :  A=0x7fffffffde48
5288000: system.cpu: T0 : 0x80001cfc @get_nominal_size+44    : ld                         : MemRead :  A=0x7fffffffde48
5289000: system.cpu: T0 : 0x80001d00 @get_nominal_size+48    : cmpu                       : No_OpClass : 
5290000: system.cpu: T0 : 0x80001d04 @get_nominal_size+52    : brn                        : No_OpClass : 
5291000: system.cpu: T0 : 0x80001d88 @get_nominal_size+184    : jump 0                     : No_OpClass : 
5292000: system.cpu: T0 : 0x80001d8c @get_nominal_size+188    : ld                         : MemRead :  A=0x7fffffffde48
5293000: system.cpu: T0 : 0x80001d90 @get_nominal_size+192    : ld                         : MemRead :  A=0x7fffffffde50
5294000: system.cpu: T0 : 0x80001d94 @get_nominal_size+196    : ld                         : MemRead :  A=0x7fffffffde58
5295000: system.cpu: T0 : 0x80001d98 @get_nominal_size+200    : sub                        : No_OpClass : 
5296000: system.cpu: T0 : 0x80001d9c @get_nominal_size+204    : cmpu                       : No_OpClass : 
5297000: system.cpu: T0 : 0x80001da0 @get_nominal_size+208    : brnp                       : No_OpClass : 
5298000: system.cpu: T0 : 0x80001db0 @get_nominal_size+224    : jump 0                     : No_OpClass : 
5299000: system.cpu: T0 : 0x80001db4 @get_nominal_size+228    : jump 0                     : No_OpClass : 
5300000: system.cpu: T0 : 0x80001db8 @get_nominal_size+232    : ld                         : MemRead :  A=0x7fffffffde50
5301000: system.cpu: T0 : 0x80001dbc @get_nominal_size+236    : ld                         : MemRead :  A=0x7fffffffde48
5302000: system.cpu: T0 : 0x80001dc0 @get_nominal_size+240    : sub                        : No_OpClass : 
5303000: system.cpu: T0 : 0x80001dc4 @get_nominal_size+244    : blockcopy                  : No_OpClass : 
5304000: system.cpu: T0 : 0x80001dc8 @get_nominal_size+248    : ld                         : MemRead :  A=0x10001fffc
5305000: system.cpu: T0 : 0x80001dcc @get_nominal_size+252    : brz                        : No_OpClass : 
5306000: system.cpu: T0 : 0x80001ddc @get_nominal_size+268    : jump 0                     : No_OpClass : 
5307000: system.cpu: T0 : 0x80001de0 @get_nominal_size+272    : jump 0                     : No_OpClass : 
5308000: system.cpu: T0 : 0x80001de4 @get_nominal_size+276    : ld                         : MemRead :  A=0x7fffffffde50
5309000: system.cpu: T0 : 0x80001de8 @get_nominal_size+280    : blockcopy                  : No_OpClass : 
5310000: system.cpu: T0 : 0x80001dec @get_nominal_size+284    : ld                         : MemRead :  A=0x10001fffc
5311000: system.cpu: T0 : 0x80001df0 @get_nominal_size+288    : brz                        : No_OpClass : 
5312000: system.cpu: T0 : 0x80001e00 @get_nominal_size+304    : jump 0                     : No_OpClass : 
5313000: system.cpu: T0 : 0x80001e04 @get_nominal_size+308    : ld                         : MemRead :  A=0x7fffffffde50
5314000: system.cpu: T0 : 0x80001e08 @get_nominal_size+312    : ld                         : MemRead :  A=0x7fffffffde48
5315000: system.cpu: T0 : 0x80001e0c @get_nominal_size+316    : sub                        : No_OpClass : 
5316000: system.cpu: T0 : 0x80001e10 @get_nominal_size+320    : ld                         : MemRead :  A=0x7fffffffde58
5317000: system.cpu: T0 : 0x80001e14 @get_nominal_size+324    : sub                        : No_OpClass : 
5318000: system.cpu: T0 : 0x80001e18 @get_nominal_size+328    : addi.rb                    : No_OpClass : 
5319000: system.cpu: T0 : 0x80001e1c @get_nominal_size+332    : ret                        : No_OpClass : 
5320000: system.cpu: T0 : 0x800014bc @__libc_free+176    : ld                         : MemRead :  A=0x7fffffffde88
5321000: system.cpu: T0 : 0x800014c0 @__libc_free+180    : ld                         : MemRead :  A=0x7fffffffdeec
5322000: system.cpu: T0 : 0x800014c4 @__libc_free+184    : addi                       : No_OpClass : 
5323000: system.cpu: T0 : 0x800014c8 @__libc_free+188    : shlu                       : No_OpClass : 
5324000: system.cpu: T0 : 0x800014cc @__libc_free+192    : addi.rb                    : No_OpClass : 
5325000: system.cpu: T0 : 0x800014d0 @__libc_free+196    : st                         : MemWrite :  A=0x7fffffffdecc
5326000: system.cpu: T0 : 0x800014d4 @__libc_free+200    : ld                         : MemRead :  A=0x7fffffffdef0
5327000: system.cpu: T0 : 0x800014d8 @__libc_free+204    : blockcopy                  : No_OpClass : 
5328000: system.cpu: T0 : 0x800014dc @__libc_free+208    : ld                         : MemRead :  A=0x87e01038
5329000: system.cpu: T0 : 0x800014e0 @__libc_free+212    : addi                       : No_OpClass : 
5330000: system.cpu: T0 : 0x800014e4 @__libc_free+216    : shru                       : No_OpClass : 
5331000: system.cpu: T0 : 0x800014e8 @__libc_free+220    : addi                       : No_OpClass : 
5332000: system.cpu: T0 : 0x800014ec @__libc_free+224    : shlu                       : No_OpClass : 
5333000: system.cpu: T0 : 0x800014f0 @__libc_free+228    : addi                       : No_OpClass : 
5334000: system.cpu: T0 : 0x800014f4 @__libc_free+232    : add                        : No_OpClass : 
5335000: system.cpu: T0 : 0x800014f8 @__libc_free+236    : addi.rb                    : No_OpClass : 
5336000: system.cpu: T0 : 0x800014fc @__libc_free+240    : st                         : MemWrite :  A=0x7fffffffdec8
5337000: system.cpu: T0 : 0x80001500 @__libc_free+244    : ld                         : MemRead :  A=0x7fffffffdef8
5338000: system.cpu: T0 : 0x80001504 @__libc_free+248    : addi                       : No_OpClass : 
5339000: system.cpu: T0 : 0x80001508 @__libc_free+252    : blockcopy                  : No_OpClass : 
5340000: system.cpu: T0 : 0x8000150c @__libc_free+256    : st                         : MemWrite :  A=0x10000000d
5341000: system.cpu: T0 : 0x80001510 @__libc_free+260    : ld                         : MemRead :  A=0x7fffffffdef8
5342000: system.cpu: T0 : 0x80001514 @__libc_free+264    : addi                       : No_OpClass : 
5343000: system.cpu: T0 : 0x80001518 @__libc_free+268    : blockcopy                  : No_OpClass : 
5344000: system.cpu: T0 : 0x8000151c @__libc_free+272    : st                         : MemWrite :  A=0x10000000e
5345000: system.cpu: T0 : 0x80001520 @__libc_free+276    : ld                         : MemRead :  A=0x7fffffffded8
5346000: system.cpu: T0 : 0x80001524 @__libc_free+280    : add                        : No_OpClass : 
5347000: system.cpu: T0 : 0x80001528 @__libc_free+284    : ld                         : MemRead :  A=0x7fffffffded0
5348000: system.cpu: T0 : 0x8000152c @__libc_free+288    : xor                        : No_OpClass : 
5349000: system.cpu: T0 : 0x80001530 @__libc_free+292    : rela                       : No_OpClass : 
5350000: system.cpu: T0 : 0x80001534 @__libc_free+296    : addi.rb                    : No_OpClass : 
5351000: system.cpu: T0 : 0x80001538 @__libc_free+300    : ld                         : MemRead :  A=0x800081e0
5352000: system.cpu: T0 : 0x8000153c @__libc_free+304    : shlu                       : No_OpClass : 
5353000: system.cpu: T0 : 0x80001540 @__libc_free+308    : cmpu                       : No_OpClass : 
5354000: system.cpu: T0 : 0x80001544 @__libc_free+312    : brn                        : No_OpClass : 
5355000: system.cpu: T0 : 0x80001548 @__libc_free+316    : jump 0                     : No_OpClass : 
5356000: system.cpu: T0 : 0x8000154c @__libc_free+320    : ld                         : MemRead :  A=0x7fffffffdef0
5357000: system.cpu: T0 : 0x80001550 @__libc_free+324    : blockcopy                  : No_OpClass : 
5358000: system.cpu: T0 : 0x80001554 @__libc_free+328    : ld                         : MemRead :  A=0x87e01038
5359000: system.cpu: T0 : 0x80001558 @__libc_free+332    : addi                       : No_OpClass : 
5360000: system.cpu: T0 : 0x8000155c @__libc_free+336    : shru                       : No_OpClass : 
5361000: system.cpu: T0 : 0x80001560 @__libc_free+340    : brz                        : No_OpClass : 
5362000: system.cpu: T0 : 0x80001620 @__libc_free+532    : jump 0                     : No_OpClass : 
5363000: system.cpu: T0 : 0x80001624 @__libc_free+536    : ld                         : MemRead :  A=0x7fffffffdef0
5364000: system.cpu: T0 : 0x80001628 @__libc_free+540    : blockcopy                  : No_OpClass : 
5365000: system.cpu: T0 : 0x8000162c @__libc_free+544    : ld                         : MemRead :  A=0x87e01034
5366000: system.cpu: T0 : 0x80001630 @__libc_free+548    : addi.rb                    : No_OpClass : 
5367000: system.cpu: T0 : 0x80001634 @__libc_free+552    : st                         : MemWrite :  A=0x7fffffffdeb0
5368000: system.cpu: T0 : 0x80001638 @__libc_free+556    : ld                         : MemRead :  A=0x7fffffffdef0
5369000: system.cpu: T0 : 0x8000163c @__libc_free+560    : blockcopy                  : No_OpClass : 
5370000: system.cpu: T0 : 0x80001640 @__libc_free+564    : ld                         : MemRead :  A=0x87e01030
5371000: system.cpu: T0 : 0x80001644 @__libc_free+568    : addi.rb                    : No_OpClass : 
5372000: system.cpu: T0 : 0x80001648 @__libc_free+572    : st                         : MemWrite :  A=0x7fffffffdeac
5373000: system.cpu: T0 : 0x8000164c @__libc_free+576    : ld                         : MemRead :  A=0x7fffffffdeb0
5374000: system.cpu: T0 : 0x80001650 @__libc_free+580    : ld                         : MemRead :  A=0x7fffffffdeac
5375000: system.cpu: T0 : 0x80001654 @__libc_free+584    : orr                        : No_OpClass : 
5376000: system.cpu: T0 : 0x80001658 @__libc_free+588    : addi.rb                    : No_OpClass : 
5377000: system.cpu: T0 : 0x8000165c @__libc_free+592    : st                         : MemWrite :  A=0x7fffffffdea8
5378000: system.cpu: T0 : 0x80001660 @__libc_free+596    : jump 0                     : No_OpClass : 
5379000: system.cpu: T0 : 0x80001664 @__libc_free+600    : addi.rb                    : No_OpClass : 
5380000: system.cpu: T0 : 0x80001668 @__libc_free+604    : ld                         : MemRead :  A=0x7fffffffdea8
5381000: system.cpu: T0 : 0x8000166c @__libc_free+608    : addi.rb                    : No_OpClass : 
5382000: system.cpu: T0 : 0x80001670 @__libc_free+612    : ld                         : MemRead :  A=0x7fffffffdecc
5383000: system.cpu: T0 : 0x80001674 @__libc_free+616    : and                        : No_OpClass : 
5384000: system.cpu: T0 : 0x80001678 @__libc_free+620    : brz                        : No_OpClass : 
5385000: system.cpu: T0 : 0x80001688 @__libc_free+636    : jump 0                     : No_OpClass : 
5386000: system.cpu: T0 : 0x8000168c @__libc_free+640    : addi.rb                    : No_OpClass : 
5387000: system.cpu: T0 : 0x80001690 @__libc_free+644    : ld                         : MemRead :  A=0x7fffffffdeb0
5388000: system.cpu: T0 : 0x80001694 @__libc_free+648    : brz                        : No_OpClass : 
5389000: system.cpu: T0 : 0x800016cc @__libc_free+704    : jump 35                    : No_OpClass : 
5390000: system.cpu: T0 : 0x8000175c @__libc_free+848    : call                       : No_OpClass : 
5391000: system.cpu: T0 : 0x80002194 @wrlock    : rela                       : No_OpClass : 
5392000: system.cpu: T0 : 0x80002198 @wrlock+4    : addi.rb                    : No_OpClass : 
5393000: system.cpu: T0 : 0x8000219c @wrlock+8    : ld                         : MemRead :  A=0x800081b3
5394000: system.cpu: T0 : 0x800021a0 @wrlock+12    : brz                        : No_OpClass : 
5395000: system.cpu: T0 : 0x800021b8 @wrlock+36    : ret                        : No_OpClass : 
5396000: system.cpu: T0 : 0x80001760 @__libc_free+852    : ld                         : MemRead :  A=0x7fffffffdef0
5397000: system.cpu: T0 : 0x80001764 @__libc_free+856    : addi.rb                    : No_OpClass : 
5398000: system.cpu: T0 : 0x80001768 @__libc_free+860    : ld                         : MemRead :  A=0x7fffffffdeec
5399000: system.cpu: T0 : 0x8000176c @__libc_free+864    : addi.rb                    : No_OpClass : 
5400000: system.cpu: T0 : 0x80001770 @__libc_free+868    : blockcopy                  : No_OpClass : 
5401000: system.cpu: T0 : 0x80001774 @__libc_free+872    : call                       : No_OpClass : 
5402000: system.cpu: T0 : 0x80001e88 @nontrivial_free    : addi.rb                    : No_OpClass : 
5403000: system.cpu: T0 : 0x80001e8c @nontrivial_free+4    : st                         : MemWrite :  A=0x7fffffffde38
5404000: system.cpu: T0 : 0x80001e90 @nontrivial_free+8    : blockcopy                  : No_OpClass : 
5405000: system.cpu: T0 : 0x80001e94 @nontrivial_free+12    : st                         : MemWrite :  A=0x7fffffffde58
5406000: system.cpu: T0 : 0x80001e98 @nontrivial_free+16    : addi.rb                    : No_OpClass : 
5407000: system.cpu: T0 : 0x80001e9c @nontrivial_free+20    : st                         : MemWrite :  A=0x7fffffffde54
5408000: system.cpu: T0 : 0x80001ea0 @nontrivial_free+24    : ld                         : MemRead :  A=0x7fffffffde54
5409000: system.cpu: T0 : 0x80001ea4 @nontrivial_free+28    : addi                       : No_OpClass : 
5410000: system.cpu: T0 : 0x80001ea8 @nontrivial_free+32    : shlu                       : No_OpClass : 
5411000: system.cpu: T0 : 0x80001eac @nontrivial_free+36    : addi.rb                    : No_OpClass : 
5412000: system.cpu: T0 : 0x80001eb0 @nontrivial_free+40    : st                         : MemWrite :  A=0x7fffffffde50
5413000: system.cpu: T0 : 0x80001eb4 @nontrivial_free+44    : ld                         : MemRead :  A=0x7fffffffde58
5414000: system.cpu: T0 : 0x80001eb8 @nontrivial_free+48    : blockcopy                  : No_OpClass : 
5415000: system.cpu: T0 : 0x80001ebc @nontrivial_free+52    : ld                         : MemRead :  A=0x87e01038
5416000: system.cpu: T0 : 0x80001ec0 @nontrivial_free+56    : addi                       : No_OpClass : 
5417000: system.cpu: T0 : 0x80001ec4 @nontrivial_free+60    : shru                       : No_OpClass : 
5418000: system.cpu: T0 : 0x80001ec8 @nontrivial_free+64    : addi                       : No_OpClass : 
5419000: system.cpu: T0 : 0x80001ecc @nontrivial_free+68    : and                        : No_OpClass : 
5420000: system.cpu: T0 : 0x80001ed0 @nontrivial_free+72    : addi.rb                    : No_OpClass : 
5421000: system.cpu: T0 : 0x80001ed4 @nontrivial_free+76    : st                         : MemWrite :  A=0x7fffffffde4c
5422000: system.cpu: T0 : 0x80001ed8 @nontrivial_free+80    : ld                         : MemRead :  A=0x7fffffffde58
5423000: system.cpu: T0 : 0x80001edc @nontrivial_free+84    : blockcopy                  : No_OpClass : 
5424000: system.cpu: T0 : 0x80001ee0 @nontrivial_free+88    : ld                         : MemRead :  A=0x87e01034
5425000: system.cpu: T0 : 0x80001ee4 @nontrivial_free+92    : ld                         : MemRead :  A=0x7fffffffde58
5426000: system.cpu: T0 : 0x80001ee8 @nontrivial_free+96    : blockcopy                  : No_OpClass : 
5427000: system.cpu: T0 : 0x80001eec @nontrivial_free+100    : ld                         : MemRead :  A=0x87e01030
5428000: system.cpu: T0 : 0x80001ef0 @nontrivial_free+104    : orr                        : No_OpClass : 
5429000: system.cpu: T0 : 0x80001ef4 @nontrivial_free+108    : addi.rb                    : No_OpClass : 
5430000: system.cpu: T0 : 0x80001ef8 @nontrivial_free+112    : st                         : MemWrite :  A=0x7fffffffde48
5431000: system.cpu: T0 : 0x80001efc @nontrivial_free+116    : ld                         : MemRead :  A=0x7fffffffde48
5432000: system.cpu: T0 : 0x80001f00 @nontrivial_free+120    : ld                         : MemRead :  A=0x7fffffffde50
5433000: system.cpu: T0 : 0x80001f04 @nontrivial_free+124    : add                        : No_OpClass : 
5434000: system.cpu: T0 : 0x80001f08 @nontrivial_free+128    : setzw                      : No_OpClass : 
5435000: system.cpu: T0 : 0x80001f0c @nontrivial_free+132    : orw                        : No_OpClass : 
5436000: system.cpu: T0 : 0x80001f10 @nontrivial_free+136    : and                        : No_OpClass : 
5437000: system.cpu: T0 : 0x80001f14 @nontrivial_free+140    : ld                         : MemRead :  A=0x7fffffffde58
5438000: system.cpu: T0 : 0x80001f18 @nontrivial_free+144    : blockcopy                  : No_OpClass : 
5439000: system.cpu: T0 : 0x80001f1c @nontrivial_free+148    : ld                         : MemRead :  A=0x87e01038
5440000: system.cpu: T0 : 0x80001f20 @nontrivial_free+152    : addi                       : No_OpClass : 
5441000: system.cpu: T0 : 0x80001f24 @nontrivial_free+156    : shru                       : No_OpClass : 
5442000: system.cpu: T0 : 0x80001f28 @nontrivial_free+160    : addi                       : No_OpClass : 
5443000: system.cpu: T0 : 0x80001f2c @nontrivial_free+164    : shlu                       : No_OpClass : 
5444000: system.cpu: T0 : 0x80001f30 @nontrivial_free+168    : addi                       : No_OpClass : 
5445000: system.cpu: T0 : 0x80001f34 @nontrivial_free+172    : add                        : No_OpClass : 
5446000: system.cpu: T0 : 0x80001f38 @nontrivial_free+176    : and                        : No_OpClass : 
5447000: system.cpu: T0 : 0x80001f3c @nontrivial_free+180    : brne                       : No_OpClass : 
5448000: system.cpu: T0 : 0x80001f40 @nontrivial_free+184    : jump 0                     : No_OpClass : 
5449000: system.cpu: T0 : 0x80001f44 @nontrivial_free+188    : ld                         : MemRead :  A=0x7fffffffde58
5450000: system.cpu: T0 : 0x80001f48 @nontrivial_free+192    : blockcopy                  : No_OpClass : 
5451000: system.cpu: T0 : 0x80001f4c @nontrivial_free+196    : call                       : No_OpClass : 
5452000: system.cpu: T0 : 0x800021bc @okay_to_free    : addi.rb                    : No_OpClass : 
5453000: system.cpu: T0 : 0x800021c0 @okay_to_free+4    : blockcopy                  : No_OpClass : 
5454000: system.cpu: T0 : 0x800021c4 @okay_to_free+8    : st                         : MemWrite :  A=0x7fffffffde20
5455000: system.cpu: T0 : 0x800021c8 @okay_to_free+12    : ld                         : MemRead :  A=0x7fffffffde20
5456000: system.cpu: T0 : 0x800021cc @okay_to_free+16    : blockcopy                  : No_OpClass : 
5457000: system.cpu: T0 : 0x800021d0 @okay_to_free+20    : ld                         : MemRead :  A=0x87e01038
5458000: system.cpu: T0 : 0x800021d4 @okay_to_free+24    : addi                       : No_OpClass : 
5459000: system.cpu: T0 : 0x800021d8 @okay_to_free+28    : shru                       : No_OpClass : 
5460000: system.cpu: T0 : 0x800021dc @okay_to_free+32    : addi                       : No_OpClass : 
5461000: system.cpu: T0 : 0x800021e0 @okay_to_free+36    : and                        : No_OpClass : 
5462000: system.cpu: T0 : 0x800021e4 @okay_to_free+40    : addi.rb                    : No_OpClass : 
5463000: system.cpu: T0 : 0x800021e8 @okay_to_free+44    : st                         : MemWrite :  A=0x7fffffffde1c
5464000: system.cpu: T0 : 0x800021ec @okay_to_free+48    : ld                         : MemRead :  A=0x7fffffffde20
5465000: system.cpu: T0 : 0x800021f0 @okay_to_free+52    : blockcopy                  : No_OpClass : 
5466000: system.cpu: T0 : 0x800021f4 @okay_to_free+56    : ld                         : MemRead :  A=0x87e01038
5467000: system.cpu: T0 : 0x800021f8 @okay_to_free+60    : addi                       : No_OpClass : 
5468000: system.cpu: T0 : 0x800021fc @okay_to_free+64    : shru                       : No_OpClass : 
5469000: system.cpu: T0 : 0x80002200 @okay_to_free+68    : addi                       : No_OpClass : 
5470000: system.cpu: T0 : 0x80002204 @okay_to_free+72    : and                        : No_OpClass : 
5471000: system.cpu: T0 : 0x80002208 @okay_to_free+76    : brnz                       : No_OpClass : 
5472000: system.cpu: T0 : 0x80002220 @okay_to_free+100    : addi.rb                    : No_OpClass : 
5473000: system.cpu: T0 : 0x80002224 @okay_to_free+104    : ld                         : MemRead :  A=0x7fffffffde1c
5474000: system.cpu: T0 : 0x80002228 @okay_to_free+108    : addi                       : No_OpClass : 
5475000: system.cpu: T0 : 0x8000222c @okay_to_free+112    : cmps                       : No_OpClass : 
5476000: system.cpu: T0 : 0x80002230 @okay_to_free+116    : brp                        : No_OpClass : 
5477000: system.cpu: T0 : 0x80002280 @okay_to_free+196    : addi.rb                    : No_OpClass : 
5478000: system.cpu: T0 : 0x80002284 @okay_to_free+200    : addi                       : No_OpClass : 
5479000: system.cpu: T0 : 0x80002288 @okay_to_free+204    : st                         : MemWrite :  A=0x7fffffffde2c
5480000: system.cpu: T0 : 0x8000228c @okay_to_free+208    : jump 74                    : No_OpClass : 
5481000: system.cpu: T0 : 0x800023b8 @okay_to_free+508    : addi.rb                    : No_OpClass : 
5482000: system.cpu: T0 : 0x800023bc @okay_to_free+512    : ld                         : MemRead :  A=0x7fffffffde2c
5483000: system.cpu: T0 : 0x800023c0 @okay_to_free+516    : addi.rb                    : No_OpClass : 
5484000: system.cpu: T0 : 0x800023c4 @okay_to_free+520    : ret                        : No_OpClass : 
5485000: system.cpu: T0 : 0x80001f50 @nontrivial_free+200    : setzw                      : No_OpClass : 
5486000: system.cpu: T0 : 0x80001f54 @nontrivial_free+204    : orw                        : No_OpClass : 
5487000: system.cpu: T0 : 0x80001f58 @nontrivial_free+208    : and                        : No_OpClass : 
5488000: system.cpu: T0 : 0x80001f5c @nontrivial_free+212    : brz                        : No_OpClass : 
5489000: system.cpu: T0 : 0x80001f60 @nontrivial_free+216    : jump 0                     : No_OpClass : 
5490000: system.cpu: T0 : 0x80001f64 @nontrivial_free+220    : ld                         : MemRead :  A=0x7fffffffde58
5491000: system.cpu: T0 : 0x80001f68 @nontrivial_free+224    : blockcopy                  : No_OpClass : 
5492000: system.cpu: T0 : 0x80001f6c @nontrivial_free+228    : ld                         : MemRead :  A=0x87e01020
5493000: system.cpu: T0 : 0x80001f70 @nontrivial_free+232    : brz                        : No_OpClass : 
5494000: system.cpu: T0 : 0x80002090 @nontrivial_free+520    : ld                         : MemRead :  A=0x7fffffffde38
5495000: system.cpu: T0 : 0x80002094 @nontrivial_free+524    : ld                         : MemRead :  A=0x7fffffffde58
5496000: system.cpu: T0 : 0x80002098 @nontrivial_free+528    : blockcopy                  : No_OpClass : 
5497000: system.cpu: T0 : 0x8000209c @nontrivial_free+532    : call                       : No_OpClass : 
5498000: system.cpu: T0 : 0x80002590 @free_group    : addi.rb                    : No_OpClass : 
5499000: system.cpu: T0 : 0x80002594 @free_group+4    : st                         : MemWrite :  A=0x7fffffffddf0
5500000: system.cpu: T0 : 0x80002598 @free_group+8    : blockcopy                  : No_OpClass : 
5501000: system.cpu: T0 : 0x8000259c @free_group+12    : st                         : MemWrite :  A=0x7fffffffde28
5502000: system.cpu: T0 : 0x800025a0 @free_group+16    : addi                       : No_OpClass : 
5503000: system.cpu: T0 : 0x800025a4 @free_group+20    : st                         : MemWrite :  A=0x7fffffffdea0
5504000: system.cpu: T0 : 0x800025a8 @free_group+24    : st                         : MemWrite :  A=0x7fffffffde98
5505000: system.cpu: T0 : 0x800025ac @free_group+28    : ld                         : MemRead :  A=0x7fffffffde28
5506000: system.cpu: T0 : 0x800025b0 @free_group+32    : blockcopy                  : No_OpClass : 
5507000: system.cpu: T0 : 0x800025b4 @free_group+36    : ld                         : MemRead :  A=0x87e01038
5508000: system.cpu: T0 : 0x800025b8 @free_group+40    : addi                       : No_OpClass : 
5509000: system.cpu: T0 : 0x800025bc @free_group+44    : shru                       : No_OpClass : 
5510000: system.cpu: T0 : 0x800025c0 @free_group+48    : addi                       : No_OpClass : 
5511000: system.cpu: T0 : 0x800025c4 @free_group+52    : and                        : No_OpClass : 
5512000: system.cpu: T0 : 0x800025c8 @free_group+56    : addi.rb                    : No_OpClass : 
5513000: system.cpu: T0 : 0x800025cc @free_group+60    : st                         : MemWrite :  A=0x7fffffffde24
5514000: system.cpu: T0 : 0x800025d0 @free_group+64    : ld                         : MemRead :  A=0x7fffffffde24
5515000: system.cpu: T0 : 0x800025d4 @free_group+68    : addi                       : No_OpClass : 
5516000: system.cpu: T0 : 0x800025d8 @free_group+72    : cmps                       : No_OpClass : 
5517000: system.cpu: T0 : 0x800025dc @free_group+76    : brp                        : No_OpClass : 
5518000: system.cpu: T0 : 0x80002638 @free_group+168    : ld                         : MemRead :  A=0x7fffffffde28
5519000: system.cpu: T0 : 0x8000263c @free_group+172    : blockcopy                  : No_OpClass : 
5520000: system.cpu: T0 : 0x80002640 @free_group+176    : ld                         : MemRead :  A=0x87e01038
5521000: system.cpu: T0 : 0x80002644 @free_group+180    : setzw                      : No_OpClass : 
5522000: system.cpu: T0 : 0x80002648 @free_group+184    : orw                        : No_OpClass : 
5523000: system.cpu: T0 : 0x8000264c @free_group+188    : orw                        : No_OpClass : 
5524000: system.cpu: T0 : 0x80002650 @free_group+192    : orw                        : No_OpClass : 
5525000: system.cpu: T0 : 0x80002654 @free_group+196    : and                        : No_OpClass : 
5526000: system.cpu: T0 : 0x80002658 @free_group+200    : brz                        : No_OpClass : 
5527000: system.cpu: T0 : 0x8000265c @free_group+204    : jump 0                     : No_OpClass : 
5528000: system.cpu: T0 : 0x80002660 @free_group+208    : call                       : No_OpClass : 
5529000: system.cpu: T0 : 0x80002910 @step_seq    : addi.rb                    : No_OpClass : 
5530000: system.cpu: T0 : 0x80002914 @step_seq+4    : rela                       : No_OpClass : 
5531000: system.cpu: T0 : 0x80002918 @step_seq+8    : addi.rb                    : No_OpClass : 
5532000: system.cpu: T0 : 0x8000291c @step_seq+12    : ld                         : MemRead :  A=0x800085c0
5533000: system.cpu: T0 : 0x80002920 @step_seq+16    : addi                       : No_OpClass : 
5534000: system.cpu: T0 : 0x80002924 @step_seq+20    : brne                       : No_OpClass : 
5535000: system.cpu: T0 : 0x800029a8 @step_seq+152    : rela                       : No_OpClass : 
5536000: system.cpu: T0 : 0x800029ac @step_seq+156    : addi.rb                    : No_OpClass : 
5537000: system.cpu: T0 : 0x800029b0 @step_seq+160    : ld                         : MemRead :  A=0x800085c0
5538000: system.cpu: T0 : 0x800029b4 @step_seq+164    : addi                       : No_OpClass : 
5539000: system.cpu: T0 : 0x800029b8 @step_seq+168    : add                        : No_OpClass : 
5540000: system.cpu: T0 : 0x800029bc @step_seq+172    : st                         : MemWrite :  A=0x800085c0
5541000: system.cpu: T0 : 0x800029c0 @step_seq+176    : jump 0                     : No_OpClass : 
5542000: system.cpu: T0 : 0x800029c4 @step_seq+180    : addi.rb                    : No_OpClass : 
5543000: system.cpu: T0 : 0x800029c8 @step_seq+184    : ret                        : No_OpClass : 
5544000: system.cpu: T0 : 0x80002664 @free_group+212    : addi.rb                    : No_OpClass : 
5545000: system.cpu: T0 : 0x80002668 @free_group+216    : ld                         : MemRead :  A=0x7fffffffde24
5546000: system.cpu: T0 : 0x8000266c @free_group+220    : call                       : No_OpClass : 
5547000: system.cpu: T0 : 0x800029cc @record_seq    : addi.rb                    : No_OpClass : 
5548000: system.cpu: T0 : 0x800029d0 @record_seq+4    : addi.rb                    : No_OpClass : 
5549000: system.cpu: T0 : 0x800029d4 @record_seq+8    : st                         : MemWrite :  A=0x7fffffffddec
5550000: system.cpu: T0 : 0x800029d8 @record_seq+12    : ld                         : MemRead :  A=0x7fffffffddec
5551000: system.cpu: T0 : 0x800029dc @record_seq+16    : addi                       : No_OpClass : 
5552000: system.cpu: T0 : 0x800029e0 @record_seq+20    : add                        : No_OpClass : 
5553000: system.cpu: T0 : 0x800029e4 @record_seq+24    : setzw                      : No_OpClass : 
5554000: system.cpu: T0 : 0x800029e8 @record_seq+28    : orw                        : No_OpClass : 
5555000: system.cpu: T0 : 0x800029ec @record_seq+32    : and                        : No_OpClass : 
5556000: system.cpu: T0 : 0x800029f0 @record_seq+36    : addi                       : No_OpClass : 
5557000: system.cpu: T0 : 0x800029f4 @record_seq+40    : cmpu                       : No_OpClass : 
5558000: system.cpu: T0 : 0x800029f8 @record_seq+44    : brp                        : No_OpClass : 
5559000: system.cpu: T0 : 0x80002a3c @record_seq+112    : addi.rb                    : No_OpClass : 
5560000: system.cpu: T0 : 0x80002a40 @record_seq+116    : ret                        : No_OpClass : 
5561000: system.cpu: T0 : 0x80002670 @free_group+224    : ld                         : MemRead :  A=0x7fffffffddf0
5562000: system.cpu: T0 : 0x80002674 @free_group+228    : ld                         : MemRead :  A=0x7fffffffde28
5563000: system.cpu: T0 : 0x80002678 @free_group+232    : blockcopy                  : No_OpClass : 
5564000: system.cpu: T0 : 0x8000267c @free_group+236    : ld                         : MemRead :  A=0x87e01028
5565000: system.cpu: T0 : 0x80002680 @free_group+240    : st                         : MemWrite :  A=0x7fffffffde98
5566000: system.cpu: T0 : 0x80002684 @free_group+244    : ld                         : MemRead :  A=0x7fffffffde28
5567000: system.cpu: T0 : 0x80002688 @free_group+248    : blockcopy                  : No_OpClass : 
5568000: system.cpu: T0 : 0x8000268c @free_group+252    : ld                         : MemRead :  A=0x87e01038
5569000: system.cpu: T0 : 0x80002690 @free_group+256    : addi                       : No_OpClass : 
5570000: system.cpu: T0 : 0x80002694 @free_group+260    : shlu                       : No_OpClass : 
5571000: system.cpu: T0 : 0x80002698 @free_group+264    : st                         : MemWrite :  A=0x7fffffffdea0
5572000: system.cpu: T0 : 0x8000269c @free_group+268    : jump 31                    : No_OpClass : 
5573000: system.cpu: T0 : 0x8000271c @free_group+396    : ld                         : MemRead :  A=0x7fffffffde28
5574000: system.cpu: T0 : 0x80002720 @free_group+400    : blockcopy                  : No_OpClass : 
5575000: system.cpu: T0 : 0x80002724 @free_group+404    : call                       : No_OpClass : 
5576000: system.cpu: T0 : 0x80002a44 @free_meta    : addi.rb                    : No_OpClass : 
5577000: system.cpu: T0 : 0x80002a48 @free_meta+4    : blockcopy                  : No_OpClass : 
5578000: system.cpu: T0 : 0x80002a4c @free_meta+8    : st                         : MemWrite :  A=0x7fffffffdde8
5579000: system.cpu: T0 : 0x80002a50 @free_meta+12    : ld                         : MemRead :  A=0x7fffffffdde8
5580000: system.cpu: T0 : 0x80002a54 @free_meta+16    : addi                       : No_OpClass : 
5581000: system.cpu: T0 : 0x80002a58 @free_meta+20    : st                         : MemWrite :  A=0x7fffffffdde0
5582000: system.cpu: T0 : 0x80002a5c @free_meta+24    : st                         : MemWrite :  A=0x7fffffffddd8
5583000: system.cpu: T0 : 0x80002a60 @free_meta+28    : st                         : MemWrite :  A=0x7fffffffddd0
5584000: system.cpu: T0 : 0x80002a64 @free_meta+32    : st                         : MemWrite :  A=0x7fffffffddc8
5585000: system.cpu: T0 : 0x80002a68 @free_meta+36    : st                         : MemWrite :  A=0x7fffffffddc0
5586000: system.cpu: T0 : 0x80002a6c @free_meta+40    : ld                         : MemRead :  A=0x7fffffffdde0
5587000: system.cpu: T0 : 0x80002a70 @free_meta+44    : blockcopy                  : No_OpClass : 
5588000: system.cpu: T0 : 0x80002a74 @free_meta+48    : st                         : MemWrite :  A=0x87e01038
5589000: system.cpu: T0 : 0x80002a78 @free_meta+52    : ld                         : MemRead :  A=0x7fffffffddd8
5590000: system.cpu: T0 : 0x80002a7c @free_meta+56    : blockcopy                  : No_OpClass : 
5591000: system.cpu: T0 : 0x80002a80 @free_meta+60    : st                         : MemWrite :  A=0x87e01030
5592000: system.cpu: T0 : 0x80002a84 @free_meta+64    : ld                         : MemRead :  A=0x7fffffffddd0
5593000: system.cpu: T0 : 0x80002a88 @free_meta+68    : blockcopy                  : No_OpClass : 
5594000: system.cpu: T0 : 0x80002a8c @free_meta+72    : st                         : MemWrite :  A=0x87e01028
5595000: system.cpu: T0 : 0x80002a90 @free_meta+76    : ld                         : MemRead :  A=0x7fffffffddc8
5596000: system.cpu: T0 : 0x80002a94 @free_meta+80    : blockcopy                  : No_OpClass : 
5597000: system.cpu: T0 : 0x80002a98 @free_meta+84    : st                         : MemWrite :  A=0x87e01020
5598000: system.cpu: T0 : 0x80002a9c @free_meta+88    : ld                         : MemRead :  A=0x7fffffffddc0
5599000: system.cpu: T0 : 0x80002aa0 @free_meta+92    : blockcopy                  : No_OpClass : 
5600000: system.cpu: T0 : 0x80002aa4 @free_meta+96    : st                         : MemWrite :  A=0x87e01018
5601000: system.cpu: T0 : 0x80002aa8 @free_meta+100    : ld                         : MemRead :  A=0x7fffffffdde8
5602000: system.cpu: T0 : 0x80002aac @free_meta+104    : rela                       : No_OpClass : 
5603000: system.cpu: T0 : 0x80002ab0 @free_meta+108    : addi.rb                    : No_OpClass : 
5604000: system.cpu: T0 : 0x80002ab4 @free_meta+112    : blockcopy                  : No_OpClass : 
5605000: system.cpu: T0 : 0x80002ab8 @free_meta+116    : call                       : No_OpClass : 
5606000: system.cpu: T0 : 0x80002730 @queue    : addi.rb                    : No_OpClass : 
5607000: system.cpu: T0 : 0x80002734 @queue+4    : blockcopy                  : No_OpClass : 
5608000: system.cpu: T0 : 0x80002738 @queue+8    : st                         : MemWrite :  A=0x7fffffffddb8
5609000: system.cpu: T0 : 0x8000273c @queue+12    : blockcopy                  : No_OpClass : 
5610000: system.cpu: T0 : 0x80002740 @queue+16    : st                         : MemWrite :  A=0x7fffffffddb0
5611000: system.cpu: T0 : 0x80002744 @queue+20    : jump 0                     : No_OpClass : 
5612000: system.cpu: T0 : 0x80002748 @queue+24    : ld                         : MemRead :  A=0x7fffffffddb0
5613000: system.cpu: T0 : 0x8000274c @queue+28    : blockcopy                  : No_OpClass : 
5614000: system.cpu: T0 : 0x80002750 @queue+32    : ld                         : MemRead :  A=0x87e01020
5615000: system.cpu: T0 : 0x80002754 @queue+36    : brz                        : No_OpClass : 
5616000: system.cpu: T0 : 0x80002764 @queue+52    : jump 0                     : No_OpClass : 
5617000: system.cpu: T0 : 0x80002768 @queue+56    : jump 0                     : No_OpClass : 
5618000: system.cpu: T0 : 0x8000276c @queue+60    : ld                         : MemRead :  A=0x7fffffffddb0
5619000: system.cpu: T0 : 0x80002770 @queue+64    : blockcopy                  : No_OpClass : 
5620000: system.cpu: T0 : 0x80002774 @queue+68    : ld                         : MemRead :  A=0x87e01018
5621000: system.cpu: T0 : 0x80002778 @queue+72    : brz                        : No_OpClass : 
5622000: system.cpu: T0 : 0x80002788 @queue+88    : jump 0                     : No_OpClass : 
5623000: system.cpu: T0 : 0x8000278c @queue+92    : ld                         : MemRead :  A=0x7fffffffddb8
5624000: system.cpu: T0 : 0x80002790 @queue+96    : blockcopy                  : No_OpClass : 
5625000: system.cpu: T0 : 0x80002794 @queue+100    : ld                         : MemRead :  A=0x80008240
5626000: system.cpu: T0 : 0x80002798 @queue+104    : brz                        : No_OpClass : 
5627000: system.cpu: T0 : 0x80002804 @queue+212    : ld                         : MemRead :  A=0x7fffffffddb0
5628000: system.cpu: T0 : 0x80002808 @queue+216    : blockcopy                  : No_OpClass : 
5629000: system.cpu: T0 : 0x8000280c @queue+220    : st                         : MemWrite :  A=0x87e01020
5630000: system.cpu: T0 : 0x80002810 @queue+224    : ld                         : MemRead :  A=0x7fffffffddb0
5631000: system.cpu: T0 : 0x80002814 @queue+228    : blockcopy                  : No_OpClass : 
5632000: system.cpu: T0 : 0x80002818 @queue+232    : st                         : MemWrite :  A=0x87e01018
5633000: system.cpu: T0 : 0x8000281c @queue+236    : ld                         : MemRead :  A=0x7fffffffddb0
5634000: system.cpu: T0 : 0x80002820 @queue+240    : ld                         : MemRead :  A=0x7fffffffddb8
5635000: system.cpu: T0 : 0x80002824 @queue+244    : blockcopy                  : No_OpClass : 
5636000: system.cpu: T0 : 0x80002828 @queue+248    : st                         : MemWrite :  A=0x80008240
5637000: system.cpu: T0 : 0x8000282c @queue+252    : jump 0                     : No_OpClass : 
5638000: system.cpu: T0 : 0x80002830 @queue+256    : addi.rb                    : No_OpClass : 
5639000: system.cpu: T0 : 0x80002834 @queue+260    : ret                        : No_OpClass : 
5640000: system.cpu: T0 : 0x80002abc @free_meta+120    : addi.rb                    : No_OpClass : 
5641000: system.cpu: T0 : 0x80002ac0 @free_meta+124    : ret                        : No_OpClass : 
5642000: system.cpu: T0 : 0x80002728 @free_group+408    : addi.rb                    : No_OpClass : 
5643000: system.cpu: T0 : 0x8000272c @free_group+412    : ret                        : No_OpClass : 
5644000: system.cpu: T0 : 0x800020a0 @nontrivial_free+536    : jump 54                    : No_OpClass : 
5645000: system.cpu: T0 : 0x8000217c @nontrivial_free+756    : addi.rb                    : No_OpClass : 
5646000: system.cpu: T0 : 0x80002180 @nontrivial_free+760    : ret                        : No_OpClass : 
5647000: system.cpu: T0 : 0x80001778 @__libc_free+876    : call                       : No_OpClass : 
5648000: system.cpu: T0 : 0x80002ac4 @unlock    : rela                       : No_OpClass : 
5649000: system.cpu: T0 : 0x80002ac8 @unlock+4    : addi.rb                    : No_OpClass : 
5650000: system.cpu: T0 : 0x80002acc @unlock+8    : call                       : No_OpClass : 
5651000: system.cpu: T0 : 0x80002efc @__unlock    : ld                         : MemRead :  A=0x800085d0
5652000: system.cpu: T0 : 0x80002f00 @__unlock+4    : addi                       : No_OpClass : 
5653000: system.cpu: T0 : 0x80002f04 @__unlock+8    : cmps                       : No_OpClass : 
5654000: system.cpu: T0 : 0x80002f08 @__unlock+12    : brp                        : No_OpClass : 
5655000: system.cpu: T0 : 0x80002f68 @__unlock+108    : ret                        : No_OpClass : 
5656000: system.cpu: T0 : 0x80002ad0 @unlock+12    : ret                        : No_OpClass : 
5657000: system.cpu: T0 : 0x8000177c @__libc_free+880    : ld                         : MemRead :  A=0x7fffffffdea0
5658000: system.cpu: T0 : 0x80001780 @__libc_free+884    : brz                        : No_OpClass : 
5659000: system.cpu: T0 : 0x80001784 @__libc_free+888    : jump 0                     : No_OpClass : 
5660000: system.cpu: T0 : 0x80001788 @__libc_free+892    : call                       : No_OpClass : 
5661000: system.cpu: T0 : 0x80002ad4 @__errno_location    : call                       : No_OpClass : 
5662000: system.cpu: T0 : 0x80002ae8 @__get_tp    : blockcopy                  : No_OpClass : 
5663000: system.cpu: T0 : 0x80002aec @__get_tp+4    : ret                        : No_OpClass : 
5664000: system.cpu: T0 : 0x80002ad8 @__errno_location+4    : addi                       : No_OpClass : 
5665000: system.cpu: T0 : 0x80002adc @__errno_location+8    : add                        : No_OpClass : 
5666000: system.cpu: T0 : 0x80002ae0 @__errno_location+12    : blockcopy                  : No_OpClass : 
5667000: system.cpu: T0 : 0x80002ae4 @__errno_location+16    : ret                        : No_OpClass : 
5668000: system.cpu: T0 : 0x8000178c @__libc_free+896    : blockcopy                  : No_OpClass : 
5669000: system.cpu: T0 : 0x80001790 @__libc_free+900    : blockcopy                  : No_OpClass : 
5670000: system.cpu: T0 : 0x80001794 @__libc_free+904    : ld                         : MemRead :  A=0x80008074
5671000: system.cpu: T0 : 0x80001798 @__libc_free+908    : addi.rb                    : No_OpClass : 
5672000: system.cpu: T0 : 0x8000179c @__libc_free+912    : st                         : MemWrite :  A=0x7fffffffde60
5673000: system.cpu: T0 : 0x800017a0 @__libc_free+916    : st                         : MemWrite :  A=0x7fffffffde94
5674000: system.cpu: T0 : 0x800017a4 @__libc_free+920    : ld                         : MemRead :  A=0x7fffffffde98
5675000: system.cpu: T0 : 0x800017a8 @__libc_free+924    : ld                         : MemRead :  A=0x7fffffffdea0
5676000: system.cpu: T0 : 0x800017ac @__libc_free+928    : blockcopy                  : No_OpClass : 
5677000: system.cpu: T0 : 0x800017b0 @__libc_free+932    : call                       : No_OpClass : 
5678000: system.cpu: T0 : 0x80002b64 @munmap    : addi.rb                    : No_OpClass : 
5679000: system.cpu: T0 : 0x80002b68 @munmap+4    : st                         : MemWrite :  A=0x7fffffffde58
5680000: system.cpu: T0 : 0x80002b6c @munmap+8    : addi                       : No_OpClass : 
5681000: system.cpu: T0 : 0x80002b70 @munmap+12    : st                         : MemWrite :  A=0x7fffffffde50
5682000: system.cpu: T0 : 0x80002b74 @munmap+16    : call                       : No_OpClass : 
5683000: system.cpu: T0 : 0x80002b60 @__vm_wait    : ret                        : No_OpClass : 
5684000: system.cpu: T0 : 0x80002b78 @munmap+20    : addi                       : No_OpClass : 
5685000: system.cpu: T0 : 0x80002b7c @munmap+24    : ld                         : MemRead :  A=0x7fffffffde50
5686000: system.cpu: T0 : 0x80002b80 @munmap+28    : blockcopy                  : No_OpClass : 
5687000: system.cpu: T0 : 0x80002b84 @munmap+32    : addi                       : No_OpClass : 
5688000: system.cpu: T0 : 0x80002b88 @munmap+36    : trap                       : No_OpClass : 
5689000: system.cpu: T0 : 0x80002b8c @munmap+40    : addi                       : No_OpClass : 
5690000: system.cpu: T0 : 0x80002b90 @munmap+44    : call                       : No_OpClass : 
5691000: system.cpu: T0 : 0x80002b10 @__syscall_ret    : addi.rb                    : No_OpClass : 
5692000: system.cpu: T0 : 0x80002b14 @__syscall_ret+4    : st                         : MemWrite :  A=0x7fffffffde48
5693000: system.cpu: T0 : 0x80002b18 @__syscall_ret+8    : setzw                      : No_OpClass : 
5694000: system.cpu: T0 : 0x80002b1c @__syscall_ret+12    : orw                        : No_OpClass : 
5695000: system.cpu: T0 : 0x80002b20 @__syscall_ret+16    : orw                        : No_OpClass : 
5696000: system.cpu: T0 : 0x80002b24 @__syscall_ret+20    : orw                        : No_OpClass : 
5697000: system.cpu: T0 : 0x80002b28 @__syscall_ret+24    : cmpu                       : No_OpClass : 
5698000: system.cpu: T0 : 0x80002b2c @__syscall_ret+28    : brn                        : No_OpClass : 
5699000: system.cpu: T0 : 0x80002b50 @__syscall_ret+64    : addi                       : No_OpClass : 
5700000: system.cpu: T0 : 0x80002b54 @__syscall_ret+68    : ld                         : MemRead :  A=0x7fffffffde48
5701000: system.cpu: T0 : 0x80002b58 @__syscall_ret+72    : addi.rb                    : No_OpClass : 
5702000: system.cpu: T0 : 0x80002b5c @__syscall_ret+76    : ret                        : No_OpClass : 
5703000: system.cpu: T0 : 0x80002b94 @munmap+48    : ld                         : MemRead :  A=0x7fffffffde58
5704000: system.cpu: T0 : 0x80002b98 @munmap+52    : addi.rb                    : No_OpClass : 
5705000: system.cpu: T0 : 0x80002b9c @munmap+56    : ret                        : No_OpClass : 
5706000: system.cpu: T0 : 0x800017b4 @__libc_free+936    : ld                         : MemRead :  A=0x7fffffffde60
5707000: system.cpu: T0 : 0x800017b8 @__libc_free+940    : ld                         : MemRead :  A=0x7fffffffde94
5708000: system.cpu: T0 : 0x800017bc @__libc_free+944    : st                         : MemWrite :  A=0x7fffffffde68
5709000: system.cpu: T0 : 0x800017c0 @__libc_free+948    : call                       : No_OpClass : 
5710000: system.cpu: T0 : 0x80002ad4 @__errno_location    : call                       : No_OpClass : 
5711000: system.cpu: T0 : 0x80002ae8 @__get_tp    : blockcopy                  : No_OpClass : 
5712000: system.cpu: T0 : 0x80002aec @__get_tp+4    : ret                        : No_OpClass : 
5713000: system.cpu: T0 : 0x80002ad8 @__errno_location+4    : addi                       : No_OpClass : 
5714000: system.cpu: T0 : 0x80002adc @__errno_location+8    : add                        : No_OpClass : 
5715000: system.cpu: T0 : 0x80002ae0 @__errno_location+12    : blockcopy                  : No_OpClass : 
5716000: system.cpu: T0 : 0x80002ae4 @__errno_location+16    : ret                        : No_OpClass : 
5717000: system.cpu: T0 : 0x800017c4 @__libc_free+952    : ld                         : MemRead :  A=0x7fffffffde68
5718000: system.cpu: T0 : 0x800017c8 @__libc_free+956    : blockcopy                  : No_OpClass : 
5719000: system.cpu: T0 : 0x800017cc @__libc_free+960    : blockcopy                  : No_OpClass : 
5720000: system.cpu: T0 : 0x800017d0 @__libc_free+964    : st                         : MemWrite :  A=0x80008074
5721000: system.cpu: T0 : 0x800017d4 @__libc_free+968    : jump 0                     : No_OpClass : 
5722000: system.cpu: T0 : 0x800017d8 @__libc_free+972    : addi.rb                    : No_OpClass : 
5723000: system.cpu: T0 : 0x800017dc @__libc_free+976    : ret                        : No_OpClass : 
5724000: system.cpu: T0 : 0x80001408 @free+4    : ret                        : No_OpClass : 
5725000: system.cpu: T0 : 0x80000204 @main+244    : rela                       : No_OpClass : 
5726000: system.cpu: T0 : 0x80000208 @main+248    : addi.rb                    : No_OpClass : 
5727000: system.cpu: T0 : 0x8000020c @main+252    : ld                         : MemRead :  A=0x80008008
5728000: system.cpu: T0 : 0x80000210 @main+256    : setzw                      : No_OpClass : 
5729000: system.cpu: T0 : 0x80000214 @main+260    : orw                        : No_OpClass : 
5730000: system.cpu: T0 : 0x80000218 @main+264    : breq                       : No_OpClass : 
5731000: system.cpu: T0 : 0x80000230 @main+288    : rela                       : No_OpClass : 
5732000: system.cpu: T0 : 0x80000234 @main+292    : addi.rb                    : No_OpClass : 
5733000: system.cpu: T0 : 0x80000238 @main+296    : setzw                      : No_OpClass : 
5734000: system.cpu: T0 : 0x8000023c @main+300    : orw                        : No_OpClass : 
5735000: system.cpu: T0 : 0x80000240 @main+304    : st                         : MemWrite :  A=0x80008008
5736000: system.cpu: T0 : 0x80000244 @main+308    : ld                         : MemRead :  A=0x80008008
5737000: system.cpu: T0 : 0x80000248 @main+312    : breq                       : No_OpClass : 
5738000: system.cpu: T0 : 0x80000260 @main+336    : addi.rb                    : No_OpClass : 
5739000: system.cpu: T0 : 0x80000264 @main+340    : addi                       : No_OpClass : 
5740000: system.cpu: T0 : 0x80000268 @main+344    : st                         : MemWrite :  A=0x7fffffffdf1c
5741000: system.cpu: T0 : 0x8000026c @main+348    : jump 0                     : No_OpClass : 
5742000: system.cpu: T0 : 0x80000270 @main+352    : addi.rb                    : No_OpClass : 
5743000: system.cpu: T0 : 0x80000274 @main+356    : ld                         : MemRead :  A=0x7fffffffdf1c
5744000: system.cpu: T0 : 0x80000278 @main+360    : addi.rb                    : No_OpClass : 
5745000: system.cpu: T0 : 0x8000027c @main+364    : ret                        : No_OpClass : 
5746000: system.cpu: T0 : 0x800007a8 @libc_start_main_stage2+84    : addi                       : No_OpClass : 
5747000: system.cpu: T0 : 0x800007ac @libc_start_main_stage2+88    : call                       : No_OpClass : 
5748000: system.cpu: T0 : 0x80000df0 @exit    : addi.rb                    : No_OpClass : 
5749000: system.cpu: T0 : 0x80000df4 @exit+4    : st                         : MemWrite :  A=0x7fffffffdf18
5750000: system.cpu: T0 : 0x80000df8 @exit+8    : addi                       : No_OpClass : 
5751000: system.cpu: T0 : 0x80000dfc @exit+12    : call                       : No_OpClass : 
5752000: system.cpu: T0 : 0x80000d74 @__stdio_exit    : ret                        : No_OpClass : 
5753000: system.cpu: T0 : 0x80000e00 @exit+16    : call                       : No_OpClass : 
5754000: system.cpu: T0 : 0x80000d78 @__libc_exit_fini    : addi.rb                    : No_OpClass : 
5755000: system.cpu: T0 : 0x80000d7c @__libc_exit_fini+4    : st                         : MemWrite :  A=0x7fffffffdf10
5756000: system.cpu: T0 : 0x80000d80 @__libc_exit_fini+8    : rela                       : No_OpClass : 
5757000: system.cpu: T0 : 0x80000d84 @__libc_exit_fini+12    : addi.rb                    : No_OpClass : 
5758000: system.cpu: T0 : 0x80000d88 @__libc_exit_fini+16    : rela                       : No_OpClass : 
5759000: system.cpu: T0 : 0x80000d8c @__libc_exit_fini+20    : addi.rb                    : No_OpClass : 
5760000: system.cpu: T0 : 0x80000d90 @__libc_exit_fini+24    : blockcopy                  : No_OpClass : 
5761000: system.cpu: T0 : 0x80000d94 @__libc_exit_fini+28    : blockcopy                  : No_OpClass : 
5762000: system.cpu: T0 : 0x80000d98 @__libc_exit_fini+32    : cmpu                       : No_OpClass : 
5763000: system.cpu: T0 : 0x80000d9c @__libc_exit_fini+36    : brnp                       : No_OpClass : 
5764000: system.cpu: T0 : 0x80000de0 @__libc_exit_fini+104    : call                       : No_OpClass : 
5765000: system.cpu: T0 : 0x80000d74 @__stdio_exit    : ret                        : No_OpClass : 
5766000: system.cpu: T0 : 0x80000de4 @__libc_exit_fini+108    : ld                         : MemRead :  A=0x7fffffffdf10
5767000: system.cpu: T0 : 0x80000de8 @__libc_exit_fini+112    : addi.rb                    : No_OpClass : 
5768000: system.cpu: T0 : 0x80000dec @__libc_exit_fini+116    : ret                        : No_OpClass : 
5769000: system.cpu: T0 : 0x80000e04 @exit+20    : call                       : No_OpClass : 
5770000: system.cpu: T0 : 0x80000d74 @__stdio_exit    : ret                        : No_OpClass : 
5771000: system.cpu: T0 : 0x80000e08 @exit+24    : addi                       : No_OpClass : 
5772000: system.cpu: T0 : 0x80000e0c @exit+28    : call                       : No_OpClass : 
5773000: system.cpu: T0 : 0x80000e10 @_Exit    : exts                       : No_OpClass : 
5774000: system.cpu: T0 : 0x80000e14 @_Exit+4    : addi                       : No_OpClass : 
5775000: system.cpu: T0 : 0x80000e18 @_Exit+8    : trap                       : No_OpClass : 
